datetime,timestamp,open,high,low,close,volume
2025-06-12 21:00:00,1749762000000,106026.21,106483.89,105901.96,105941.7,213.80287459
2025-06-12 22:00:00,1749765600000,105939.96,106293.87,105766.0,105935.72,234.70032649
2025-06-12 23:00:00,1749769200000,105935.59,106197.45,105706.78,105721.05,201.56990977
2025-06-13 00:00:00,1749772800000,105716.45,105741.54,103270.54,103859.25,1042.8941332
2025-06-13 01:00:00,1749776400000,103859.25,103959.3,102746.01,103864.3,702.70438161
2025-06-13 02:00:00,1749780000000,103860.08,104050.56,103132.22,103707.88,502.22163814
2025-06-13 03:00:00,1749783600000,103707.87,104701.73,103674.54,104372.23,346.81072763
2025-06-13 04:00:00,1749787200000,104363.01,104592.54,103846.74,104483.43,203.56023977
2025-06-13 05:00:00,1749790800000,104477.61,104539.41,104070.7,104080.2,137.61660553
2025-06-13 06:00:00,1749794400000,104080.17,104800.0,103900.8,104781.66,189.16237714
2025-06-13 07:00:00,1749798000000,104781.66,105000.0,104429.28,104946.46,226.76386532
2025-06-13 08:00:00,1749801600000,104946.47,105500.0,104731.79,104782.69,244.89807023
2025-06-13 09:00:00,1749805200000,104782.24,104986.97,104545.55,104887.74,158.62693466
2025-06-13 10:00:00,1749808800000,104887.71,104979.5,104471.03,104925.48,156.29865497
2025-06-13 11:00:00,1749812400000,104930.93,105116.99,104690.03,105099.63,144.49187708
2025-06-13 12:00:00,1749816000000,105099.63,105358.16,104880.0,104914.44,171.07824926
2025-06-13 13:00:00,1749819600000,104914.45,105373.53,104719.01,104790.71,365.03245574
2025-06-13 14:00:00,1749823200000,104796.86,105067.4,104150.0,105015.03,375.23976601
2025-06-13 15:00:00,1749826800000,105017.27,105825.22,104907.5,105503.6,695.92624556
2025-06-13 16:00:00,1749830400000,105503.6,106041.61,105353.73,105851.59,391.30332932
2025-06-13 17:00:00,1749834000000,105851.59,105851.59,104932.12,105443.1,260.80842829
2025-06-13 18:00:00,1749837600000,105443.09,105550.64,104699.57,105236.87,378.38062115
2025-06-13 19:00:00,1749841200000,105240.81,105500.0,104942.28,105153.75,219.6500262
2025-06-13 20:00:00,1749844800000,105164.62,105569.28,105055.36,105480.93,195.86684528
2025-06-13 21:00:00,1749848400000,105480.92,105848.85,105371.61,105669.7,101.67024475
2025-06-13 22:00:00,1749852000000,105669.68,105911.03,105594.05,105805.36,106.97547638
2025-06-13 23:00:00,1749855600000,105805.36,106233.0,105805.36,106118.7,123.54346591
2025-06-14 00:00:00,1749859200000,106114.53,106264.36,105733.07,105860.44,257.279268
2025-06-14 01:00:00,1749862800000,105860.12,105860.12,105481.69,105520.65,101.43743399
2025-06-14 02:00:00,1749866400000,105520.94,105676.05,105373.01,105442.14,45.78827887
2025-06-14 03:00:00,1749870000000,105442.14,105516.01,105251.34,105296.44,40.76293822
2025-06-14 04:00:00,1749873600000,105296.44,105475.47,105269.12,105425.45,59.96031904
2025-06-14 05:00:00,1749877200000,105425.46,105471.93,105300.33,105342.51,46.2396908
2025-06-14 06:00:00,1749880800000,105342.5,105394.92,105157.55,105157.55,58.42811447
2025-06-14 07:00:00,1749884400000,105155.89,105200.89,104836.25,105126.03,77.51933537
2025-06-14 08:00:00,1749888000000,105126.03,105194.28,104914.98,105154.95,23.63858461
2025-06-14 09:00:00,1749891600000,105156.18,105181.87,104894.75,104918.82,42.53584839
2025-06-14 10:00:00,1749895200000,104918.81,105173.68,104875.43,105054.4,65.78470169
2025-06-14 11:00:00,1749898800000,105054.4,105157.94,104998.0,105130.39,84.09402411
2025-06-14 12:00:00,1749902400000,105130.38,105154.13,104788.0,105099.3,98.72920986
2025-06-14 13:00:00,1749906000000,105099.31,105186.06,104945.22,105074.09,49.94786111
2025-06-14 14:00:00,1749909600000,105074.09,105125.8,104891.36,104973.96,48.45173241
2025-06-14 15:00:00,1749913200000,104973.95,105043.49,104680.39,104889.39,94.44465749
2025-06-14 16:00:00,1749916800000,104889.39,104966.07,104410.29,104500.9,150.4338623
2025-06-14 17:00:00,1749920400000,104500.88,104778.89,104444.0,104660.81,72.08003839
2025-06-14 18:00:00,1749924000000,104660.81,105037.3,104377.14,104938.41,301.2894074
2025-06-14 19:00:00,1749927600000,104938.41,105096.07,104690.83,104706.36,112.01574562
2025-06-14 20:00:00,1749931200000,104706.35,105048.21,104351.72,104944.7,137.91957624
2025-06-14 21:00:00,1749934800000,104944.69,105523.1,104899.23,105382.68,158.20541309
2025-06-14 22:00:00,1749938400000,105382.17,105545.42,105333.01,105477.75,79.77962025
2025-06-14 23:00:00,1749942000000,105477.75,105536.65,105393.92,105465.42,49.72136351
2025-06-15 00:00:00,1749945600000,105465.42,105728.48,105296.28,105695.89,79.72567713
2025-06-15 01:00:00,1749949200000,105695.89,105747.02,105423.52,105474.35,64.49765363
2025-06-15 02:00:00,1749952800000,105474.35,105688.82,105468.64,105527.78,42.59449688
2025-06-15 03:00:00,1749956400000,105527.79,105638.4,105512.78,105534.24,24.1769311
2025-06-15 04:00:00,1749960000000,105534.24,105629.08,105531.17,105620.25,29.91829056
2025-06-15 05:00:00,1749963600000,105620.25,106150.99,105547.26,106115.74,65.26010342
2025-06-15 06:00:00,1749967200000,106126.56,106184.13,105469.75,105493.9,62.36600165
2025-06-15 07:00:00,1749970800000,105493.9,105515.15,105254.85,105470.67,40.69983189
2025-06-15 08:00:00,1749974400000,105465.85,105533.06,105173.71,105236.83,37.56079019
2025-06-15 09:00:00,1749978000000,105236.83,105236.83,104900.02,104963.99,63.32258866
2025-06-15 10:00:00,1749981600000,104963.99,105235.76,104955.92,105153.21,31.93084818
2025-06-15 11:00:00,1749985200000,105153.21,105210.58,104936.25,105011.89,46.01301429
2025-06-15 12:00:00,1749988800000,105011.89,105341.94,104980.41,105329.32,70.98512414
2025-06-15 13:00:00,1749992400000,105329.32,105693.79,105257.21,105565.67,99.69604158
2025-06-15 14:00:00,1749996000000,105565.68,105896.75,105335.88,105685.71,94.31975088
2025-06-15 15:00:00,1749999600000,105685.73,105848.34,105560.0,105597.85,54.96896556
2025-06-15 16:00:00,1750003200000,105597.86,105720.55,105355.31,105605.84,73.97835265
2025-06-15 17:00:00,1750006800000,105605.83,105818.46,105500.0,105719.55,79.30925362
2025-06-15 18:00:00,1750010400000,105719.5,105728.8,105492.03,105513.59,66.82176883
2025-06-15 19:00:00,1750014000000,105513.56,105611.91,105103.16,105333.91,106.04243895
2025-06-15 20:00:00,1750017600000,105333.93,105333.93,104615.66,104762.86,128.37000255
2025-06-15 21:00:00,1750021200000,104762.85,104861.08,104505.05,104814.61,113.25065809
2025-06-15 22:00:00,1750024800000,104814.6,105393.0,104751.35,105284.87,170.13737628
2025-06-15 23:00:00,1750028400000,105284.87,105641.29,105230.07,105599.25,76.86349156
2025-06-16 00:00:00,1750032000000,105600.21,105796.91,105362.31,105448.09,127.98630505
2025-06-16 01:00:00,1750035600000,105442.18,105914.28,104982.26,105824.33,198.27984678
2025-06-16 02:00:00,1750039200000,105824.32,105999.0,105691.06,105803.1,115.75586505
2025-06-16 03:00:00,1750042800000,105803.09,105999.0,105722.77,105935.25,78.91615688
2025-06-16 04:00:00,1750046400000,105940.18,106457.31,105886.3,106426.95,164.61739202
2025-06-16 05:00:00,1750050000000,106429.68,106821.98,106332.98,106597.74,132.68580784
2025-06-16 06:00:00,1750053600000,106597.74,106798.85,106525.01,106599.38,105.95815209
2025-06-16 07:00:00,1750057200000,106599.62,107299.99,106599.62,107080.07,197.58109611
2025-06-16 08:00:00,1750060800000,107080.07,107257.62,106957.22,107197.94,86.9355933
2025-06-16 09:00:00,1750064400000,107197.94,107269.22,106895.03,106972.99,110.10761065
2025-06-16 10:00:00,1750068000000,106976.42,107234.54,106750.0,106849.0,97.63692925
2025-06-16 11:00:00,1750071600000,106856.72,106983.37,106577.52,106900.0,114.8117165
2025-06-16 12:00:00,1750075200000,106900.0,106917.73,106600.01,106697.02,82.29412122
2025-06-16 13:00:00,1750078800000,106697.01,107213.28,106506.75,107194.33,329.44912023
2025-06-16 14:00:00,1750082400000,107180.95,107868.12,106800.99,107574.63,745.60660541
2025-06-16 15:00:00,1750086000000,107574.63,107762.74,107337.01,107478.21,323.0359275
2025-06-16 16:00:00,1750089600000,107479.94,107955.0,107347.82,107816.53,311.59697009
2025-06-16 17:00:00,1750093200000,107816.53,108074.44,107657.93,107790.18,296.68609036
2025-06-16 18:00:00,1750096800000,107790.17,108338.94,107724.06,108313.05,271.34632645
2025-06-16 19:00:00,1750100400000,108313.04,108952.21,108313.04,108699.51,756.23359683
2025-06-16 20:00:00,1750104000000,108699.54,108900.0,108449.79,108845.46,339.65165313
2025-06-16 21:00:00,1750107600000,108840.72,108887.33,108367.6,108563.94,171.86294563
2025-06-16 22:00:00,1750111200000,108563.95,109000.0,107467.49,107735.9,472.60406942
2025-06-16 23:00:00,1750114800000,107737.66,108045.0,106738.56,106853.38,321.34379562
2025-06-17 00:00:00,1750118400000,106853.38,107318.96,106147.24,107273.22,519.21329834
2025-06-17 01:00:00,1750122000000,107273.22,107458.24,106967.63,107232.37,149.6047033
2025-06-17 02:00:00,1750125600000,107232.37,107626.02,106600.36,107517.68,168.80000144
2025-06-17 03:00:00,1750129200000,107517.69,107792.9,107391.45,107630.24,129.84819682
2025-06-17 04:00:00,1750132800000,107630.25,107764.13,107333.35,107362.47,86.02713287
2025-06-17 05:00:00,1750136400000,107361.57,107438.64,107066.0,107150.71,83.85353828
2025-06-17 06:00:00,1750140000000,107150.68,107274.04,106744.01,106868.23,128.13165699
2025-06-17 07:00:00,1750143600000,106869.9,106910.74,106501.0,106792.45,108.469901
2025-06-17 08:00:00,1750147200000,106792.45,106862.77,106518.08,106586.8,94.4189887
2025-06-17 09:00:00,1750150800000,106592.24,106719.83,106081.16,106188.35,170.328884
2025-06-17 10:00:00,1750154400000,106188.35,106281.32,105763.36,105970.34,181.46670331
2025-06-17 11:00:00,1750158000000,105970.33,105983.67,105515.89,105659.83,157.5092051
2025-06-17 12:00:00,1750161600000,105659.35,105887.83,105454.59,105540.7,166.51073547
2025-06-17 13:00:00,1750165200000,105540.7,105794.13,105208.38,105373.47,298.76000241
2025-06-17 14:00:00,1750168800000,105373.31,105724.72,104783.25,104861.0,467.76248562
2025-06-17 15:00:00,1750172400000,104861.0,104986.45,104133.12,104246.81,779.46914687
2025-06-17 16:00:00,1750176000000,104250.0,104505.31,103500.0,103643.33,892.39557858
2025-06-17 17:00:00,1750179600000,103643.32,104266.67,103363.3,103822.11,706.94050093
2025-06-17 18:00:00,1750183200000,103822.16,104452.0,103625.17,104448.32,375.15618353
2025-06-17 19:00:00,1750186800000,104441.64,105377.0,104433.12,104705.02,1317.3103646
2025-06-17 20:00:00,1750190400000,104705.02,104926.69,104266.12,104388.35,219.16669585
2025-06-17 21:00:00,1750194000000,104388.35,104866.04,104279.71,104591.9,199.54457126
2025-06-17 22:00:00,1750197600000,104586.01,104773.8,104222.06,104253.55,180.64663112
2025-06-17 23:00:00,1750201200000,104253.55,104758.25,104236.76,104590.44,107.61131804
2025-06-18 00:00:00,1750204800000,104590.44,104889.94,104389.78,104856.06,122.78373596
2025-06-18 01:00:00,1750208400000,104853.71,105221.11,104701.88,104817.94,156.2055723
2025-06-18 02:00:00,1750212000000,104817.94,105120.0,104710.38,104872.56,117.99647319
2025-06-18 03:00:00,1750215600000,104872.57,105279.5,104862.88,105207.65,94.98642722
2025-06-18 04:00:00,1750219200000,105206.53,105541.07,105077.53,105479.87,87.62888791
2025-06-18 05:00:00,1750222800000,105479.85,105603.63,105400.76,105437.95,62.81098721
2025-06-18 06:00:00,1750226400000,105438.52,105564.01,104914.33,104990.27,92.8184285
2025-06-18 07:00:00,1750230000000,104990.27,105035.9,104731.26,104996.51,74.10120502
2025-06-18 08:00:00,1750233600000,104996.5,105336.17,104749.75,104977.93,85.60117792
2025-06-18 09:00:00,1750237200000,104982.22,105159.7,104585.56,104707.41,98.49061359
2025-06-18 10:00:00,1750240800000,104707.42,104829.36,104191.62,104288.91,178.46662272
2025-06-18 11:00:00,1750244400000,104284.0,104887.76,104205.54,104858.58,142.64456159
2025-06-18 12:00:00,1750248000000,104858.58,104932.84,104500.0,104539.48,117.84315297
2025-06-18 13:00:00,1750251600000,104534.02,104579.95,103837.75,104460.85,346.89943149
2025-06-18 14:00:00,1750255200000,104460.86,105348.75,104233.5,104646.82,358.65862936
2025-06-18 15:00:00,1750258800000,104646.82,105014.67,104161.37,104823.0,269.08380409
2025-06-18 16:00:00,1750262400000,104823.25,104876.98,104366.46,104446.91,149.89159488
2025-06-18 17:00:00,1750266000000,104446.92,104540.93,103627.0,104366.33,330.57581835
2025-06-18 18:00:00,1750269600000,104356.73,104732.42,103591.08,103641.86,399.06583191
2025-06-18 19:00:00,1750273200000,103641.85,104475.67,103512.38,103818.67,598.65887569
2025-06-18 20:00:00,1750276800000,103818.67,105042.08,103645.68,104840.57,421.42391881
2025-06-18 21:00:00,1750280400000,104840.58,105179.99,104391.81,105116.71,295.58695493
2025-06-18 22:00:00,1750284000000,105115.93,105183.0,104823.33,104855.27,190.62049259
2025-06-18 23:00:00,1750287600000,104853.65,105005.0,104656.4,104915.6,125.30062924
2025-06-19 00:00:00,1750291200000,104915.6,105266.61,104705.43,104995.97,131.83721973
2025-06-19 01:00:00,1750294800000,104995.97,105013.42,104496.36,104649.11,157.18135273
2025-06-19 02:00:00,1750298400000,104649.12,105070.74,104490.77,104742.32,201.03985097
2025-06-19 03:00:00,1750302000000,104742.31,105138.04,104742.31,105129.91,81.55355069
2025-06-19 04:00:00,1750305600000,105129.91,105137.48,104816.94,105109.79,95.54455172
2025-06-19 05:00:00,1750309200000,105108.62,105247.99,104850.34,104919.13,72.29029611
2025-06-19 06:00:00,1750312800000,104919.14,105011.06,104643.73,104733.6,41.71962778
2025-06-19 07:00:00,1750316400000,104733.61,104892.46,104636.53,104662.53,41.00761812
2025-06-19 08:00:00,1750320000000,104662.53,105016.0,104648.35,104761.56,40.88693329
2025-06-19 09:00:00,1750323600000,104758.09,105053.64,104741.63,105025.78,49.32587286
2025-06-19 10:00:00,1750327200000,105011.45,105100.0,104867.77,104941.84,43.82500326
2025-06-19 11:00:00,1750330800000,104941.85,104942.75,104750.0,104802.4,33.46167067
2025-06-19 12:00:00,1750334400000,104802.39,104946.45,104689.06,104775.18,83.67011625
2025-06-19 13:00:00,1750338000000,104775.19,104822.79,104261.8,104304.63,105.88034442
2025-06-19 14:00:00,1750341600000,104304.62,104711.11,104121.84,104171.72,143.38616184
2025-06-19 15:00:00,1750345200000,104174.55,104489.58,104100.0,104127.74,183.31006533
2025-06-19 16:00:00,1750348800000,104127.73,104459.5,103949.28,104033.85,122.10405678
2025-06-19 17:00:00,1750352400000,104029.62,104861.57,103916.37,104535.56,148.67650666
2025-06-19 18:00:00,1750356000000,104538.64,104734.49,104311.3,104409.99,96.07526534
2025-06-19 19:00:00,1750359600000,104410.0,104499.18,104138.95,104269.56,98.81198012
2025-06-19 20:00:00,1750363200000,104275.19,104538.61,104161.98,104300.81,67.43859001
2025-06-19 21:00:00,1750366800000,104294.27,104449.27,104236.47,104349.62,66.44229611
2025-06-19 22:00:00,1750370400000,104351.01,104800.0,104351.01,104620.34,92.43270971
2025-06-19 23:00:00,1750374000000,104617.7,104919.39,104480.78,104671.9,81.15677957
2025-06-20 00:00:00,1750377600000,104671.4,104857.11,104583.95,104715.34,64.7493371
2025-06-20 01:00:00,1750381200000,104720.22,104822.01,104406.53,104807.97,59.14767793
2025-06-20 02:00:00,1750384800000,104807.97,104830.0,104516.13,104654.78,61.38928428
2025-06-20 03:00:00,1750388400000,104654.76,104728.48,104516.44,104618.04,56.36427106
2025-06-20 04:00:00,1750392000000,104618.05,104638.27,104250.0,104275.83,67.64881058
2025-06-20 05:00:00,1750395600000,104275.83,104617.9,104271.15,104617.65,58.66968775
2025-06-20 06:00:00,1750399200000,104617.65,104789.52,104617.65,104743.49,51.65633723
2025-06-20 07:00:00,1750402800000,104743.49,105848.76,104656.2,105837.99,255.70220942
2025-06-20 08:00:00,1750406400000,105837.99,106553.86,105810.13,105980.34,377.71632971
2025-06-20 09:00:00,1750410000000,105980.37,106106.08,105770.75,105961.74,90.69300061
2025-06-20 10:00:00,1750413600000,105957.65,106200.0,105842.74,105978.82,73.56344708
2025-06-20 11:00:00,1750417200000,105978.81,106100.0,105820.47,106001.7,99.71225191
2025-06-20 12:00:00,1750420800000,106001.71,106130.99,105879.9,105994.06,123.80062205
2025-06-20 13:00:00,1750424400000,106001.43,106167.9,105388.89,105686.0,290.23785193
2025-06-20 14:00:00,1750428000000,105682.03,105822.82,103864.03,103928.42,454.53877298
2025-06-20 15:00:00,1750431600000,103929.88,104650.13,103890.21,104244.14,320.01227707
2025-06-20 16:00:00,1750435200000,104244.15,104289.97,103631.71,103692.21,246.8281375
2025-06-20 17:00:00,1750438800000,103682.18,103785.18,102357.25,103283.32,925.38875439
2025-06-20 18:00:00,1750442400000,103283.32,103455.28,103050.0,103197.42,335.98646298
2025-06-20 19:00:00,1750446000000,103196.06,103524.99,103003.24,103326.33,477.51179633
2025-06-20 20:00:00,1750449600000,103326.33,103843.48,103304.47,103721.31,168.91726186
2025-06-20 21:00:00,1750453200000,103721.36,103756.62,103363.16,103547.81,94.21372308
2025-06-20 22:00:00,1750456800000,103547.81,103553.92,102994.52,103127.23,202.32455971
2025-06-20 23:00:00,1750460400000,103127.22,103359.99,102980.0,103317.8,90.86339722
2025-06-21 00:00:00,1750464000000,103317.79,103366.66,103133.91,103280.05,74.30340993
2025-06-21 01:00:00,1750467600000,103280.04,103550.78,103163.95,103546.9,69.45606044
2025-06-21 02:00:00,1750471200000,103550.77,103569.77,103394.16,103528.67,45.17287333
2025-06-21 03:00:00,1750474800000,103528.67,103722.23,103512.47,103515.31,61.82516145
2025-06-21 04:00:00,1750478400000,103514.96,103556.56,103354.0,103414.89,51.15751534
2025-06-21 05:00:00,1750482000000,103414.87,103523.24,103370.98,103451.68,28.00473604
2025-06-21 06:00:00,1750485600000,103456.22,103637.07,103345.47,103603.89,53.90526425
2025-06-21 07:00:00,1750489200000,103603.88,103609.71,103394.24,103475.28,24.47728617
2025-06-21 08:00:00,1750492800000,103475.27,103850.65,103475.27,103836.14,43.29616301
2025-06-21 09:00:00,1750496400000,103836.14,103978.93,103678.92,103870.29,56.22865704
2025-06-21 10:00:00,1750500000000,103866.35,104013.64,103790.65,103861.26,42.48958042
2025-06-21 11:00:00,1750503600000,103861.26,103950.95,103750.01,103897.18,39.33852835
2025-06-21 12:00:00,1750507200000,103897.18,103968.39,103767.24,103826.04,67.66369892
2025-06-21 13:00:00,1750510800000,103826.05,103900.27,103562.7,103595.86,130.84844358
2025-06-21 14:00:00,1750514400000,103595.87,103799.99,103411.37,103584.37,114.7688817
2025-06-21 15:00:00,1750518000000,103584.37,103717.61,103307.32,103587.05,105.8234163
2025-06-21 16:00:00,1750521600000,103587.05,103686.64,103462.51,103512.74,91.91898974
2025-06-21 17:00:00,1750525200000,103512.11,103632.93,103172.32,103209.11,79.66129683
2025-06-21 18:00:00,1750528800000,103209.11,103461.51,102625.0,102684.2,197.30971624
2025-06-21 19:00:00,1750532400000,102684.19,102786.48,102217.08,102272.72,278.42914593
2025-06-21 20:00:00,1750536000000,102267.48,102913.52,102219.1,102795.05,355.93934
2025-06-21 21:00:00,1750539600000,102794.98,102856.23,101126.0,101479.07,586.53222985
2025-06-21 22:00:00,1750543200000,101479.07,102034.33,101447.53,101810.83,245.00204203
2025-06-21 23:00:00,1750546800000,101810.08,102335.29,100919.19,102160.03,443.960838
2025-06-22 00:00:00,1750550400000,102160.36,103417.0,101870.48,102908.7,521.95283811
2025-06-22 01:00:00,1750554000000,102898.38,103052.57,102261.29,102433.19,252.39134143
2025-06-22 02:00:00,1750557600000,102429.26,102935.07,101916.42,102381.14,337.87747444
2025-06-22 03:00:00,1750561200000,102381.13,102653.01,102161.34,102416.01,129.18082914
2025-06-22 04:00:00,1750564800000,102416.01,102825.36,102289.93,102582.11,74.61548259
2025-06-22 05:00:00,1750568400000,102582.1,102966.95,102582.1,102890.06,73.19336695
2025-06-22 06:00:00,1750572000000,102887.35,102990.17,102728.23,102782.97,78.3387158
2025-06-22 07:00:00,1750575600000,102782.98,102805.14,102300.01,102468.55,89.16172271
2025-06-22 08:00:00,1750579200000,102465.65,102743.94,102338.03,102741.71,51.89663959
2025-06-22 09:00:00,1750582800000,102741.4,102840.0,102111.8,102232.26,86.34031716
2025-06-22 10:00:00,1750586400000,102232.82,102573.96,102179.75,102525.15,54.24077365
2025-06-22 11:00:00,1750590000000,102525.15,102800.32,102457.65,102765.41,70.95380533
2025-06-22 12:00:00,1750593600000,102765.4,102859.11,102591.09,102779.22,97.29374153
2025-06-22 13:00:00,1750597200000,102779.21,102840.0,100312.1,100883.33,606.35548025
2025-06-22 14:00:00,1750600800000,100879.85,101270.22,99100.01,99660.81,1384.76687628
2025-06-22 15:00:00,1750604400000,99660.81,99847.38,98948.54,98950.3,677.34708676
2025-06-22 16:00:00,1750608000000,98948.54,99725.0,98700.01,99698.88,755.79868863
2025-06-22 17:00:00,1750611600000,99700.98,100400.74,99450.0,99521.3,390.15618668
2025-06-22 18:00:00,1750615200000,99521.3,99823.5,99379.0,99463.75,197.39689444
2025-06-22 19:00:00,1750618800000,99463.75,99492.3,98825.46,98914.74,245.84889759
2025-06-22 20:00:00,1750622400000,98914.75,99791.35,98225.01,99566.57,506.66140109
2025-06-22 21:00:00,1750626000000,99570.29,99698.6,99039.29,99214.23,214.30128089
2025-06-22 22:00:00,1750629600000,99212.39,101016.54,99153.84,101016.54,688.57830868
2025-06-22 23:00:00,1750633200000,101016.54,101086.49,100684.93,100996.87,287.61059474
2025-06-23 00:00:00,1750636800000,100996.87,101682.99,100522.05,100959.18,309.68191456
2025-06-23 01:00:00,1750640400000,100959.18,101155.12,100588.66,101150.06,212.21990303
2025-06-23 02:00:00,1750644000000,101142.61,101431.81,100958.03,101326.54,166.79267794
2025-06-23 03:00:00,1750647600000,101326.53,101407.85,101111.58,101200.0,106.53973916
2025-06-23 04:00:00,1750651200000,101199.99,101363.67,101020.2,101215.05,105.92827769
2025-06-23 05:00:00,1750654800000,101220.21,101885.91,101220.2,101804.66,165.67769985
2025-06-23 06:00:00,1750658400000,101805.41,102111.2,101674.93,101977.08,185.50293265
2025-06-23 07:00:00,1750662000000,101982.51,102177.39,101786.47,101976.06,137.17447454
2025-06-23 08:00:00,1750665600000,101976.06,102118.65,101781.89,101903.31,97.58029065
2025-06-23 09:00:00,1750669200000,101903.31,101917.33,101420.43,101594.96,189.69616958
2025-06-23 10:00:00,1750672800000,101594.97,101624.76,101235.46,101499.77,101.78956899
2025-06-23 11:00:00,1750676400000,101499.88,101611.96,101140.81,101328.51,243.15378599
2025-06-23 12:00:00,1750680000000,101328.54,101727.27,101144.35,101717.62,180.64452049
2025-06-23 13:00:00,1750683600000,101714.14,102521.28,100835.89,102398.63,575.31130894
2025-06-23 14:00:00,1750687200000,102407.01,102662.55,101548.0,101679.47,593.36128695
2025-06-23 15:00:00,1750690800000,101679.48,102109.52,101351.27,101479.84,293.6301325
2025-06-23 16:00:00,1750694400000,101479.84,101509.81,99677.07,100743.4,972.40031481
2025-06-23 17:00:00,1750698000000,100743.41,102764.45,100528.82,102553.58,703.95264519
2025-06-23 18:00:00,1750701600000,102553.58,103377.99,102450.54,103004.67,711.83114038
2025-06-23 19:00:00,1750705200000,103010.25,103420.0,102731.69,103243.85,376.56761995
2025-06-23 20:00:00,1750708800000,103245.73,103994.99,102943.24,103801.43,422.05300567
2025-06-23 21:00:00,1750712400000,103801.44,104293.28,103703.36,103762.97,383.95499684
2025-06-23 22:00:00,1750716000000,103763.02,106135.47,103763.0,105631.9,1327.43887769
2025-06-23 23:00:00,1750719600000,105629.69,105770.66,105186.92,105419.39,347.98348193
2025-06-24 00:00:00,1750723200000,105418.4,105586.21,104972.5,105207.66,216.46230655
2025-06-24 01:00:00,1750726800000,105206.89,105575.59,105038.74,105526.17,266.09202038
2025-06-24 02:00:00,1750730400000,105521.23,105521.23,104797.52,104841.98,197.69645727
2025-06-24 03:00:00,1750734000000,104841.97,105208.29,104772.91,104996.12,119.39333618
2025-06-24 04:00:00,1750737600000,104993.13,105041.34,104773.8,104898.61,115.89288082
2025-06-24 05:00:00,1750741200000,104898.61,105503.38,104898.61,105477.4,331.53000436
2025-06-24 06:00:00,1750744800000,105477.4,105916.27,105312.11,105738.63,248.77193907
2025-06-24 07:00:00,1750748400000,105738.62,105859.84,104949.01,104997.25,309.01891265
2025-06-24 08:00:00,1750752000000,104994.68,105247.35,104681.83,105079.95,406.2892974
2025-06-24 09:00:00,1750755600000,105079.95,105650.79,105035.01,105273.31,91.70518259
2025-06-24 10:00:00,1750759200000,105273.31,105432.6,105137.98,105339.02,67.2677409
2025-06-24 11:00:00,1750762800000,105340.16,105493.52,105064.02,105240.53,111.25132901
2025-06-24 12:00:00,1750766400000,105240.53,105375.48,105018.9,105262.41,107.7322336
2025-06-24 13:00:00,1750770000000,105262.41,105452.0,104851.26,105134.95,260.56311895
2025-06-24 14:00:00,1750773600000,105134.95,105737.96,104985.71,105588.51,457.52900356
2025-06-24 15:00:00,1750777200000,105588.52,105812.65,105201.01,105300.0,398.080072
2025-06-24 16:00:00,1750780800000,105300.01,106343.47,105234.99,106284.58,444.03643133
2025-06-24 17:00:00,1750784400000,106289.26,106366.29,105675.66,106123.58,305.06773994
2025-06-24 18:00:00,1750788000000,106123.57,106170.47,105583.97,105584.69,221.14203506
2025-06-24 19:00:00,1750791600000,105587.41,105744.01,105330.0,105710.77,391.50966012
2025-06-24 20:00:00,1750795200000,105704.5,106178.39,105500.0,106145.66,251.02045976
2025-06-24 21:00:00,1750798800000,106142.37,106168.96,105779.8,106032.0,225.25041611
2025-06-24 22:00:00,1750802400000,106033.75,106097.12,105784.63,106074.0,124.19153713
2025-06-24 23:00:00,1750806000000,106073.9,106157.7,105820.01,106141.0,105.71496194
2025-06-25 00:00:00,1750809600000,106141.01,106528.51,105875.0,106451.89,206.7870418
2025-06-25 01:00:00,1750813200000,106451.88,106672.06,106074.24,106447.15,182.49202776
2025-06-25 02:00:00,1750816800000,106446.56,106865.31,106356.01,106537.56,179.84086083
2025-06-25 03:00:00,1750820400000,106537.55,106672.0,106282.51,106301.44,88.5966978
2025-06-25 04:00:00,1750824000000,106301.44,106396.45,106055.7,106256.06,111.44782989
2025-06-25 05:00:00,1750827600000,106256.06,106464.1,106090.88,106270.77,67.01449102
2025-06-25 06:00:00,1750831200000,106273.62,106522.74,106186.91,106460.71,59.67011249
2025-06-25 07:00:00,1750834800000,106460.71,106771.22,106373.42,106657.35,62.58330067
2025-06-25 08:00:00,1750838400000,106657.77,106735.9,106390.27,106688.0,66.43062268
2025-06-25 09:00:00,1750842000000,106696.0,107035.04,106515.38,106706.82,184.83200726
2025-06-25 10:00:00,1750845600000,106706.83,107245.83,106615.79,107190.29,161.84453118
2025-06-25 11:00:00,1750849200000,107190.29,107286.5,106929.25,107252.04,171.45796375
2025-06-25 12:00:00,1750852800000,107252.05,107343.35,106976.5,107291.51,182.49865322
2025-06-25 13:00:00,1750856400000,107291.51,108184.86,107206.06,107995.47,652.35785555
2025-06-25 14:00:00,1750860000000,107989.97,108206.0,107290.35,107703.0,707.23235379
2025-06-25 15:00:00,1750863600000,107703.0,107721.03,106818.83,107101.15,860.57604173
2025-06-25 16:00:00,1750867200000,107101.15,107593.16,107040.04,107213.41,501.48724153
2025-06-25 17:00:00,1750870800000,107213.4,107611.36,106983.26,107465.34,489.23364999
2025-06-25 18:00:00,1750874400000,107465.33,107621.78,107240.03,107492.0,446.49880558
2025-06-25 19:00:00,1750878000000,107490.82,107993.02,107457.97,107836.0,819.56543794
2025-06-25 20:00:00,1750881600000,107834.02,107943.88,107550.92,107846.37,374.52077016
2025-06-25 21:00:00,1750885200000,107844.23,108091.8,107510.01,107629.79,211.93023697
2025-06-25 22:00:00,1750888800000,107629.79,107641.22,107276.44,107346.74,119.57847857
2025-06-25 23:00:00,1750892400000,107346.73,107454.75,107151.06,107400.22,164.17935081
2025-06-26 00:00:00,1750896000000,107400.22,107682.38,107313.44,107389.59,128.34298822
2025-06-26 01:00:00,1750899600000,107389.61,107948.53,107166.22,107696.21,140.02442931
2025-06-26 02:00:00,1750903200000,107696.21,108113.72,107629.49,107990.89,166.06246595
2025-06-26 03:00:00,1750906800000,107990.89,108345.0,107845.27,107928.17,196.82824902
2025-06-26 04:00:00,1750910400000,107934.28,108026.37,107753.03,107901.26,110.77642775
2025-06-26 05:00:00,1750914000000,107901.25,107901.25,107576.75,107690.02,86.55232121
2025-06-26 06:00:00,1750917600000,107690.02,107889.0,107607.47,107811.44,71.67222199
2025-06-26 07:00:00,1750921200000,107811.44,108160.38,107804.57,107890.24,185.85574337
2025-06-26 08:00:00,1750924800000,107888.4,108238.78,107766.19,107818.87,178.24290989
2025-06-26 09:00:00,1750928400000,107818.89,107855.88,107340.0,107385.02,180.47709397
2025-06-26 10:00:00,1750932000000,107385.02,107527.35,107295.01,107439.57,86.42606042
2025-06-26 11:00:00,1750935600000,107439.58,107467.5,107163.03,107374.17,87.33737443
2025-06-26 12:00:00,1750939200000,107375.52,107481.33,107088.0,107161.82,178.12335752
2025-06-26 13:00:00,1750942800000,107161.81,107401.37,106850.0,106989.35,358.56750536
2025-06-26 14:00:00,1750946400000,106989.85,107823.59,106914.01,107494.52,501.05522601
2025-06-26 15:00:00,1750950000000,107496.91,107587.7,106605.88,107366.24,359.63561329
2025-06-26 16:00:00,1750953600000,107366.24,107468.09,107051.8,107256.16,199.97437021
2025-06-26 17:00:00,1750957200000,107258.08,107489.83,107186.82,107245.29,209.30756481
2025-06-26 18:00:00,1750960800000,107249.96,107654.74,107179.42,107433.0,145.85585548
2025-06-26 19:00:00,1750964400000,107433.01,107723.31,107355.58,107584.79,316.51327458
2025-06-26 20:00:00,1750968000000,107584.75,108058.94,107501.47,107829.87,406.78762023
2025-06-26 21:00:00,1750971600000,107829.87,107851.84,106838.41,107073.3,260.23138215
2025-06-26 22:00:00,1750975200000,107073.31,107297.59,107000.0,107041.56,153.83318948
2025-06-26 23:00:00,1750978800000,107041.56,107134.01,106923.04,107029.64,191.73907191
2025-06-27 00:00:00,1750982400000,107029.63,107245.56,106707.0,106743.79,137.67516606
2025-06-27 01:00:00,1750986000000,106743.79,107277.71,106465.81,107175.34,161.41401938
2025-06-27 02:00:00,1750989600000,107175.35,107347.46,107100.01,107304.04,114.66382479
2025-06-27 03:00:00,1750993200000,107304.04,107584.24,107217.95,107538.51,116.46094328
2025-06-27 04:00:00,1750996800000,107538.5,107643.37,107418.11,107563.8,110.44318881
2025-06-27 05:00:00,1751000400000,107567.88,107618.24,107322.6,107322.6,71.77145715
2025-06-27 06:00:00,1751004000000,107322.61,107449.0,107258.2,107331.48,49.27902814
2025-06-27 07:00:00,1751007600000,107331.48,107804.2,106924.87,106962.68,785.60907304
2025-06-27 08:00:00,1751011200000,106962.09,107155.14,106736.84,107053.45,124.57950674
2025-06-27 09:00:00,1751014800000,107053.45,107187.32,106837.89,107139.96,104.52713054
2025-06-27 10:00:00,1751018400000,107139.96,107213.4,107003.79,107037.95,138.7027156
2025-06-27 11:00:00,1751022000000,107037.95,107187.89,106924.72,107024.46,122.2689314
2025-06-27 12:00:00,1751025600000,107024.46,107238.96,106644.81,106721.57,319.30944644
2025-06-27 13:00:00,1751029200000,106717.38,107044.94,106413.79,106867.42,447.51305949
2025-06-27 14:00:00,1751032800000,106867.43,107169.05,106427.36,106630.6,709.76990676
2025-06-27 15:00:00,1751036400000,106630.59,107488.91,106536.01,107385.92,424.89212376
2025-06-27 16:00:00,1751040000000,107385.37,107800.0,107151.13,107530.36,523.00331366
2025-06-27 17:00:00,1751043600000,107530.35,107557.9,106500.0,106914.62,430.04304389
2025-06-27 18:00:00,1751047200000,106914.62,107051.97,106495.82,106771.06,363.48091321
2025-06-27 19:00:00,1751050800000,106765.78,107081.13,106642.88,106851.43,551.06262836
2025-06-27 20:00:00,1751054400000,106849.52,107210.66,106830.42,107183.0,210.31518347
2025-06-27 21:00:00,1751058000000,107183.0,107330.65,107082.33,107105.71,144.39367966
2025-06-27 22:00:00,1751061600000,107105.7,107273.92,107102.16,107165.14,71.34630383
2025-06-27 23:00:00,1751065200000,107165.13,107247.51,107015.49,107113.38,77.91256999
2025-06-28 00:00:00,1751068800000,107119.17,107233.47,106906.61,107113.55,86.66742486
2025-06-28 01:00:00,1751072400000,107113.55,107190.85,106868.94,107129.44,83.14102868
2025-06-28 02:00:00,1751076000000,107129.44,107255.53,107062.31,107164.89,64.5963476
2025-06-28 03:00:00,1751079600000,107164.88,107400.0,107141.3,107347.24,61.72180306
2025-06-28 04:00:00,1751083200000,107347.25,107379.05,107236.29,107248.06,53.81419679
2025-06-28 05:00:00,1751086800000,107248.07,107370.89,107246.84,107355.61,48.08658111
2025-06-28 06:00:00,1751090400000,107355.61,107500.0,107355.61,107477.07,34.24180913
2025-06-28 07:00:00,1751094000000,107477.08,107562.01,107462.22,107540.37,34.8873277
2025-06-28 08:00:00,1751097600000,107540.36,107567.86,107407.56,107439.9,55.57494456
2025-06-28 09:00:00,1751101200000,107439.89,107439.9,107330.65,107368.78,28.65469003
2025-06-28 10:00:00,1751104800000,107368.78,107439.85,107312.35,107330.65,36.38564155
2025-06-28 11:00:00,1751108400000,107330.65,107434.49,107330.65,107430.78,31.47660763
2025-06-28 12:00:00,1751112000000,107430.78,107434.5,107340.9,107394.66,32.109384
2025-06-28 13:00:00,1751115600000,107394.66,107421.21,107149.08,107170.01,44.16820151
2025-06-28 14:00:00,1751119200000,107170.0,107320.0,107170.0,107262.75,41.61658365
2025-06-28 15:00:00,1751122800000,107262.75,107596.13,107259.83,107506.75,72.10112974
2025-06-28 16:00:00,1751126400000,107506.74,107578.35,107302.01,107355.98,61.80648045
2025-06-28 17:00:00,1751130000000,107354.76,107599.81,107335.85,107515.05,56.19067374
2025-06-28 18:00:00,1751133600000,107515.06,107515.06,107305.88,107388.01,58.09037298
2025-06-28 19:00:00,1751137200000,107388.0,107403.56,107282.35,107282.35,39.40218499
2025-06-28 20:00:00,1751140800000,107280.6,107283.94,107198.06,107221.45,64.19675414
2025-06-28 21:00:00,1751144400000,107221.45,107416.18,107221.44,107392.02,58.16510429
2025-06-28 22:00:00,1751148000000,107392.02,107432.55,107311.68,107411.5,48.83847703
2025-06-28 23:00:00,1751151600000,107411.5,107411.5,107338.27,107352.2,31.83428333
2025-06-29 00:00:00,1751155200000,107352.2,107558.0,107310.0,107513.29,61.5745955
2025-06-29 01:00:00,1751158800000,107513.29,107524.98,107356.23,107371.98,52.35622994
2025-06-29 02:00:00,1751162400000,107371.98,107409.05,107230.0,107351.25,45.02490815
2025-06-29 03:00:00,1751166000000,107351.25,107351.25,107250.0,107272.5,31.97303999
2025-06-29 04:00:00,1751169600000,107272.5,107321.68,107272.5,107321.68,22.69289374
2025-06-29 05:00:00,1751173200000,107321.68,107373.82,107266.26,107357.38,22.50395169
2025-06-29 06:00:00,1751176800000,107357.38,107453.68,107357.37,107425.16,20.49573149
2025-06-29 07:00:00,1751180400000,107425.16,107455.92,107377.51,107455.92,23.71723022
2025-06-29 08:00:00,1751184000000,107462.64,107770.5,107447.85,107736.44,81.35856262
2025-06-29 09:00:00,1751187600000,107736.45,108000.0,107666.01,107935.42,129.22984106
2025-06-29 10:00:00,1751191200000,107935.42,108326.9,107895.7,108191.54,195.04598455
2025-06-29 11:00:00,1751194800000,108191.53,108518.57,108123.44,108517.46,118.70004011
2025-06-29 12:00:00,1751198400000,108517.46,108550.0,108073.89,108232.29,84.16954316
2025-06-29 13:00:00,1751202000000,108232.28,108267.42,108053.0,108102.96,55.22762472
2025-06-29 14:00:00,1751205600000,108102.87,108253.87,107801.28,107979.6,89.25186945
2025-06-29 15:00:00,1751209200000,107979.59,108062.09,107676.42,107775.37,100.79651509
2025-06-29 16:00:00,1751212800000,107775.36,107822.26,107350.0,107589.25,127.11400895
2025-06-29 17:00:00,1751216400000,107589.24,107637.63,107350.0,107580.4,57.99458474
2025-06-29 18:00:00,1751220000000,107580.39,107762.29,107477.25,107674.09,70.4266325
2025-06-29 19:00:00,1751223600000,107674.08,107674.09,107398.88,107431.35,68.02465972
2025-06-29 20:00:00,1751227200000,107431.35,107517.86,107400.0,107400.38,69.9756405
2025-06-29 21:00:00,1751230800000,107400.38,107753.12,107290.01,107588.59,156.1027304
2025-06-29 22:00:00,1751234400000,107588.6,108300.0,107588.6,108122.51,231.60386897
2025-06-29 23:00:00,1751238000000,108122.52,108485.43,108041.27,108386.44,239.50101586
2025-06-30 00:00:00,1751241600000,108386.44,108800.0,108282.11,108756.55,382.9186812
2025-06-30 01:00:00,1751245200000,108756.54,108800.0,108395.64,108540.2,232.234878
2025-06-30 02:00:00,1751248800000,108540.21,108698.48,108481.52,108534.72,115.57549249
2025-06-30 03:00:00,1751252400000,108538.76,108631.36,108468.63,108553.6,56.78415641
2025-06-30 04:00:00,1751256000000,108553.6,108587.6,108343.98,108361.24,80.43286183
2025-06-30 05:00:00,1751259600000,108361.24,108428.0,108177.13,108312.37,92.90486619
2025-06-30 06:00:00,1751263200000,108312.39,108336.93,107533.53,107600.02,218.34715298
2025-06-30 07:00:00,1751266800000,107600.0,107781.08,107503.44,107648.06,134.19280165
2025-06-30 08:00:00,1751270400000,107642.78,107775.56,107487.0,107539.88,61.86866171
2025-06-30 09:00:00,1751274000000,107539.87,107729.23,107488.32,107498.18,50.72582786
2025-06-30 10:00:00,1751277600000,107498.18,107698.91,107410.06,107672.57,68.072274
2025-06-30 11:00:00,1751281200000,107662.63,107996.59,107647.7,107688.4,100.41514353
2025-06-30 12:00:00,1751284800000,107688.39,107854.88,107560.0,107602.76,94.446915
2025-06-30 13:00:00,1751288400000,107604.26,107891.91,107490.01,107539.09,336.33824039
2025-06-30 14:00:00,1751292000000,107539.1,107661.48,106771.55,106835.96,737.04501081
2025-06-30 15:00:00,1751295600000,106835.96,107822.77,106724.76,107607.32,552.34836157
2025-06-30 16:00:00,1751299200000,107607.31,107850.0,107304.45,107643.66,315.32643964
2025-06-30 17:00:00,1751302800000,107643.66,107839.99,107467.72,107505.1,274.89321257
2025-06-30 18:00:00,1751306400000,107504.99,107660.94,107136.08,107266.75,194.38142052
2025-06-30 19:00:00,1751310000000,107265.57,107819.52,107214.37,107751.68,198.96134116
2025-06-30 20:00:00,1751313600000,107751.68,107787.05,107486.85,107605.18,136.08357771
2025-06-30 21:00:00,1751317200000,107605.28,107629.61,106944.55,107150.03,134.43220485
2025-06-30 22:00:00,1751320800000,107150.13,107353.57,107052.6,107132.53,157.76778682
2025-06-30 23:00:00,1751324400000,107132.53,107271.24,107073.93,107173.21,112.55107174
2025-07-01 00:00:00,1751328000000,107173.21,107484.53,107062.0,107406.29,123.16102838
2025-07-01 01:00:00,1751331600000,107406.28,107579.3,107200.36,107253.51,111.50849846
2025-07-01 02:00:00,1751335200000,107253.61,107447.86,107116.93,107126.83,79.59576666
2025-07-01 03:00:00,1751338800000,107128.11,107253.6,107090.87,107221.44,95.52575035
2025-07-01 04:00:00,1751342400000,107221.44,107248.24,106896.0,106919.27,82.48770372
2025-07-01 05:00:00,1751346000000,106919.3,106998.75,106766.27,106968.66,78.04839382
2025-07-01 06:00:00,1751349600000,106968.66,106968.66,106769.44,106938.02,89.402323
2025-07-01 07:00:00,1751353200000,106938.02,107212.89,106659.96,107212.88,158.53327289
2025-07-01 08:00:00,1751356800000,107212.89,107212.89,106703.69,106747.49,85.99560671
2025-07-01 09:00:00,1751360400000,106747.48,106829.36,106518.64,106575.41,126.40005983
2025-07-01 10:00:00,1751364000000,106575.43,106658.96,106310.18,106512.12,196.09047184
2025-07-01 11:00:00,1751367600000,106512.12,106653.0,106338.08,106639.08,88.76885381
2025-07-01 12:00:00,1751371200000,106639.94,106750.01,106397.34,106462.43,170.3839308
2025-07-01 13:00:00,1751374800000,106462.43,106946.01,106290.11,106856.85,597.5742929
2025-07-01 14:00:00,1751378400000,106856.53,107246.53,105750.0,105950.7,839.29778904
2025-07-01 15:00:00,1751382000000,105950.69,106245.88,105635.14,105986.38,478.12343657
2025-07-01 16:00:00,1751385600000,105986.38,106314.15,105839.73,106117.24,209.75895286
2025-07-01 17:00:00,1751389200000,106117.25,106334.96,105923.0,106281.8,170.61055508
2025-07-01 18:00:00,1751392800000,106281.8,106299.97,105683.0,105759.99,252.14712603
2025-07-01 19:00:00,1751396400000,105759.98,105824.48,105361.49,105403.99,479.2173413
2025-07-01 20:00:00,1751400000000,105403.27,106020.06,105262.0,105938.82,273.54689323
2025-07-01 21:00:00,1751403600000,105938.81,106127.32,105750.55,105806.94,131.37710998
2025-07-01 22:00:00,1751407200000,105806.95,105937.7,105614.51,105641.33,134.46190628
2025-07-01 23:00:00,1751410800000,105641.32,105732.82,105376.81,105711.78,100.71053832
2025-07-02 00:00:00,1751414400000,105711.77,105803.53,105392.84,105404.39,166.06046938
2025-07-02 01:00:00,1751418000000,105404.4,105822.3,105119.7,105742.06,140.58797432
2025-07-02 02:00:00,1751421600000,105742.06,105939.4,105542.72,105925.28,98.55096181
2025-07-02 03:00:00,1751425200000,105925.29,106240.1,105887.84,106229.67,97.05292608
2025-07-02 04:00:00,1751428800000,106229.66,106409.16,106151.43,106409.15,100.84298446
2025-07-02 05:00:00,1751432400000,106409.16,106703.99,106317.57,106662.29,125.21257072
2025-07-02 06:00:00,1751436000000,106662.29,107061.0,106653.57,107059.22,258.67494965
2025-07-02 07:00:00,1751439600000,107059.23,107235.0,106868.82,107126.85,212.83615105
2025-07-02 08:00:00,1751443200000,107132.17,107790.47,107116.9,107777.69,317.75355452
2025-07-02 09:00:00,1751446800000,107777.69,107837.96,107556.71,107690.26,278.29128262
2025-07-02 10:00:00,1751450400000,107690.25,107902.41,107654.94,107880.01,159.52304465
2025-07-02 11:00:00,1751454000000,107880.01,107881.36,107372.17,107512.04,127.72628934
2025-07-02 12:00:00,1751457600000,107512.04,107524.47,107211.14,107406.41,167.72261221
2025-07-02 13:00:00,1751461200000,107406.42,108054.0,107300.0,107819.12,598.28804646
2025-07-02 14:00:00,1751464800000,107819.57,108240.91,107705.73,108209.44,510.58604788
2025-07-02 15:00:00,1751468400000,108209.45,108800.0,108188.55,108800.0,661.15868521
2025-07-02 16:00:00,1751472000000,108797.47,109726.99,108707.09,109499.25,1475.93666593
2025-07-02 17:00:00,1751475600000,109499.38,109823.08,108914.3,109217.43,881.20150628
2025-07-02 18:00:00,1751479200000,109213.03,109621.93,109080.3,109617.3,431.44754324
2025-07-02 19:00:00,1751482800000,109617.53,109779.66,109344.96,109755.27,367.3814145
2025-07-02 20:00:00,1751486400000,109755.27,109771.57,109189.3,109199.72,301.11765579
2025-07-02 21:00:00,1751490000000,109199.73,109580.35,109184.73,109489.47,170.81097596
2025-07-02 22:00:00,1751493600000,109489.48,109555.89,109134.98,109194.85,177.19100524
2025-07-02 23:00:00,1751497200000,109194.86,109226.53,108772.8,108888.32,169.83726637
2025-07-03 00:00:00,1751500800000,108887.03,109152.1,108757.48,108978.22,120.5696656
2025-07-03 01:00:00,1751504400000,108978.22,109166.08,108855.24,109025.03,104.44620495
2025-07-03 02:00:00,1751508000000,109025.02,109025.42,108574.31,108758.47,123.8678396
2025-07-03 03:00:00,1751511600000,108758.47,108854.4,108656.93,108688.4,91.89824032
2025-07-03 04:00:00,1751515200000,108688.4,109046.03,108615.05,108835.0,84.72717888
2025-07-03 05:00:00,1751518800000,108840.0,109412.6,108835.97,109395.24,102.54977096
2025-07-03 06:00:00,1751522400000,109395.24,109600.0,109022.19,109499.63,247.17345872
2025-07-03 07:00:00,1751526000000,109499.62,109499.62,109180.9,109322.3,102.05203652
2025-07-03 08:00:00,1751529600000,109322.31,109625.0,109322.31,109423.3,124.20217294
2025-07-03 09:00:00,1751533200000,109423.31,110300.0,109415.71,109989.57,462.9784775
2025-07-03 10:00:00,1751536800000,109989.56,110046.7,109665.0,109879.98,112.03649162
2025-07-03 11:00:00,1751540400000,109879.97,109880.61,109601.22,109625.99,139.45874968
2025-07-03 12:00:00,1751544000000,109625.99,109978.65,108769.08,109207.08,495.06092857
2025-07-03 13:00:00,1751547600000,109207.08,110590.0,109164.51,110329.76,899.04933777
2025-07-03 14:00:00,1751551200000,110329.77,110577.17,109598.55,109782.29,484.68139678
2025-07-03 15:00:00,1751554800000,109782.29,109902.95,109117.87,109162.22,437.05183276
2025-07-03 16:00:00,1751558400000,109162.22,109754.03,109050.0,109316.08,466.16896796
2025-07-03 17:00:00,1751562000000,109326.7,109722.99,109294.3,109597.26,207.89614372
2025-07-03 18:00:00,1751565600000,109597.26,109769.54,109373.63,109730.74,164.44673502
2025-07-03 19:00:00,1751569200000,109730.73,109961.19,109654.15,109834.12,844.93229104
2025-07-03 20:00:00,1751572800000,109834.12,109993.75,109799.99,109988.77,187.89747758
2025-07-03 21:00:00,1751576400000,109988.77,110040.0,109722.36,109824.32,225.53207143
2025-07-03 22:00:00,1751580000000,109824.33,109918.04,109682.66,109741.47,99.9297515
2025-07-03 23:00:00,1751583600000,109741.46,109868.56,109572.16,109628.83,105.97199466
2025-07-04 00:00:00,1751587200000,109628.83,109741.92,109413.35,109508.65,98.87854479
2025-07-04 01:00:00,1751590800000,109508.65,109812.94,109480.35,109539.51,100.21051906
2025-07-04 02:00:00,1751594400000,109539.51,109555.41,109142.99,109230.04,110.97654625
2025-07-04 03:00:00,1751598000000,109230.03,109437.36,109166.0,109284.22,54.2816668
2025-07-04 04:00:00,1751601600000,109284.23,109386.14,109000.01,109025.75,97.47380534
2025-07-04 05:00:00,1751605200000,109025.75,109250.02,108943.73,109054.37,89.06432921
2025-07-04 06:00:00,1751608800000,109054.37,109080.32,108838.51,109067.75,104.23356804
2025-07-04 07:00:00,1751612400000,109067.74,109190.5,108750.0,108750.0,123.82501003
2025-07-04 08:00:00,1751616000000,108750.0,108943.36,108500.0,108807.06,115.57019118
2025-07-04 09:00:00,1751619600000,108807.06,109114.49,108805.44,109038.59,49.85383948
2025-07-04 10:00:00,1751623200000,109043.11,109113.21,108897.94,108944.63,73.2371705
2025-07-04 11:00:00,1751626800000,108944.63,109158.94,108890.9,108936.73,67.52584292
2025-07-04 12:00:00,1751630400000,108936.72,109018.6,108640.86,108770.92,66.9443047
2025-07-04 13:00:00,1751634000000,108770.92,108893.99,108000.0,108014.1,308.28251531
2025-07-04 14:00:00,1751637600000,108014.1,108167.64,107534.11,107863.84,386.23329727
2025-07-04 15:00:00,1751641200000,107862.14,107999.94,107600.02,107606.44,207.59246795
2025-07-04 16:00:00,1751644800000,107606.0,107786.54,107378.1,107663.92,200.98476782
2025-07-04 17:00:00,1751648400000,107669.94,108004.99,107648.94,107920.68,231.10415572
2025-07-04 18:00:00,1751652000000,107920.67,107932.54,107510.77,107515.02,105.6678777
2025-07-04 19:00:00,1751655600000,107515.01,107667.03,107268.84,107493.54,129.22275623
2025-07-04 20:00:00,1751659200000,107490.69,107831.61,107459.77,107718.32,80.94810324
2025-07-04 21:00:00,1751662800000,107718.79,107973.01,107715.11,107949.48,139.48466192
2025-07-04 22:00:00,1751666400000,107949.5,108314.05,107910.21,108287.72,117.75869188
2025-07-04 23:00:00,1751670000000,108288.21,108300.3,107989.2,108028.6,69.86396663
2025-07-05 00:00:00,1751673600000,108028.6,108277.77,107978.4,108226.71,69.67529689
2025-07-05 01:00:00,1751677200000,108226.71,108226.71,107932.5,108029.72,59.6847776
2025-07-05 02:00:00,1751680800000,108029.72,108137.96,107783.1,108110.4,65.69859142
2025-07-05 03:00:00,1751684400000,108110.41,108316.5,108110.4,108187.38,63.78219988
2025-07-05 04:00:00,1751688000000,108187.38,108454.19,108063.75,108178.64,67.69703971
2025-07-05 05:00:00,1751691600000,108178.64,108219.25,108052.26,108168.62,42.9280156
2025-07-05 06:00:00,1751695200000,108168.62,108341.28,108106.31,108319.38,45.91962504
2025-07-05 07:00:00,1751698800000,108318.14,108330.06,108041.76,108110.18,58.86575786
2025-07-05 08:00:00,1751702400000,108110.17,108173.7,107967.22,108055.59,44.31729574
2025-07-05 09:00:00,1751706000000,108055.59,108181.44,107914.58,108123.86,46.44764144
2025-07-05 10:00:00,1751709600000,108123.87,108251.99,108090.09,108132.2,37.93420103
2025-07-05 11:00:00,1751713200000,108132.19,108271.98,108131.29,108152.24,48.6716141
2025-07-05 12:00:00,1751716800000,108152.24,108207.75,108001.41,108199.18,46.04652699
2025-07-05 13:00:00,1751720400000,108199.18,108273.33,108135.02,108166.01,50.74571048
2025-07-05 14:00:00,1751724000000,108166.01,108270.64,108135.01,108238.06,64.02208463
2025-07-05 15:00:00,1751727600000,108238.05,108243.24,108082.14,108103.3,63.01074195
2025-07-05 16:00:00,1751731200000,108103.3,108152.06,107900.0,108143.85,121.20697682
2025-07-05 17:00:00,1751734800000,108137.73,108203.76,107964.91,108130.8,51.8020451
2025-07-05 18:00:00,1751738400000,108130.79,108143.66,108001.84,108040.28,60.00553979
2025-07-05 19:00:00,1751742000000,108040.28,108222.46,107990.0,108180.64,83.94083924
2025-07-05 20:00:00,1751745600000,108180.64,108206.7,108027.0,108135.04,83.30398663
2025-07-05 21:00:00,1751749200000,108135.04,108207.37,108093.13,108120.26,108.84319458
2025-07-05 22:00:00,1751752800000,108120.27,108245.82,108091.29,108220.17,69.34487719
2025-07-05 23:00:00,1751756400000,108220.17,108285.12,108207.13,108246.65,59.25970583
2025-07-06 00:00:00,1751760000000,108246.66,108288.34,108135.58,108251.71,42.2682887
2025-07-06 01:00:00,1751763600000,108251.71,108251.71,108115.34,108248.81,25.07263898
2025-07-06 02:00:00,1751767200000,108248.81,108302.49,108083.23,108091.99,36.64154178
2025-07-06 03:00:00,1751770800000,108092.0,108150.12,108044.0,108086.43,35.55242028
2025-07-06 04:00:00,1751774400000,108086.43,108144.73,107979.45,108021.93,23.28278643
2025-07-06 05:00:00,1751778000000,108021.94,108062.18,108003.84,108038.24,21.03984028
2025-07-06 06:00:00,1751781600000,108038.24,108263.96,108001.68,108171.07,48.72547688
2025-07-06 07:00:00,1751785200000,108171.07,108234.81,108081.97,108081.97,15.72775069
2025-07-06 08:00:00,1751788800000,108081.97,108113.72,108006.66,108044.88,18.35938065
2025-07-06 09:00:00,1751792400000,108044.87,108108.69,107850.01,107887.44,42.67603667
2025-07-06 10:00:00,1751796000000,107887.43,108157.31,107837.7,108024.23,34.98942603
2025-07-06 11:00:00,1751799600000,108024.24,108132.71,107991.07,108110.69,17.42771706
2025-07-06 12:00:00,1751803200000,108110.69,108294.1,108086.0,108277.42,38.23836465
2025-07-06 13:00:00,1751806800000,108277.41,109153.97,108224.96,108804.99,209.42411299
2025-07-06 14:00:00,1751810400000,108804.99,109071.22,108634.15,108961.48,99.48781091
2025-07-06 15:00:00,1751814000000,108961.48,109012.31,108688.41,108944.6,56.78068278
2025-07-06 16:00:00,1751817600000,108944.59,108988.0,108728.75,108879.14,66.07121531
2025-07-06 17:00:00,1751821200000,108879.14,108993.38,108741.32,108935.01,52.82142426
2025-07-06 18:00:00,1751824800000,108935.01,108955.11,108307.87,108497.22,105.44728513
2025-07-06 19:00:00,1751828400000,108497.22,108657.48,108324.13,108570.58,55.09775968
2025-07-06 20:00:00,1751832000000,108571.83,108888.95,108562.16,108695.55,108.37922538
2025-07-06 21:00:00,1751835600000,108695.55,109736.64,108682.08,109240.52,177.07232202
2025-07-06 22:00:00,1751839200000,109240.51,109586.99,109221.87,109261.16,168.8063198
2025-07-06 23:00:00,1751842800000,109260.07,109301.58,109004.0,109217.98,151.79137463
2025-07-07 00:00:00,1751846400000,109217.98,109322.4,108798.42,108842.35,221.03207489
2025-07-07 01:00:00,1751850000000,108842.35,109131.22,108683.4,109045.31,163.36725886
2025-07-07 02:00:00,1751853600000,109043.23,109549.65,109043.23,109405.59,163.26503983
2025-07-07 03:00:00,1751857200000,109405.59,109741.64,109400.0,109426.67,114.03768006
2025-07-07 04:00:00,1751860800000,109426.67,109481.11,109131.76,109136.43,52.13083955
2025-07-07 05:00:00,1751864400000,109136.43,109228.27,109036.53,109103.39,53.09681948
2025-07-07 06:00:00,1751868000000,109103.4,109195.19,108772.89,108791.67,93.21025674
2025-07-07 07:00:00,1751871600000,108791.67,109087.74,108657.35,109087.74,59.30228216
2025-07-07 08:00:00,1751875200000,109086.78,109111.77,108865.26,109029.86,69.59872674
2025-07-07 09:00:00,1751878800000,109029.86,109029.87,108771.41,108872.7,42.38075739
2025-07-07 10:00:00,1751882400000,108872.7,108937.45,108681.47,108695.04,160.88958735
2025-07-07 11:00:00,1751886000000,108695.04,108827.4,108585.0,108656.34,63.54406119
2025-07-07 12:00:00,1751889600000,108654.17,108664.92,108317.56,108356.14,100.81732957
2025-07-07 13:00:00,1751893200000,108357.34,108577.67,108001.2,108534.89,410.09357871
2025-07-07 14:00:00,1751896800000,108534.88,108675.81,107961.97,108235.51,404.99287085
2025-07-07 15:00:00,1751900400000,108238.39,108662.52,108216.4,108309.93,546.60628893
2025-07-07 16:00:00,1751904000000,108309.93,108529.26,107906.01,107980.23,380.29424356
2025-07-07 17:00:00,1751907600000,107980.23,108371.23,107790.25,107950.98,196.81520162
2025-07-07 18:00:00,1751911200000,107950.98,108127.0,107507.0,108030.97,227.08420406
2025-07-07 19:00:00,1751914800000,108026.73,108330.5,108003.89,108058.12,319.64481013
2025-07-07 20:00:00,1751918400000,108053.62,108177.02,107863.43,107890.46,226.02566914
2025-07-07 21:00:00,1751922000000,107895.21,108243.6,107800.87,108191.07,203.77716521
2025-07-07 22:00:00,1751925600000,108191.06,108213.0,107986.41,108024.72,98.25966527
2025-07-07 23:00:00,1751929200000,108030.2,108327.0,108022.79,108269.84,84.8753372
2025-07-08 00:00:00,1751932800000,108271.49,108556.13,108187.34,108298.89,155.99375997
2025-07-08 01:00:00,1751936400000,108295.25,108298.92,107666.01,107691.55,156.1065656
2025-07-08 02:00:00,1751940000000,107691.54,107954.53,107438.33,107781.46,199.27873083
2025-07-08 03:00:00,1751943600000,107775.85,108032.79,107683.49,107905.48,64.87732633
2025-07-08 04:00:00,1751947200000,107905.48,108037.8,107750.08,108037.79,64.64957723
2025-07-08 05:00:00,1751950800000,108037.8,108239.81,107983.77,108210.81,54.97564705
2025-07-08 06:00:00,1751954400000,108210.81,108392.12,108130.82,108299.87,55.24934183
2025-07-08 07:00:00,1751958000000,108299.87,108509.62,108224.35,108506.19,68.8890786
2025-07-08 08:00:00,1751961600000,108506.19,108544.85,108267.17,108267.18,70.87535167
2025-07-08 09:00:00,1751965200000,108267.19,108500.0,108229.67,108468.19,37.71150433
2025-07-08 10:00:00,1751968800000,108468.18,108948.55,108405.39,108841.41,200.81615776
2025-07-08 11:00:00,1751972400000,108844.55,109031.21,108761.06,108774.04,161.79246968
2025-07-08 12:00:00,1751976000000,108774.02,108979.63,108703.49,108979.63,111.38644778
2025-07-08 13:00:00,1751979600000,108979.26,109255.99,108650.01,109050.46,428.60058477
2025-07-08 14:00:00,1751983200000,109050.46,109118.58,108258.58,108398.44,234.69115632
2025-07-08 15:00:00,1751986800000,108396.63,108560.76,108218.13,108278.82,144.10685387
2025-07-08 16:00:00,1751990400000,108278.82,108570.01,108092.88,108459.17,150.20210349
2025-07-08 17:00:00,1751994000000,108459.16,109114.13,108449.81,109003.72,252.06827742
2025-07-08 18:00:00,1751997600000,109003.71,109200.0,108914.28,109188.36,393.38283669
2025-07-08 19:00:00,1752001200000,109188.36,109200.0,108737.0,108781.37,319.8435926
2025-07-08 20:00:00,1752004800000,108783.78,108977.11,108659.0,108660.64,144.01741912
2025-07-08 21:00:00,1752008400000,108660.64,109010.0,108624.63,108924.31,126.64986449
2025-07-08 22:00:00,1752012000000,108926.83,109012.31,108830.45,108947.42,85.16371628
2025-07-08 23:00:00,1752015600000,108947.42,109040.0,108839.27,108958.04,104.06237789
2025-07-09 00:00:00,1752019200000,108953.58,108998.71,108804.8,108969.21,63.82227791
2025-07-09 01:00:00,1752022800000,108969.2,109179.85,108741.52,108807.55,87.78990987
2025-07-09 02:00:00,1752026400000,108815.72,108880.02,108605.33,108643.37,79.81277491
2025-07-09 03:00:00,1752030000000,108643.36,108700.0,108354.82,108378.76,83.96336659
2025-07-09 04:00:00,1752033600000,108378.76,108599.32,108329.87,108570.85,59.68071364
2025-07-09 05:00:00,1752037200000,108570.85,108954.91,108502.88,108787.66,95.62504921
2025-07-09 06:00:00,1752040800000,108787.67,108886.98,108660.18,108864.25,52.08877223
2025-07-09 07:00:00,1752044400000,108864.39,108900.0,108686.96,108738.16,39.71849375
2025-07-09 08:00:00,1752048000000,108735.7,108867.33,108669.37,108672.14,35.5713086
2025-07-09 09:00:00,1752051600000,108672.14,108798.96,108568.0,108766.25,33.70510757
2025-07-09 10:00:00,1752055200000,108766.07,108927.26,108713.11,108921.91,36.88236635
2025-07-09 11:00:00,1752058800000,108921.91,109147.08,108921.9,109085.02,154.15168424
2025-07-09 12:00:00,1752062400000,109085.01,109550.0,108996.34,109352.08,231.21213904
2025-07-09 13:00:00,1752066000000,109352.08,109795.01,109152.39,109203.07,292.68601833
2025-07-09 14:00:00,1752069600000,109206.88,109500.98,108500.0,108901.87,367.11028303
2025-07-09 15:00:00,1752073200000,108893.64,109234.82,108817.36,109086.77,189.35293649
2025-07-09 16:00:00,1752076800000,109086.78,109509.0,109041.91,109430.91,226.52590469
2025-07-09 17:00:00,1752080400000,109430.92,109493.86,109042.97,109174.02,191.49547801
2025-07-09 18:00:00,1752084000000,109176.79,109609.0,109135.43,109563.77,244.7680124
2025-07-09 19:00:00,1752087600000,109566.12,112152.91,109523.39,111792.0,2778.1025339
2025-07-09 20:00:00,1752091200000,111792.0,111980.31,110592.17,110758.65,1178.37154714
2025-07-09 21:00:00,1752094800000,110758.64,111343.2,110700.01,110866.09,481.25175428
2025-07-09 22:00:00,1752098400000,110868.32,111474.79,110868.32,111430.26,337.39013359
2025-07-09 23:00:00,1752102000000,111429.89,111593.87,111267.79,111282.85,342.75382997
2025-07-10 00:00:00,1752105600000,111282.84,111383.48,110950.0,110950.01,194.65439079
2025-07-10 01:00:00,1752109200000,110950.01,111410.64,110922.25,111244.07,148.84338355
2025-07-10 02:00:00,1752112800000,111244.07,111620.8,111180.03,111269.41,186.49874402
2025-07-10 03:00:00,1752116400000,111269.41,111273.57,111041.6,111114.62,145.40034231
2025-07-10 04:00:00,1752120000000,111114.61,111239.85,111000.01,111200.95,154.98911872
2025-07-10 05:00:00,1752123600000,111200.93,111218.84,111000.0,111138.86,114.03007165
2025-07-10 06:00:00,1752127200000,111138.87,111370.38,111126.0,111284.26,150.39079766
2025-07-10 07:00:00,1752130800000,111280.46,111500.0,111178.5,111272.74,304.93166366
2025-07-10 08:00:00,1752134400000,111272.74,111450.0,111160.02,111272.6,143.15121949
2025-07-10 09:00:00,1752138000000,111272.59,111318.8,111057.02,111083.83,228.00947982
2025-07-10 10:00:00,1752141600000,111089.33,111166.5,110909.91,111137.06,227.27556075
2025-07-10 11:00:00,1752145200000,111137.05,111241.56,111021.81,111076.74,277.69006875
2025-07-10 12:00:00,1752148800000,111076.74,111076.74,110800.0,110906.56,212.94310971
2025-07-10 13:00:00,1752152400000,110906.56,111096.88,110541.87,110860.99,358.35791628
2025-07-10 14:00:00,1752156000000,110857.44,111390.41,110678.77,111318.3,418.50806895
2025-07-10 15:00:00,1752159600000,111318.3,111500.0,111031.46,111485.5,374.53038072
2025-07-10 16:00:00,1752163200000,111485.48,112817.0,111395.16,112737.45,1813.55594602
2025-07-10 17:00:00,1752166800000,112732.03,113923.99,112651.96,113808.4,1361.88630019
2025-07-10 18:00:00,1752170400000,113808.4,113840.77,113027.56,113491.02,715.3539715
2025-07-10 19:00:00,1752174000000,113490.24,113787.44,113190.88,113399.95,1223.97954142
2025-07-10 20:00:00,1752177600000,113404.43,113693.13,113361.33,113575.56,605.0149173
2025-07-10 21:00:00,1752181200000,113575.58,116842.0,113475.99,116478.62,2616.84697691
2025-07-10 22:00:00,1752184800000,116457.27,116499.99,115777.8,116029.8,606.12005053
2025-07-10 23:00:00,1752188400000,116029.8,116121.04,115664.02,116031.3,337.24540864
2025-07-11 00:00:00,1752192000000,116031.29,116103.17,115211.74,115600.47,301.21177854
2025-07-11 01:00:00,1752195600000,115595.24,116099.36,115512.54,115983.16,221.1916135
2025-07-11 02:00:00,1752199200000,115983.16,116827.84,115717.15,116698.11,387.76918482
2025-07-11 03:00:00,1752202800000,116699.01,116982.73,116407.14,116930.12,272.15443967
2025-07-11 04:00:00,1752206400000,116921.91,116961.34,116511.45,116939.66,291.89752744
2025-07-11 05:00:00,1752210000000,116944.22,118438.84,116944.21,117899.73,789.6930766
2025-07-11 06:00:00,1752213600000,117899.73,118442.88,117550.05,117679.58,369.17314493
2025-07-11 07:00:00,1752217200000,117685.25,118156.13,117499.0,117601.25,417.31211717
2025-07-11 08:00:00,1752220800000,117601.48,118218.98,117601.48,118028.29,320.58070558
2025-07-11 09:00:00,1752224400000,118028.28,118909.74,117928.68,118514.58,312.16528619
2025-07-11 10:00:00,1752228000000,118514.58,118518.91,117985.25,118029.37,412.40438957
2025-07-11 11:00:00,1752231600000,118029.38,118170.08,117616.5,117839.32,292.8358192
2025-07-11 12:00:00,1752235200000,117839.42,118303.73,117697.89,117898.7,224.59320421
2025-07-11 13:00:00,1752238800000,117898.62,118237.14,117246.21,118010.86,510.61125681
2025-07-11 14:00:00,1752242400000,118010.85,118199.99,117405.96,117901.0,585.52822985
2025-07-11 15:00:00,1752246000000,117895.04,117996.62,116739.82,116902.9,624.77652771
2025-07-11 16:00:00,1752249600000,116918.54,117493.0,116632.58,117442.21,541.61239947
2025-07-11 17:00:00,1752253200000,117442.21,117806.0,116904.0,117686.72,664.51898951
2025-07-11 18:00:00,1752256800000,117686.72,117807.79,117338.54,117750.39,523.16361048
2025-07-11 19:00:00,1752260400000,117750.39,118240.47,117479.23,118191.06,1031.33198968
2025-07-11 20:00:00,1752264000000,118191.07,118203.39,117734.75,117740.03,323.23333959
2025-07-11 21:00:00,1752267600000,117740.02,117958.06,117526.73,117679.68,292.0255256
2025-07-11 22:00:00,1752271200000,117679.67,117734.66,117187.73,117669.84,289.59610946
2025-07-11 23:00:00,1752274800000,117669.84,117738.15,117480.01,117582.16,117.50594042
2025-07-12 00:00:00,1752278400000,117582.16,117707.49,117151.87,117459.62,157.21028247
2025-07-12 01:00:00,1752282000000,117459.64,117801.97,117449.6,117692.01,142.43020711
2025-07-12 02:00:00,1752285600000,117694.64,117858.09,117616.73,117660.28,85.46447088
2025-07-12 03:00:00,1752289200000,117660.28,117910.0,117645.4,117838.46,96.37508683
2025-07-12 04:00:00,1752292800000,117838.72,117951.83,117636.19,117716.29,87.43921388
2025-07-12 05:00:00,1752296400000,117716.29,117781.94,117569.88,117744.28,66.20542935
2025-07-12 06:00:00,1752300000000,117744.27,118060.15,117708.36,117902.73,107.97542714
2025-07-12 07:00:00,1752303600000,117902.73,118130.31,117686.82,117797.06,64.54472865
2025-07-12 08:00:00,1752307200000,117797.05,118026.55,117772.13,117971.06,55.77057054
2025-07-12 09:00:00,1752310800000,117971.06,118244.51,117923.38,118207.02,80.41120741
2025-07-12 10:00:00,1752314400000,118207.01,118224.91,117911.92,118115.86,119.71791849
2025-07-12 11:00:00,1752318000000,118115.86,118159.49,117678.2,117870.35,179.47812088
2025-07-12 12:00:00,1752321600000,117873.88,117933.08,117341.66,117585.58,159.24150655
2025-07-12 13:00:00,1752325200000,117589.01,117632.34,117266.76,117551.39,87.09562447
2025-07-12 14:00:00,1752328800000,117551.4,117791.26,117345.07,117426.98,112.9251686
2025-07-12 15:00:00,1752332400000,117426.97,117517.94,116940.82,117154.27,171.77695676
2025-07-12 16:00:00,1752336000000,117153.9,117446.11,117086.83,117238.78,86.74612241
2025-07-12 17:00:00,1752339600000,117253.99,117629.36,117209.23,117517.49,92.25400708
2025-07-12 18:00:00,1752343200000,117517.49,117572.82,117402.13,117538.87,73.60315669
2025-07-12 19:00:00,1752346800000,117538.86,117696.68,117480.84,117606.56,65.25878778
2025-07-12 20:00:00,1752350400000,117606.55,117608.74,117065.3,117065.3,79.20616592
2025-07-12 21:00:00,1752354000000,117065.29,117624.05,117043.11,117529.33,96.99186919
2025-07-12 22:00:00,1752357600000,117534.22,117612.91,117340.15,117428.74,60.2398704
2025-07-12 23:00:00,1752361200000,117428.73,117523.86,117250.01,117472.65,69.36191308
2025-07-13 00:00:00,1752364800000,117472.65,117521.14,117286.87,117353.01,55.98769587
2025-07-13 01:00:00,1752368400000,117353.0,117697.18,117238.69,117587.38,101.27556677
2025-07-13 02:00:00,1752372000000,117587.39,117840.0,117435.22,117650.02,58.86387096
2025-07-13 03:00:00,1752375600000,117650.25,117881.39,117631.27,117797.77,67.69911246
2025-07-13 04:00:00,1752379200000,117797.58,117953.02,117723.25,117924.01,35.02123212
2025-07-13 05:00:00,1752382800000,117924.0,117967.02,117739.22,117806.28,38.87477277
2025-07-13 06:00:00,1752386400000,117806.28,118032.44,117784.16,117930.01,55.11821318
2025-07-13 07:00:00,1752390000000,117930.01,118110.82,117890.49,118043.07,46.69920383
2025-07-13 08:00:00,1752393600000,118043.06,118058.17,117795.08,117938.57,25.20079326
2025-07-13 09:00:00,1752397200000,117941.69,117961.07,117724.96,117778.51,26.51631124
2025-07-13 10:00:00,1752400800000,117778.51,117894.88,117771.83,117811.55,17.28835038
2025-07-13 11:00:00,1752404400000,117809.34,118154.99,117809.28,118130.41,86.55141753
2025-07-13 12:00:00,1752408000000,118130.41,118668.17,118007.47,118477.48,184.79813575
2025-07-13 13:00:00,1752411600000,118477.49,118800.0,118180.78,118653.36,139.62000918
2025-07-13 14:00:00,1752415200000,118653.34,119450.0,118396.5,118814.25,467.9768622
2025-07-13 15:00:00,1752418800000,118816.74,119178.91,118575.39,118716.69,163.80120314
2025-07-13 16:00:00,1752422400000,118720.64,119050.51,118536.38,118561.87,126.35294779
2025-07-13 17:00:00,1752426000000,118570.51,118900.99,118420.72,118747.7,125.66463723
2025-07-13 18:00:00,1752429600000,118752.45,119118.77,118626.19,119032.27,155.49309211
2025-07-13 19:00:00,1752433200000,119032.26,119500.0,118950.0,119011.9,399.92539385
2025-07-13 20:00:00,1752436800000,119003.28,119429.54,118864.48,119123.61,126.18413984
2025-07-13 21:00:00,1752440400000,119123.72,119128.35,118535.55,118711.09,219.80427045
2025-07-13 22:00:00,1752444000000,118711.09,118850.0,118290.28,118561.88,334.51675861
2025-07-13 23:00:00,1752447600000,118561.87,119251.67,118429.89,119130.81,401.80904088
2025-07-14 00:00:00,1752451200000,119130.81,119500.0,118974.39,119121.01,183.64342388
2025-07-14 01:00:00,1752454800000,119121.01,119288.51,118949.18,119138.56,166.74332749
2025-07-14 02:00:00,1752458400000,119138.56,120000.0,119000.0,119699.73,422.53831915
2025-07-14 03:00:00,1752462000000,119699.7,121400.0,119631.24,120781.98,1011.13254465
2025-07-14 04:00:00,1752465600000,120781.98,121466.0,120579.12,121418.09,362.4924423
2025-07-14 05:00:00,1752469200000,121418.09,122656.11,121150.97,122507.08,734.1852549
2025-07-14 06:00:00,1752472800000,122493.72,122510.44,122051.18,122156.56,241.95589986
2025-07-14 07:00:00,1752476400000,122150.2,123231.07,122118.01,122751.9,302.53431254
2025-07-14 08:00:00,1752480000000,122757.35,122807.37,122296.91,122603.6,237.22980936
2025-07-14 09:00:00,1752483600000,122593.08,122612.95,121900.0,122000.0,198.58387662
2025-07-14 10:00:00,1752487200000,122000.01,122183.72,121659.85,121915.75,263.86139678
2025-07-14 11:00:00,1752490800000,121915.72,121922.0,121321.12,121463.61,215.41626518
2025-07-14 12:00:00,1752494400000,121455.88,121975.6,121391.24,121937.3,220.62602695
2025-07-14 13:00:00,1752498000000,121926.09,122161.58,121173.09,121726.43,413.77039568
2025-07-14 14:00:00,1752501600000,121725.76,122026.2,120560.01,121157.84,1215.89153472
2025-07-14 15:00:00,1752505200000,121157.84,121187.06,119600.0,119867.12,1701.64171037
2025-07-14 16:00:00,1752508800000,119867.12,120308.76,119172.37,120283.97,1320.68321765
2025-07-14 17:00:00,1752512400000,120283.97,120544.49,119743.57,119900.0,714.64052793
2025-07-14 18:00:00,1752516000000,119899.99,120199.48,119620.01,119627.79,462.27499237
2025-07-14 19:00:00,1752519600000,119627.79,120129.76,119594.41,119945.25,1187.37795857
2025-07-14 20:00:00,1752523200000,119950.06,120484.31,119500.0,120186.93,571.76257863
2025-07-14 21:00:00,1752526800000,120186.94,120280.79,119850.01,120019.09,317.84239204
2025-07-14 22:00:00,1752530400000,120019.52,120331.36,119923.16,120055.2,689.39051715
2025-07-14 23:00:00,1752534000000,120057.2,120081.22,119781.61,119863.71,380.58082362
2025-07-15 00:00:00,1752537600000,119863.71,119973.3,119165.24,119524.55,447.59995402
2025-07-15 01:00:00,1752541200000,119524.55,119562.23,118358.26,118506.3,1728.40027058
2025-07-15 02:00:00,1752544800000,118503.34,118886.12,117795.87,118252.26,1534.39443066
2025-07-15 03:00:00,1752548400000,118250.41,118250.41,116830.74,117148.04,1090.85671617
2025-07-15 04:00:00,1752552000000,117148.03,117510.17,116250.0,117482.36,427.07052581
2025-07-15 05:00:00,1752555600000,117482.36,117761.08,116950.12,117304.62,359.13370962
2025-07-15 06:00:00,1752559200000,117306.37,117306.37,116722.86,117059.32,427.52053009
2025-07-15 07:00:00,1752562800000,117059.32,117258.52,116356.98,116762.15,1145.40890884
2025-07-15 08:00:00,1752566400000,116762.15,116853.51,116288.0,116749.1,562.88989588
2025-07-15 09:00:00,1752570000000,116749.12,117200.0,116697.05,116772.77,304.63712679
2025-07-15 10:00:00,1752573600000,116770.12,117200.0,116695.72,117005.92,497.1256193
2025-07-15 11:00:00,1752577200000,117014.07,117178.28,116309.0,117103.18,593.48704562
2025-07-15 12:00:00,1752580800000,117103.19,117464.49,116405.5,117179.87,467.25629896
2025-07-15 13:00:00,1752584400000,117179.93,118454.22,117133.38,118068.32,2127.85233643
2025-07-15 14:00:00,1752588000000,118068.37,118464.35,115697.37,115976.73,2453.3133592
2025-07-15 15:00:00,1752591600000,115982.91,116690.03,115753.74,116318.4,3539.20594719
2025-07-15 16:00:00,1752595200000,116318.4,117741.28,116296.3,117168.76,758.23344199
2025-07-15 17:00:00,1752598800000,117168.76,117498.96,117100.39,117355.31,1759.42445764
2025-07-15 18:00:00,1752602400000,117357.94,117375.61,116000.0,116696.85,1017.57799729
2025-07-15 19:00:00,1752606000000,116695.36,117194.56,116276.39,116410.21,967.30828333
2025-07-15 20:00:00,1752609600000,116409.42,116728.58,116194.03,116412.37,451.5998481
2025-07-15 21:00:00,1752613200000,116415.85,117598.38,116323.84,117568.44,396.51125132
2025-07-15 22:00:00,1752616800000,117568.43,117880.0,117249.45,117845.41,382.597398
2025-07-15 23:00:00,1752620400000,117845.4,117989.99,117516.36,117781.64,286.90820798
2025-07-16 00:00:00,1752624000000,117781.63,118200.0,117425.57,118135.0,231.83261609
2025-07-16 01:00:00,1752627600000,118135.0,118222.0,117599.97,117740.85,218.85968174
2025-07-16 02:00:00,1752631200000,117740.85,117788.39,117033.23,117337.45,208.3871224
2025-07-16 03:00:00,1752634800000,117337.46,117550.0,117232.32,117499.4,116.63211748
2025-07-16 04:00:00,1752638400000,117499.41,117729.36,117298.0,117624.67,96.39487196
2025-07-16 05:00:00,1752642000000,117624.67,118035.16,117624.67,117889.64,114.41787305
2025-07-16 06:00:00,1752645600000,117889.64,118351.67,117781.65,118305.0,116.26805092
2025-07-16 07:00:00,1752649200000,118305.0,118339.84,118078.97,118238.3,173.62560025
2025-07-16 08:00:00,1752652800000,118238.3,118801.72,118140.55,118725.8,140.1586068
2025-07-16 09:00:00,1752656400000,118725.81,119232.77,118713.48,119231.95,153.01940655
2025-07-16 10:00:00,1752660000000,119232.74,119320.0,118766.34,118777.43,174.25385929
2025-07-16 11:00:00,1752663600000,118773.27,118964.96,118688.62,118800.0,110.83428043
2025-07-16 12:00:00,1752667200000,118799.99,119112.0,118621.51,118650.69,147.28062264
2025-07-16 13:00:00,1752670800000,118650.69,118973.7,118195.89,118708.23,464.67250196
2025-07-16 14:00:00,1752674400000,118708.23,119333.19,118240.72,119097.52,483.53121204
2025-07-16 15:00:00,1752678000000,119106.7,119875.52,118383.38,119170.36,1167.02487399
2025-07-16 16:00:00,1752681600000,119164.15,119400.0,118503.42,119356.09,627.6314908
2025-07-16 17:00:00,1752685200000,119356.11,119814.17,119025.05,119140.64,818.7718067
2025-07-16 18:00:00,1752688800000,119140.63,120000.0,118945.05,119587.9,575.03987059
2025-07-16 19:00:00,1752692400000,119584.51,119719.99,118906.76,119304.15,1286.53048435
2025-07-16 20:00:00,1752696000000,119306.04,119994.22,118994.41,119978.98,682.87150886
2025-07-16 21:00:00,1752699600000,119981.08,120134.8,119268.0,119370.0,334.90024984
2025-07-16 22:00:00,1752703200000,119369.89,119573.43,118650.8,118713.13,380.97323762
2025-07-16 23:00:00,1752706800000,118713.13,118907.88,118425.65,118681.68,427.07447962
2025-07-17 00:00:00,1752710400000,118681.67,119234.95,118662.75,118946.24,317.22011689
2025-07-17 01:00:00,1752714000000,118946.25,119150.0,117724.5,118176.09,316.91206187
2025-07-17 02:00:00,1752717600000,118174.37,118571.48,118041.29,118379.27,170.32707501
2025-07-17 03:00:00,1752721200000,118379.28,118409.8,117797.88,118177.96,166.26371156
2025-07-17 04:00:00,1752724800000,118174.68,118562.29,118010.23,118560.51,70.52936792
2025-07-17 05:00:00,1752728400000,118560.5,118706.79,118271.94,118651.52,99.31626928
2025-07-17 06:00:00,1752732000000,118653.29,118839.73,118400.0,118510.91,114.32230958
2025-07-17 07:00:00,1752735600000,118510.9,118618.91,117901.23,118373.81,229.75829283
2025-07-17 08:00:00,1752739200000,118374.23,118485.84,118141.61,118372.73,187.45183461
2025-07-17 09:00:00,1752742800000,118372.73,119249.7,118283.2,118827.6,182.00148727
2025-07-17 10:00:00,1752746400000,118821.76,118935.9,118258.96,118382.43,137.2340312
2025-07-17 11:00:00,1752750000000,118382.43,118460.93,118000.0,118016.41,204.66885846
2025-07-17 12:00:00,1752753600000,118016.41,118247.27,117469.0,117894.8,463.03925375
2025-07-17 13:00:00,1752757200000,117894.81,118507.67,117559.43,118331.11,409.58221927
2025-07-17 14:00:00,1752760800000,118325.42,118900.0,118187.64,118838.29,601.41958281
2025-07-17 15:00:00,1752764400000,118832.67,119176.92,118378.05,118937.61,464.34123872
2025-07-17 16:00:00,1752768000000,118937.61,119020.65,118400.0,118615.14,362.48216862
2025-07-17 17:00:00,1752771600000,118615.13,119384.99,118551.37,119309.87,482.73983213
2025-07-17 18:00:00,1752775200000,119309.88,119862.0,119270.61,119640.26,623.50301633
2025-07-17 19:00:00,1752778800000,119643.14,119937.6,118885.76,119032.03,994.65068097
2025-07-17 20:00:00,1752782400000,119032.03,119504.65,118456.74,119504.65,519.81201153
2025-07-17 21:00:00,1752786000000,119511.68,120998.76,119475.45,120325.12,710.4914577
2025-07-17 22:00:00,1752789600000,120328.15,120784.99,119547.71,119845.05,313.38652554
2025-07-17 23:00:00,1752793200000,119845.05,119967.72,119226.08,119273.69,218.89790507
2025-07-18 00:00:00,1752796800000,119273.7,119895.78,119109.11,119860.81,253.31983647
2025-07-18 01:00:00,1752800400000,119860.81,120890.9,119739.59,120450.04,479.42463492
2025-07-18 02:00:00,1752804000000,120450.05,120499.33,119959.65,120194.14,232.69572511
2025-07-18 03:00:00,1752807600000,120199.14,120605.75,120050.07,120320.1,180.79257605
2025-07-18 04:00:00,1752811200000,120315.92,120591.93,119828.99,120501.23,159.1001558
2025-07-18 05:00:00,1752814800000,120501.23,120744.72,120284.47,120680.09,252.18107584
2025-07-18 06:00:00,1752818400000,120680.09,120918.68,120172.44,120344.64,200.9401714
2025-07-18 07:00:00,1752822000000,120344.64,120478.18,119371.18,119446.63,248.11181326
2025-07-18 08:00:00,1752825600000,119432.13,119554.47,118430.67,118697.72,328.33678349
2025-07-18 09:00:00,1752829200000,118697.72,119092.23,118506.18,118950.06,297.2539179
2025-07-18 10:00:00,1752832800000,118950.07,119342.56,118583.63,119315.64,245.2761429
2025-07-18 11:00:00,1752836400000,119315.63,119360.28,118845.1,119231.5,181.72652705
2025-07-18 12:00:00,1752840000000,119231.51,119586.55,119203.9,119509.91,160.37711124
2025-07-18 13:00:00,1752843600000,119509.92,119515.43,118542.64,118861.95,479.92523523
2025-07-18 14:00:00,1752847200000,118851.57,119348.84,117331.0,118191.97,1165.54618442
2025-07-18 15:00:00,1752850800000,118191.97,118337.0,117507.05,117899.13,471.77706589
2025-07-18 16:00:00,1752854400000,117905.28,118116.12,117501.92,117610.36,670.01972519
2025-07-18 17:00:00,1752858000000,117610.36,118055.25,117404.65,117642.09,264.9376255
2025-07-18 18:00:00,1752861600000,117643.98,117783.26,117271.57,117380.83,320.74226548
2025-07-18 19:00:00,1752865200000,117380.82,117966.2,117192.84,117426.36,1077.32315525
2025-07-18 20:00:00,1752868800000,117426.36,117632.33,116892.42,117472.23,508.53790511
2025-07-18 21:00:00,1752872400000,117474.98,117966.0,117431.12,117747.67,150.86167724
2025-07-18 22:00:00,1752876000000,117746.34,118101.59,117465.29,117782.68,285.34614911
2025-07-18 23:00:00,1752879600000,117782.69,118108.99,117541.2,118023.05,120.85040416
2025-07-19 00:00:00,1752883200000,118023.06,118125.87,117798.25,117819.83,100.61872317
2025-07-19 01:00:00,1752886800000,117819.83,118192.66,117700.02,118141.27,101.82638614
2025-07-19 02:00:00,1752890400000,118141.27,118381.99,118026.37,118292.07,112.26527992
2025-07-19 03:00:00,1752894000000,118292.07,118469.93,118206.61,118431.22,83.04867114
2025-07-19 04:00:00,1752897600000,118431.22,118472.5,118180.16,118235.85,54.31262233
2025-07-19 05:00:00,1752901200000,118235.84,118393.41,118143.74,118301.52,45.72245129
2025-07-19 06:00:00,1752904800000,118301.51,118375.24,118156.13,118265.83,33.66026469
2025-07-19 07:00:00,1752908400000,118265.84,118432.58,118240.78,118264.24,37.15309384
2025-07-19 08:00:00,1752912000000,118264.23,118368.16,118020.38,118177.69,60.76039351
2025-07-19 09:00:00,1752915600000,118177.7,118415.18,118147.28,118326.25,34.17251966
2025-07-19 10:00:00,1752919200000,118326.25,118546.0,118248.79,118516.84,50.08277028
2025-07-19 11:00:00,1752922800000,118516.84,118564.59,118241.85,118408.09,68.91665742
2025-07-19 12:00:00,1752926400000,118408.11,118416.33,118165.2,118316.94,68.10238256
2025-07-19 13:00:00,1752930000000,118316.93,118395.75,118144.0,118268.53,48.13037808
2025-07-19 14:00:00,1752933600000,118268.53,118307.68,117700.0,117749.56,111.60415771
2025-07-19 15:00:00,1752937200000,117746.77,118319.99,117710.57,118114.79,75.03649956
2025-07-19 16:00:00,1752940800000,118114.79,118222.49,117900.0,118038.34,66.44170206
2025-07-19 17:00:00,1752944400000,118028.27,118048.26,117790.34,117871.58,59.90529392
2025-07-19 18:00:00,1752948000000,117871.61,118100.0,117806.51,117934.43,84.21439032
2025-07-19 19:00:00,1752951600000,117934.44,118218.96,117650.93,118083.66,75.13425022
2025-07-19 20:00:00,1752955200000,118081.52,118222.0,117761.34,117777.45,62.95904564
2025-07-19 21:00:00,1752958800000,117774.51,117911.52,117337.59,117763.6,155.85035167
2025-07-19 22:00:00,1752962400000,117763.6,117931.32,117582.26,117855.48,62.90878752
2025-07-19 23:00:00,1752966000000,117855.47,118000.0,117800.0,117914.17,47.27264715
2025-07-20 00:00:00,1752969600000,117914.17,118074.73,117711.0,118001.01,61.09358029
2025-07-20 01:00:00,1752973200000,118001.72,118198.0,117954.95,118004.05,78.49951234
2025-07-20 02:00:00,1752976800000,118004.07,118089.0,117832.15,118062.56,55.08801333
2025-07-20 03:00:00,1752980400000,118062.56,118230.54,117788.19,118021.09,76.47312789
2025-07-20 04:00:00,1752984000000,118026.92,118199.65,117945.11,118018.05,46.36749661
2025-07-20 05:00:00,1752987600000,118019.98,118058.23,117850.0,117908.2,37.24445255
2025-07-20 06:00:00,1752991200000,117908.2,117961.44,117821.17,117891.37,21.70253875
2025-07-20 07:00:00,1752994800000,117883.93,118279.89,117868.92,118080.01,54.1464362
2025-07-20 08:00:00,1752998400000,118080.3,118323.0,118080.29,118222.65,62.96036073
2025-07-20 09:00:00,1753002000000,118222.65,118343.55,117953.27,117979.02,54.34166861
2025-07-20 10:00:00,1753005600000,117968.95,118067.55,117921.56,117950.33,45.50170666
2025-07-20 11:00:00,1753009200000,117950.34,118128.47,117856.43,117942.16,63.28640099
2025-07-20 12:00:00,1753012800000,117938.26,118227.33,117772.61,118127.02,111.57195709
2025-07-20 13:00:00,1753016400000,118127.04,118454.35,118118.01,118448.86,61.81534741
2025-07-20 14:00:00,1753020000000,118448.85,118850.0,118328.49,118519.06,150.55595111
2025-07-20 15:00:00,1753023600000,118517.8,118824.86,118394.56,118726.73,94.76306479
2025-07-20 16:00:00,1753027200000,118726.73,118921.76,118504.6,118617.22,123.4054518
2025-07-20 17:00:00,1753030800000,118617.22,118617.22,118000.0,118067.8,136.6876838
2025-07-20 18:00:00,1753034400000,118067.79,118495.01,118067.79,118407.74,86.96231627
2025-07-20 19:00:00,1753038000000,118406.65,118610.38,118186.49,118201.2,85.57188238
2025-07-20 20:00:00,1753041600000,118206.17,118324.63,117903.23,118130.98,104.75494493
2025-07-20 21:00:00,1753045200000,118130.98,118218.49,117881.41,118061.37,139.77121532
2025-07-20 22:00:00,1753048800000,118061.37,118110.45,116525.0,117545.78,638.98295608
2025-07-20 23:00:00,1753052400000,117552.63,117636.35,117010.9,117312.7,113.04225532
2025-07-21 00:00:00,1753056000000,117315.68,117446.99,116565.01,117421.83,205.99832878
2025-07-21 01:00:00,1753059600000,117431.91,117509.48,116831.3,117369.36,139.19809211
2025-07-21 02:00:00,1753063200000,117369.34,118275.0,117367.35,118262.02,151.61208224
2025-07-21 03:00:00,1753066800000,118256.67,118672.53,118192.47,118449.2,196.21677218
2025-07-21 04:00:00,1753070400000,118449.31,118695.46,118320.97,118395.66,72.87574853
2025-07-21 05:00:00,1753074000000,118395.54,118490.0,118217.73,118470.03,58.31427411
2025-07-21 06:00:00,1753077600000,118473.84,119270.0,118311.52,119214.2,169.13951853
2025-07-21 07:00:00,1753081200000,119215.67,119745.93,119201.72,119414.15,166.74673508
2025-07-21 08:00:00,1753084800000,119414.97,119556.74,118874.47,119042.38,148.24253584
2025-07-21 09:00:00,1753088400000,119051.53,119147.12,118588.0,118737.48,99.81040108
2025-07-21 10:00:00,1753092000000,118733.93,118850.48,118371.08,118617.14,134.14795819
2025-07-21 11:00:00,1753095600000,118617.13,118832.67,118100.0,118104.65,132.45811999
2025-07-21 12:00:00,1753099200000,118104.65,118635.82,117804.8,118210.64,268.54030391
2025-07-21 13:00:00,1753102800000,118210.65,119167.4,117909.88,118912.84,487.09278435
2025-07-21 14:00:00,1753106400000,118912.85,119310.57,118465.76,118888.26,364.88393902
2025-07-21 15:00:00,1753110000000,118885.18,119201.85,118310.17,118383.53,207.88066273
2025-07-21 16:00:00,1753113600000,118384.4,118469.22,117532.5,117794.38,373.35722097
2025-07-21 17:00:00,1753117200000,117786.88,118177.45,117389.0,117903.26,250.83429885
2025-07-21 18:00:00,1753120800000,117907.75,118278.98,117133.39,117208.29,395.70902688
2025-07-21 19:00:00,1753124400000,117208.28,117584.76,116681.72,116782.87,608.46719338
2025-07-21 20:00:00,1753128000000,116783.78,117325.01,116656.86,116985.37,312.53329567
2025-07-21 21:00:00,1753131600000,116981.78,117446.94,116915.48,117274.68,156.12745229
2025-07-21 22:00:00,1753135200000,117271.79,117712.37,117160.05,117404.51,204.16091098
2025-07-21 23:00:00,1753138800000,117404.52,117573.37,117133.65,117428.79,146.20684723
2025-07-22 00:00:00,1753142400000,117428.79,117583.08,117058.89,117170.01,149.6402409
2025-07-22 01:00:00,1753146000000,117170.0,118050.95,116185.0,117813.34,626.70926344
2025-07-22 02:00:00,1753149600000,117812.81,117886.81,117008.73,117072.67,257.46316635
2025-07-22 03:00:00,1753153200000,117072.67,117315.49,116740.01,117262.61,190.53245988
2025-07-22 04:00:00,1753156800000,117262.61,117398.99,116603.28,116603.28,190.1104902
2025-07-22 05:00:00,1753160400000,116603.29,117396.99,116600.5,117385.61,192.81961379
2025-07-22 06:00:00,1753164000000,117392.0,117886.71,117327.95,117884.78,104.86843249
2025-07-22 07:00:00,1753167600000,117884.79,118641.86,117808.78,118044.33,297.19238693
2025-07-22 08:00:00,1753171200000,118044.33,118409.15,117533.55,118348.55,162.28817351
2025-07-22 09:00:00,1753174800000,118345.61,118704.48,117912.96,118449.78,169.61022696
2025-07-22 10:00:00,1753178400000,118441.08,119007.0,118334.0,119007.0,333.18364195
2025-07-22 11:00:00,1753182000000,119006.99,119265.55,118833.18,119214.92,210.2750118
2025-07-22 12:00:00,1753185600000,119214.8,119490.0,119108.92,119373.06,316.57799269
2025-07-22 13:00:00,1753189200000,119366.69,119677.88,118076.8,118209.74,636.7227987
2025-07-22 14:00:00,1753192800000,118193.2,119185.73,116600.0,119116.6,701.32947348
2025-07-22 15:00:00,1753196400000,119116.59,119250.0,118740.32,118966.03,330.87287474
2025-07-22 16:00:00,1753200000000,118966.03,119447.44,118656.19,118726.41,274.05116576
2025-07-22 17:00:00,1753203600000,118724.15,119287.53,118437.94,119254.65,279.17104451
2025-07-22 18:00:00,1753207200000,119254.6,120288.0,119121.05,119821.7,760.8953898
2025-07-22 19:00:00,1753210800000,119803.82,119994.37,119144.96,119326.44,396.91385206
2025-07-22 20:00:00,1753214400000,119329.1,119962.23,119247.29,119768.22,218.03332888
2025-07-22 21:00:00,1753218000000,119768.22,119841.77,119445.77,119446.69,178.03489925
2025-07-22 22:00:00,1753221600000,119446.69,120091.14,119438.74,119902.9,307.65111973
2025-07-22 23:00:00,1753225200000,119908.77,120300.0,119881.66,120026.42,279.64148148
2025-07-23 00:00:00,1753228800000,120034.21,120180.93,119557.15,119623.82,155.46717657
2025-07-23 01:00:00,1753232400000,119623.82,119749.31,119445.77,119560.38,146.8015351
2025-07-23 02:00:00,1753236000000,119560.38,119608.42,119042.77,119141.19,187.80692951
2025-07-23 03:00:00,1753239600000,119141.29,119156.22,118573.3,118676.0,161.70904333
2025-07-23 04:00:00,1753243200000,118675.98,119038.92,118624.94,119038.92,121.72464001
2025-07-23 05:00:00,1753246800000,119038.91,119058.73,118663.7,118691.37,66.42040623
2025-07-23 06:00:00,1753250400000,118693.68,118775.25,118413.66,118477.33,154.7464286
2025-07-23 07:00:00,1753254000000,118475.01,118661.38,118360.0,118415.11,81.35058877
2025-07-23 08:00:00,1753257600000,118415.1,118616.54,118272.58,118467.19,94.4025745
2025-07-23 09:00:00,1753261200000,118467.19,118518.36,117959.94,118083.41,121.23040741
2025-07-23 10:00:00,1753264800000,118083.41,118459.18,117865.16,118431.96,152.41207004
2025-07-23 11:00:00,1753268400000,118431.96,118691.72,118219.0,118597.48,80.63606055
2025-07-23 12:00:00,1753272000000,118597.49,118740.0,117868.95,118040.29,192.75262968
2025-07-23 13:00:00,1753275600000,118040.28,118277.39,117362.74,117420.0,590.70262454
2025-07-23 14:00:00,1753279200000,117420.01,118272.87,117342.21,118272.86,324.73466207
2025-07-23 15:00:00,1753282800000,118272.89,118787.95,117878.38,118648.92,247.4904751
2025-07-23 16:00:00,1753286400000,118648.91,118648.91,117600.0,117778.08,319.07630211
2025-07-23 17:00:00,1753290000000,117770.86,118217.26,117377.78,118198.47,441.78703673
2025-07-23 18:00:00,1753293600000,118203.97,118451.83,118044.86,118444.24,337.46620652
2025-07-23 19:00:00,1753297200000,118444.25,118541.79,118278.02,118458.67,643.22560679
2025-07-23 20:00:00,1753300800000,118458.67,118561.68,117607.8,117952.91,276.36465136
2025-07-23 21:00:00,1753304400000,117953.03,118241.49,117398.0,118241.49,271.10852327
2025-07-23 22:00:00,1753308000000,118233.52,118687.28,117985.45,118632.15,173.55224617
2025-07-23 23:00:00,1753311600000,118635.66,118840.16,118468.15,118810.44,183.16937428
2025-07-24 00:00:00,1753315200000,118810.44,119194.89,118632.63,119101.75,212.4897894
2025-07-24 01:00:00,1753318800000,119101.75,119169.65,118824.68,119154.39,170.57948375
2025-07-24 02:00:00,1753322400000,119154.4,119156.01,118849.99,119025.51,192.75073483
2025-07-24 03:00:00,1753326000000,119025.52,119328.38,118529.6,118557.79,167.48102582
2025-07-24 04:00:00,1753329600000,118558.95,118650.61,117892.68,118017.58,152.13100892
2025-07-24 05:00:00,1753333200000,118014.76,118026.36,117562.42,117667.94,194.79340305
2025-07-24 06:00:00,1753336800000,117667.95,117933.98,117454.04,117532.06,178.41606564
2025-07-24 07:00:00,1753340400000,117532.06,118539.25,117190.0,118470.55,303.75664225
2025-07-24 08:00:00,1753344000000,118470.51,118863.6,118283.7,118838.97,149.79732837
2025-07-24 09:00:00,1753347600000,118847.52,118884.18,118288.74,118547.28,324.22382134
2025-07-24 10:00:00,1753351200000,118549.19,118703.77,118015.69,118446.16,127.31160706
2025-07-24 11:00:00,1753354800000,118442.25,118792.72,118370.77,118654.8,133.54707885
2025-07-24 12:00:00,1753358400000,118646.69,118797.3,118350.0,118588.56,216.23201634
2025-07-24 13:00:00,1753362000000,118588.56,118800.0,118270.69,118286.63,314.77063359
2025-07-24 14:00:00,1753365600000,118286.62,119200.0,117870.18,119126.02,487.37137846
2025-07-24 15:00:00,1753369200000,119128.91,119557.7,118671.01,119176.25,442.3979935
2025-07-24 16:00:00,1753372800000,119176.32,119281.04,118423.69,118593.14,408.91598646
2025-07-24 17:00:00,1753376400000,118593.13,119403.38,118539.26,119191.04,361.72805993
2025-07-24 18:00:00,1753380000000,119191.03,119495.52,119018.21,119120.52,362.05256163
2025-07-24 19:00:00,1753383600000,119120.51,119444.0,118964.78,119030.64,318.88758006
2025-07-24 20:00:00,1753387200000,119030.65,119089.16,118762.39,118768.61,795.96110881
2025-07-24 21:00:00,1753390800000,118768.6,118845.9,118533.19,118585.07,376.18277729
2025-07-24 22:00:00,1753394400000,118585.05,118700.0,118244.2,118338.15,380.25924879
2025-07-24 23:00:00,1753398000000,118338.15,118523.35,118234.02,118397.04,364.97543597
2025-07-25 00:00:00,1753401600000,118400.0,118518.2,117678.6,117706.03,698.09406159
2025-07-25 01:00:00,1753405200000,117706.02,117844.09,117241.62,117399.8,2068.63087348
2025-07-25 02:00:00,1753408800000,117399.8,117432.2,116400.0,116409.44,970.5479391
2025-07-25 03:00:00,1753412400000,116409.44,116468.77,115366.47,115400.0,1329.30119928
2025-07-25 04:00:00,1753416000000,115400.0,116181.28,115100.0,116127.65,2873.0364411
2025-07-25 05:00:00,1753419600000,116125.01,116128.36,115309.25,115558.62,1223.37126117
2025-07-25 06:00:00,1753423200000,115558.62,115575.56,115243.95,115328.15,756.64754527
2025-07-25 07:00:00,1753426800000,115328.15,115991.73,114750.0,115335.28,817.17308254
2025-07-25 08:00:00,1753430400000,115338.91,116015.99,115033.23,115181.66,1640.64064511
2025-07-25 09:00:00,1753434000000,115181.66,116080.01,114979.92,116062.22,1093.49436601
2025-07-25 10:00:00,1753437600000,116055.16,116523.36,115992.4,116316.3,258.12474001
2025-07-25 11:00:00,1753441200000,116337.34,116800.75,116337.34,116514.27,1423.58244867
2025-07-25 12:00:00,1753444800000,116514.27,116654.05,115952.73,116119.68,889.15251765
2025-07-25 13:00:00,1753448400000,116119.24,116653.11,115557.6,116241.68,930.61602395
2025-07-25 14:00:00,1753452000000,116241.68,116321.01,114854.2,114950.34,2322.54907098
2025-07-25 15:00:00,1753455600000,114950.35,115868.08,114900.0,115728.38,880.05132853
2025-07-25 16:00:00,1753459200000,115728.38,116221.76,115455.54,116205.78,614.93116282
2025-07-25 17:00:00,1753462800000,116203.85,116400.0,115889.01,116067.75,609.84812359
2025-07-25 18:00:00,1753466400000,116060.54,116624.05,116060.54,116526.68,445.59357166
2025-07-25 19:00:00,1753470000000,116529.1,117067.09,116436.2,116721.63,1126.37173859
2025-07-25 20:00:00,1753473600000,116721.63,117358.99,116603.53,117095.99,545.20911509
2025-07-25 21:00:00,1753477200000,117089.66,117417.0,116964.18,117240.59,469.66228489
2025-07-25 22:00:00,1753480800000,117240.59,117420.58,117134.81,117308.61,323.79251171
2025-07-25 23:00:00,1753484400000,117308.62,117706.0,117205.92,117633.27,322.91438992
2025-07-26 00:00:00,1753488000000,117633.27,117653.43,117361.35,117538.36,299.59402222
2025-07-26 01:00:00,1753491600000,117540.81,117631.53,117095.73,117195.53,373.16510414
2025-07-26 02:00:00,1753495200000,117195.53,117804.52,117195.52,117502.8,315.11647293
2025-07-26 03:00:00,1753498800000,117502.8,117684.4,117500.01,117522.69,344.68401868
2025-07-26 04:00:00,1753502400000,117522.69,117623.45,117454.25,117548.56,367.23294209
2025-07-26 05:00:00,1753506000000,117548.55,117647.24,117465.68,117495.45,300.86630759
2025-07-26 06:00:00,1753509600000,117495.45,117560.22,117373.58,117401.84,328.27315057
2025-07-26 07:00:00,1753513200000,117401.84,117472.36,117362.39,117371.97,354.72877312
2025-07-26 08:00:00,1753516800000,117371.98,117698.01,117368.43,117618.36,355.57888034
2025-07-26 09:00:00,1753520400000,117618.37,117684.6,117492.49,117636.04,285.61444407
2025-07-26 10:00:00,1753524000000,117636.04,118275.79,117574.03,118017.05,398.72245689
2025-07-26 11:00:00,1753527600000,118017.05,118144.5,117818.99,117830.65,300.83436182
2025-07-26 12:00:00,1753531200000,117826.4,118102.0,117817.61,117963.51,310.11263057
2025-07-26 13:00:00,1753534800000,117963.51,118320.67,117890.11,118175.66,355.92322512
2025-07-26 14:00:00,1753538400000,118175.66,118317.19,118011.78,118117.85,288.62102995
2025-07-26 15:00:00,1753542000000,118117.84,118224.93,117882.01,118172.6,284.46718615
2025-07-26 16:00:00,1753545600000,118172.61,118282.5,118050.81,118116.29,293.91574791
2025-07-26 17:00:00,1753549200000,118116.28,118175.08,118029.95,118081.19,238.9519574
2025-07-26 18:00:00,1753552800000,118081.19,118200.0,117989.0,118154.04,246.09217573
2025-07-26 19:00:00,1753556400000,118143.05,118371.35,118084.63,118280.01,245.32127188
2025-07-26 20:00:00,1753560000000,118280.48,118280.49,117919.44,117995.86,184.65752187
2025-07-26 21:00:00,1753563600000,117995.86,118147.5,117927.3,118081.81,165.91596364
2025-07-26 22:00:00,1753567200000,118081.82,118343.4,118019.15,118056.11,188.00306882
2025-07-26 23:00:00,1753570800000,118056.12,118142.49,117929.16,117969.63,148.03659217
2025-07-27 00:00:00,1753574400000,117981.73,118038.92,117865.76,117998.89,148.67992817
2025-07-27 01:00:00,1753578000000,117998.9,118281.51,117958.16,118143.98,140.01290211
2025-07-27 02:00:00,1753581600000,118143.98,118465.72,118060.91,118368.05,193.70287965
2025-07-27 03:00:00,1753585200000,118368.05,118401.13,118130.11,118227.13,247.71878903
2025-07-27 04:00:00,1753588800000,118228.69,118324.6,118186.2,118256.66,183.25564483
2025-07-27 05:00:00,1753592400000,118256.66,118379.22,118201.24,118333.1,139.25933876
2025-07-27 06:00:00,1753596000000,118333.1,118504.53,118244.3,118326.91,159.78316642
2025-07-27 07:00:00,1753599600000,118326.9,118326.91,118123.25,118165.53,153.84180294
2025-07-27 08:00:00,1753603200000,118165.53,118230.46,117981.01,117990.47,251.03823112
2025-07-27 09:00:00,1753606800000,117990.47,118047.37,117849.99,117982.89,198.52780362
2025-07-27 10:00:00,1753610400000,117982.88,118362.94,117982.88,118245.23,122.90913533
2025-07-27 11:00:00,1753614000000,118245.22,118355.36,118093.53,118133.83,148.33714682
2025-07-27 12:00:00,1753617600000,118133.82,118223.74,117932.41,118150.0,165.13703897
2025-07-27 13:00:00,1753621200000,118150.0,118315.02,118128.62,118263.99,154.04572862
2025-07-27 14:00:00,1753624800000,118263.98,118542.54,118197.0,118450.0,382.40208795
2025-07-27 15:00:00,1753628400000,118450.0,118650.8,118279.9,118620.01,202.92635138
2025-07-27 16:00:00,1753632000000,118620.01,119581.35,118620.0,119112.87,487.53449161
2025-07-27 17:00:00,1753635600000,119119.81,119372.87,118879.3,119225.02,175.79218309
2025-07-27 18:00:00,1753639200000,119225.01,119438.49,118980.07,119061.73,176.84691336
2025-07-27 19:00:00,1753642800000,119061.73,119115.34,118925.0,119006.15,68.60681347
2025-07-27 20:00:00,1753646400000,119006.15,119230.74,118754.4,118794.62,264.40659236
2025-07-27 21:00:00,1753650000000,118794.65,119312.23,118754.4,119310.08,80.10345004
2025-07-27 22:00:00,1753653600000,119310.09,119800.0,119250.01,119545.01,559.7787268
2025-07-27 23:00:00,1753657200000,119545.01,119579.1,119175.0,119465.52,194.77466058
2025-07-28 00:00:00,1753660800000,119465.52,119725.0,119154.0,119259.13,148.17116674
2025-07-28 01:00:00,1753664400000,119259.13,119516.45,118977.81,119072.63,190.53105199
2025-07-28 02:00:00,1753668000000,119072.63,119839.0,119044.3,119468.86,158.56276767
2025-07-28 03:00:00,1753671600000,119468.86,119547.41,119235.76,119306.42,67.01689483
2025-07-28 04:00:00,1753675200000,119306.42,119430.5,119134.04,119224.36,96.70581991
2025-07-28 05:00:00,1753678800000,119224.36,119709.32,119158.34,119553.98,244.61772775
2025-07-28 06:00:00,1753682400000,119553.98,119634.94,119454.73,119486.16,216.89306038
2025-07-28 07:00:00,1753686000000,119486.16,119500.0,118765.02,118894.66,401.19984747
2025-07-28 08:00:00,1753689600000,118894.65,119122.14,118765.0,119077.24,137.12990039
2025-07-28 09:00:00,1753693200000,119078.88,119078.88,118725.75,118948.32,85.34323522
2025-07-28 10:00:00,1753696800000,118951.66,118992.79,118636.82,118779.71,106.15068155
2025-07-28 11:00:00,1753700400000,118785.11,118884.06,118468.15,118827.17,407.42188689
2025-07-28 12:00:00,1753704000000,118826.96,119283.89,118520.95,118857.25,672.14732916
2025-07-28 13:00:00,1753707600000,118857.25,119111.87,118242.45,118423.68,505.0046073
2025-07-28 14:00:00,1753711200000,118432.56,118700.0,117880.0,117981.86,565.31316004
2025-07-28 15:00:00,1753714800000,117975.65,118501.0,117894.24,118165.37,228.94545971
2025-07-28 16:00:00,1753718400000,118166.59,118389.65,118000.0,118014.12,247.4055047
2025-07-28 17:00:00,1753722000000,118009.78,118120.81,117640.0,117666.57,553.08230204
2025-07-28 18:00:00,1753725600000,117666.55,117848.24,117380.6,117767.13,685.28667718
2025-07-28 19:00:00,1753729200000,117764.06,118270.43,117537.15,118066.31,553.17500204
2025-07-28 20:00:00,1753732800000,118060.48,118149.0,117482.18,118033.9,469.32439963
2025-07-28 21:00:00,1753736400000,118033.89,118348.0,117946.47,118118.97,310.87056557
2025-07-28 22:00:00,1753740000000,118118.96,118272.04,117749.12,117862.52,388.85454941
2025-07-28 23:00:00,1753743600000,117862.53,118183.54,117801.85,118070.59,208.23078764
2025-07-29 00:00:00,1753747200000,118074.43,118492.92,117550.74,117993.24,218.14955853
2025-07-29 01:00:00,1753750800000,117993.24,118263.03,117777.01,117777.02,116.47993697
2025-07-29 02:00:00,1753754400000,117777.01,118120.0,117459.01,118091.15,186.0104794
2025-07-29 03:00:00,1753758000000,118102.26,118814.63,118054.53,118764.01,296.12319708
2025-07-29 04:00:00,1753761600000,118756.63,118800.0,118400.0,118527.61,194.79584375
2025-07-29 05:00:00,1753765200000,118527.6,118871.28,118520.89,118813.38,124.00946489
2025-07-29 06:00:00,1753768800000,118813.38,119079.26,118720.41,118747.4,217.56365429
2025-07-29 07:00:00,1753772400000,118747.4,119284.78,118747.4,118885.92,180.4280958
2025-07-29 08:00:00,1753776000000,118885.91,119059.92,118752.48,118921.44,77.85822201
2025-07-29 09:00:00,1753779600000,118924.84,118999.97,118743.58,118786.52,69.63326784
2025-07-29 10:00:00,1753783200000,118786.25,118836.97,118300.0,118319.33,139.55749996
2025-07-29 11:00:00,1753786800000,118317.91,118616.11,118144.32,118601.76,91.67905529
2025-07-29 12:00:00,1753790400000,118601.79,119075.0,118459.25,118889.28,202.64428423
2025-07-29 13:00:00,1753794000000,118889.27,119038.51,118521.42,118611.65,335.81360798
2025-07-29 14:00:00,1753797600000,118611.65,118630.73,117693.53,117820.17,325.35120078
2025-07-29 15:00:00,1753801200000,117820.16,117952.88,117250.08,117365.37,610.32902347
2025-07-29 16:00:00,1753804800000,117365.37,117730.94,116900.0,117714.44,1051.67992329
2025-07-29 17:00:00,1753808400000,117714.47,118043.31,117600.02,117758.49,327.0849594
2025-07-29 18:00:00,1753812000000,117756.77,117822.83,117443.84,117586.35,195.31185546
2025-07-29 19:00:00,1753815600000,117585.85,118023.6,117373.01,117483.28,473.1816943
2025-07-29 20:00:00,1753819200000,117489.15,117841.63,117049.43,117491.2,301.81304322
2025-07-29 21:00:00,1753822800000,117491.2,117673.9,117156.03,117566.63,121.65342666
2025-07-29 22:00:00,1753826400000,117566.64,117854.21,117423.82,117827.65,113.24078932
2025-07-29 23:00:00,1753830000000,117827.65,117985.02,117706.37,117933.39,100.47127323
2025-07-30 00:00:00,1753833600000,117933.39,117995.86,117517.69,117738.95,92.68068658
2025-07-30 01:00:00,1753837200000,117737.63,118000.0,117403.51,117838.46,96.9711994
2025-07-30 02:00:00,1753840800000,117838.47,118113.58,117776.46,118017.97,90.11583747
2025-07-30 03:00:00,1753844400000,118017.96,118249.16,117892.45,118148.05,68.09516206
2025-07-30 04:00:00,1753848000000,118148.06,118270.33,117948.44,117996.78,71.02026215
2025-07-30 05:00:00,1753851600000,117996.78,118075.29,117659.95,117978.95,79.21338658
2025-07-30 06:00:00,1753855200000,117978.94,118320.0,117974.2,118266.17,75.55107343
2025-07-30 07:00:00,1753858800000,118266.17,118416.47,118111.36,118121.0,66.57264857
2025-07-30 08:00:00,1753862400000,118121.0,118494.92,117950.0,118363.15,45.2610851
2025-07-30 09:00:00,1753866000000,118363.16,118425.91,117981.75,118159.68,29.65357728
2025-07-30 10:00:00,1753869600000,118159.68,118431.48,117937.78,118008.25,87.97109095
2025-07-30 11:00:00,1753873200000,118012.3,118190.02,117323.08,117571.99,105.20373581
2025-07-30 12:00:00,1753876800000,117572.0,117909.87,117350.0,117729.13,165.05547895
2025-07-30 13:00:00,1753880400000,117724.15,117898.27,117366.9,117670.76,260.05427342
2025-07-30 14:00:00,1753884000000,117677.7,118755.0,117611.57,118730.8,413.09619922
2025-07-30 15:00:00,1753887600000,118730.79,118809.43,117836.57,118010.09,325.45942125
2025-07-30 16:00:00,1753891200000,118010.09,118036.29,117621.67,117750.02,193.66261882
2025-07-30 17:00:00,1753894800000,117750.02,117967.39,117655.0,117803.34,99.26836201
2025-07-30 18:00:00,1753898400000,117803.31,118052.39,116474.16,116500.68,512.63644836
2025-07-30 19:00:00,1753902000000,116500.67,117118.82,115728.49,116900.01,1256.72375634
2025-07-30 20:00:00,1753905600000,116900.0,117317.57,116858.0,117151.21,184.3552013
2025-07-30 21:00:00,1753909200000,117152.08,117341.36,116931.2,117337.52,95.78035784
2025-07-30 22:00:00,1753912800000,117336.96,117510.0,117243.15,117489.01,106.80566307
2025-07-30 23:00:00,1753916400000,117489.01,117935.3,117457.24,117830.15,126.53348784
2025-07-31 00:00:00,1753920000000,117830.15,118545.3,117776.77,118405.03,169.6244506
2025-07-31 01:00:00,1753923600000,118405.04,118450.05,117979.8,118053.64,73.83317567
2025-07-31 02:00:00,1753927200000,118053.63,118498.32,117965.03,118431.03,126.02859382
2025-07-31 03:00:00,1753930800000,118433.92,118621.56,118369.42,118476.4,122.78324825
2025-07-31 04:00:00,1753934400000,118476.4,118565.14,118351.0,118499.29,90.77917529
2025-07-31 05:00:00,1753938000000,118499.29,118533.43,118318.73,118351.39,85.06694473
2025-07-31 06:00:00,1753941600000,118351.39,118749.0,118271.56,118687.98,115.92480364
2025-07-31 07:00:00,1753945200000,118688.24,118920.0,118602.15,118677.41,109.31196571
2025-07-31 08:00:00,1753948800000,118677.4,118773.24,118560.29,118583.5,55.68609188
2025-07-31 09:00:00,1753952400000,118583.48,118632.43,118451.39,118590.89,42.98004268
2025-07-31 10:00:00,1753956000000,118588.61,118736.44,118411.49,118495.85,95.24361342
2025-07-31 11:00:00,1753959600000,118495.84,118550.65,118271.4,118345.67,54.72911635
2025-07-31 12:00:00,1753963200000,118345.67,118650.0,118253.2,118604.02,81.64303539
2025-07-31 13:00:00,1753966800000,118604.02,118699.0,117795.18,118562.63,360.65028374
2025-07-31 14:00:00,1753970400000,118562.63,118649.23,117869.02,117903.93,284.28967361
2025-07-31 15:00:00,1753974000000,117895.1,118366.47,117873.75,118288.23,210.70803668
2025-07-31 16:00:00,1753977600000,118288.22,118888.0,118212.84,118523.25,311.36455033
2025-07-31 17:00:00,1753981200000,118523.85,118550.11,117683.97,117726.08,200.64004203
2025-07-31 18:00:00,1753984800000,117731.71,117999.99,117380.8,117640.87,155.52487365
2025-07-31 19:00:00,1753988400000,117650.95,117752.09,116722.22,116757.77,390.43576179
2025-07-31 20:00:00,1753992000000,116759.71,116966.54,116421.0,116482.72,450.2255579
2025-07-31 21:00:00,1753995600000,116486.96,116899.78,116216.06,116517.59,246.81992491
2025-07-31 22:00:00,1753999200000,116517.11,116524.11,116000.0,116005.24,260.53151417
2025-07-31 23:00:00,1754002800000,116005.24,116538.89,115500.0,115761.13,552.82766256
2025-08-01 00:00:00,1754006400000,115756.12,115933.5,114136.2,115426.24,938.32776498
2025-08-01 01:00:00,1754010000000,115426.01,115606.12,114591.91,115317.57,301.13506738
2025-08-01 02:00:00,1754013600000,115317.56,116023.16,115213.01,115969.67,193.76460187
2025-08-01 03:00:00,1754017200000,115966.66,116065.12,115603.95,115638.66,122.01780233
2025-08-01 04:00:00,1754020800000,115637.69,115712.18,115251.25,115697.01,122.83596035
2025-08-01 05:00:00,1754024400000,115697.03,115923.89,115374.27,115557.51,116.85326996
2025-08-01 06:00:00,1754028000000,115553.29,115660.0,115034.84,115143.81,117.11209128
2025-08-01 07:00:00,1754031600000,115149.03,115296.32,114605.0,115034.22,188.95394205
2025-08-01 08:00:00,1754035200000,115032.4,115044.15,114058.29,114566.42,313.10565849
2025-08-01 09:00:00,1754038800000,114563.85,115319.82,114515.81,114926.37,158.2904655
2025-08-01 10:00:00,1754042400000,114924.24,115186.98,114667.61,114715.17,172.11360396
2025-08-01 11:00:00,1754046000000,114719.12,115311.46,114545.95,115267.54,250.66247935
2025-08-01 12:00:00,1754049600000,115267.53,115889.04,115111.0,115705.38,273.57370851
2025-08-01 13:00:00,1754053200000,115705.38,115989.58,114117.24,114304.5,954.15012731
2025-08-01 14:00:00,1754056800000,114297.48,115812.7,113916.85,115591.0,1021.56829885
2025-08-01 15:00:00,1754060400000,115591.08,115617.99,114635.45,115317.51,394.16420793
2025-08-01 16:00:00,1754064000000,115317.5,115676.41,114777.88,114960.39,255.74330006
2025-08-01 17:00:00,1754067600000,114960.38,115061.41,114277.4,114374.85,481.58748216
2025-08-01 18:00:00,1754071200000,114371.47,114463.96,113600.0,113780.32,635.40738295
2025-08-01 19:00:00,1754074800000,113778.99,113879.48,113142.0,113247.92,999.39613453
2025-08-01 20:00:00,1754078400000,113236.47,113933.99,113080.63,113898.61,300.99192757
2025-08-01 21:00:00,1754082000000,113898.61,114034.88,113639.9,113829.61,188.97650392
2025-08-01 22:00:00,1754085600000,113829.61,113954.24,112659.0,113075.81,506.90746378
2025-08-01 23:00:00,1754089200000,113086.3,113503.77,112843.49,113248.73,188.94517128
2025-08-02 00:00:00,1754092800000,113248.83,113808.32,113150.0,113785.2,164.7589147
2025-08-02 01:00:00,1754096400000,113785.21,113873.19,113378.89,113615.78,125.84165796
2025-08-02 02:00:00,1754100000000,113615.78,113726.41,113486.98,113670.82,75.22664552
2025-08-02 03:00:00,1754103600000,113670.81,113871.57,113657.6,113871.57,100.00237787
2025-08-02 04:00:00,1754107200000,113871.57,114023.58,113774.13,113992.69,86.38655924
2025-08-02 05:00:00,1754110800000,113992.7,114019.76,113812.6,113943.42,59.24143721
2025-08-02 06:00:00,1754114400000,113943.43,113958.25,113424.52,113665.33,106.56144535
2025-08-02 07:00:00,1754118000000,113665.32,113983.13,113516.3,113942.01,65.02019374
2025-08-02 08:00:00,1754121600000,113942.01,114005.58,113646.15,113651.51,82.05918341
2025-08-02 09:00:00,1754125200000,113653.43,113818.08,113534.6,113650.0,57.46493705
2025-08-02 10:00:00,1754128800000,113650.0,113676.48,113397.32,113525.76,66.50982412
2025-08-02 11:00:00,1754132400000,113525.76,113884.4,113411.84,113761.44,59.07001525
2025-08-02 12:00:00,1754136000000,113761.43,113761.44,113541.18,113603.67,58.76822327
2025-08-02 13:00:00,1754139600000,113591.64,113617.88,113200.01,113426.91,119.91387148
2025-08-02 14:00:00,1754143200000,113426.9,113499.99,112909.21,113069.83,157.07488557
2025-08-02 15:00:00,1754146800000,113069.83,113391.21,112780.0,112805.74,161.43200006
2025-08-02 16:00:00,1754150400000,112810.12,113228.63,112679.99,113175.22,148.20721584
2025-08-02 17:00:00,1754154000000,113192.46,113401.19,112542.14,112703.1,132.23734387
2025-08-02 18:00:00,1754157600000,112702.98,112899.15,112042.5,112307.19,339.24590984
2025-08-02 19:00:00,1754161200000,112294.49,112925.48,112000.0,112203.87,261.88077387
2025-08-02 20:00:00,1754164800000,112203.87,112769.24,112050.0,112769.24,145.84944327
2025-08-02 21:00:00,1754168400000,112769.24,113039.45,112523.55,112838.78,131.28377457
2025-08-02 22:00:00,1754172000000,112838.78,112998.78,112523.57,112830.55,114.16065692
2025-08-02 23:00:00,1754175600000,112830.55,112857.62,112253.13,112542.74,128.38382582
2025-08-03 00:00:00,1754179200000,112542.75,112967.7,111903.68,112908.54,216.77117019
2025-08-03 01:00:00,1754182800000,112908.51,113250.0,112806.75,113074.62,113.37593596
2025-08-03 02:00:00,1754186400000,113074.62,113500.0,113061.34,113490.44,98.88614406
2025-08-03 03:00:00,1754190000000,113490.45,113731.05,113407.21,113580.62,135.89403604
2025-08-03 04:00:00,1754193600000,113580.61,113583.84,113319.19,113460.72,63.28264549
2025-08-03 05:00:00,1754197200000,113453.12,113655.24,113389.34,113604.88,41.91454816
2025-08-03 06:00:00,1754200800000,113608.99,113633.43,113450.0,113551.32,23.55696862
2025-08-03 07:00:00,1754204400000,113551.32,113730.08,113551.31,113701.61,33.17811327
2025-08-03 08:00:00,1754208000000,113701.62,113793.09,113533.5,113682.22,49.7397218
2025-08-03 09:00:00,1754211600000,113682.22,113713.09,113605.58,113648.76,29.70894489
2025-08-03 10:00:00,1754215200000,113648.77,113899.25,113639.67,113891.04,38.2286315
2025-08-03 11:00:00,1754218800000,113891.04,114238.99,113852.75,113857.28,138.67328435
2025-08-03 12:00:00,1754222400000,113858.69,114089.0,113651.45,114001.77,81.99119073
2025-08-03 13:00:00,1754226000000,114016.96,114089.0,113800.01,113952.01,65.47315703
2025-08-03 14:00:00,1754229600000,113949.14,114068.89,113573.09,113779.93,86.92833705
2025-08-03 15:00:00,1754233200000,113779.93,113969.75,113662.69,113941.38,90.01738723
2025-08-03 16:00:00,1754236800000,113941.38,114038.8,113749.99,114000.01,83.3290912
2025-08-03 17:00:00,1754240400000,114000.02,114172.07,113948.0,114125.03,98.52246922
2025-08-03 18:00:00,1754244000000,114125.03,114485.49,114054.69,114411.43,112.44475603
2025-08-03 19:00:00,1754247600000,114411.43,114794.99,114260.04,114331.12,186.77247991
2025-08-03 20:00:00,1754251200000,114326.68,114470.67,114162.86,114419.75,133.9573079
2025-08-03 21:00:00,1754254800000,114419.73,114540.36,114363.72,114447.26,78.30943592
2025-08-03 22:00:00,1754258400000,114447.27,114628.23,114059.51,114318.03,138.92269874
2025-08-03 23:00:00,1754262000000,114318.03,114514.84,114182.01,114215.73,72.49432906
2025-08-04 00:00:00,1754265600000,114215.7,114939.58,114121.39,114913.62,176.31006081
2025-08-04 01:00:00,1754269200000,114913.62,115000.0,114625.0,114697.41,100.65754907
2025-08-04 02:00:00,1754272800000,114697.41,115000.0,114436.71,114817.26,168.16361388
2025-08-04 03:00:00,1754276400000,114817.26,114824.54,114533.6,114578.63,62.41663301
2025-08-04 04:00:00,1754280000000,114580.09,114670.03,114349.92,114387.56,89.27005674
2025-08-04 05:00:00,1754283600000,114387.56,114428.21,114184.02,114398.04,71.20144389
2025-08-04 06:00:00,1754287200000,114387.46,114492.13,114153.95,114428.22,50.25517065
2025-08-04 07:00:00,1754290800000,114428.22,114792.93,114396.24,114665.21,112.02708247
2025-08-04 08:00:00,1754294400000,114665.2,114773.63,114368.8,114563.89,78.5442816
2025-08-04 09:00:00,1754298000000,114563.89,114764.57,114294.42,114330.81,65.80840834
2025-08-04 10:00:00,1754301600000,114334.58,114517.06,114224.46,114242.7,54.48882504
2025-08-04 11:00:00,1754305200000,114242.84,114525.47,114204.09,114504.62,70.9285075
2025-08-04 12:00:00,1754308800000,114504.62,114543.51,114313.89,114444.0,115.27540304
2025-08-04 13:00:00,1754312400000,114445.66,114934.02,114118.18,114921.05,261.58165839
2025-08-04 14:00:00,1754316000000,114922.77,115484.0,114647.99,114757.45,582.26802651
2025-08-04 15:00:00,1754319600000,114757.48,115045.01,114551.43,114818.95,316.74481979
2025-08-04 16:00:00,1754323200000,114818.94,115429.76,114817.77,115299.98,256.55447093
2025-08-04 17:00:00,1754326800000,115299.97,115756.06,115132.17,115192.01,343.87604587
2025-08-04 18:00:00,1754330400000,115192.0,115324.71,114887.46,114924.33,420.4429068
2025-08-04 19:00:00,1754334000000,114924.33,115139.83,114696.88,114746.95,536.64200942
2025-08-04 20:00:00,1754337600000,114746.94,115051.7,114578.7,114793.54,409.43804648
2025-08-04 21:00:00,1754341200000,114793.54,115266.74,114788.98,115126.63,113.67424683
2025-08-04 22:00:00,1754344800000,115120.4,115349.17,115072.94,115349.17,117.54238306
2025-08-04 23:00:00,1754348400000,115349.16,115363.04,115037.72,115051.85,81.42701231
2025-08-05 00:00:00,1754352000000,115056.14,115112.75,114818.58,114877.0,138.20319526
2025-08-05 01:00:00,1754355600000,114877.0,115070.56,114677.08,114700.0,125.33504686
2025-08-05 02:00:00,1754359200000,114700.0,114820.45,114610.0,114721.72,66.84850283
2025-08-05 03:00:00,1754362800000,114730.4,114740.98,114236.33,114241.62,120.30346469
2025-08-05 04:00:00,1754366400000,114240.98,114426.03,114150.8,114323.16,66.79815061
2025-08-05 05:00:00,1754370000000,114323.16,114484.21,114231.07,114407.71,72.43892345
2025-08-05 06:00:00,1754373600000,114407.71,114505.4,114068.41,114165.89,81.14836515
2025-08-05 07:00:00,1754377200000,114161.18,114399.69,113706.49,113952.07,107.7094299
2025-08-05 08:00:00,1754380800000,113952.07,114507.23,113900.0,114262.42,86.01693913
2025-08-05 09:00:00,1754384400000,114260.16,114784.0,114259.52,114677.38,88.24500159
2025-08-05 10:00:00,1754388000000,114681.85,115079.06,114564.1,114832.22,147.06491754
2025-08-05 11:00:00,1754391600000,114832.5,114971.65,114726.09,114807.47,85.86437683
2025-08-05 12:00:00,1754395200000,114807.46,114890.0,113500.0,113930.71,307.95091994
2025-08-05 13:00:00,1754398800000,113932.54,114597.71,113861.14,114370.17,251.74144508
2025-08-05 14:00:00,1754402400000,114382.65,114401.44,112622.14,113012.07,828.42254398
2025-08-05 15:00:00,1754406000000,113012.06,113239.41,112669.0,112907.97,313.41554004
2025-08-05 16:00:00,1754409600000,112906.96,113336.45,112779.91,113131.78,731.7963021
2025-08-05 17:00:00,1754413200000,113131.78,113643.84,113052.01,113602.16,505.75665038
2025-08-05 18:00:00,1754416800000,113602.15,113646.08,113227.18,113624.55,263.67041848
2025-08-05 19:00:00,1754420400000,113624.55,113750.0,113369.61,113602.75,169.93635949
2025-08-05 20:00:00,1754424000000,113602.75,113987.13,113473.91,113689.75,129.0374782
2025-08-05 21:00:00,1754427600000,113691.02,113863.54,113555.97,113578.38,83.09292694
2025-08-05 22:00:00,1754431200000,113578.37,113988.0,113280.78,113957.97,80.95899534
2025-08-05 23:00:00,1754434800000,113955.5,114223.26,113907.67,114112.95,91.63341227
2025-08-06 00:00:00,1754438400000,114112.95,114147.0,113732.84,113879.35,72.40525114
2025-08-06 01:00:00,1754442000000,113871.25,113940.87,113572.64,113824.31,91.90604181
2025-08-06 02:00:00,1754445600000,113817.5,113838.26,113483.14,113623.64,95.82761572
2025-08-06 03:00:00,1754449200000,113623.64,113669.16,113400.01,113504.04,73.54985937
2025-08-06 04:00:00,1754452800000,113504.05,113588.38,113347.87,113424.19,61.79914334
2025-08-06 05:00:00,1754456400000,113426.11,114416.95,113383.58,114147.94,141.94936377
2025-08-06 06:00:00,1754460000000,114147.95,114195.48,113920.0,114081.89,39.3397628
2025-08-06 07:00:00,1754463600000,114081.89,114293.41,114006.49,114220.34,76.95931928
2025-08-06 08:00:00,1754467200000,114220.34,114254.78,113713.32,113934.91,87.03108741
2025-08-06 09:00:00,1754470800000,113934.9,114358.07,113895.79,114081.29,80.98940095
2025-08-06 10:00:00,1754474400000,114081.28,114229.7,113876.85,114057.81,51.64147852
2025-08-06 11:00:00,1754478000000,114066.04,114400.0,114002.09,114226.23,78.86841774
2025-08-06 12:00:00,1754481600000,114220.79,114332.85,113770.35,113918.1,184.92344949
2025-08-06 13:00:00,1754485200000,113919.52,114391.45,113566.01,114254.46,310.00386748
2025-08-06 14:00:00,1754488800000,114257.73,115250.0,113856.57,115199.97,519.0818629
2025-08-06 15:00:00,1754492400000,115199.98,115581.51,114825.81,115417.96,506.30775291
2025-08-06 16:00:00,1754496000000,115417.1,115508.64,114936.4,115149.36,395.69670632
2025-08-06 17:00:00,1754499600000,115149.36,115549.79,115020.0,115538.51,186.13469415
2025-08-06 18:00:00,1754503200000,115538.51,115749.99,115304.17,115439.28,599.57443418
2025-08-06 19:00:00,1754506800000,115432.24,115551.37,115140.56,115295.57,237.31563427
2025-08-06 20:00:00,1754510400000,115293.85,115300.57,115024.99,115072.82,193.8031464
2025-08-06 21:00:00,1754514000000,115072.81,115260.64,114815.28,115105.39,122.56171669
2025-08-06 22:00:00,1754517600000,115103.83,115260.39,115068.29,115125.78,198.09693922
2025-08-06 23:00:00,1754521200000,115125.77,115149.11,115002.19,115028.83,75.62780111
2025-08-07 00:00:00,1754524800000,115028.83,115049.0,114878.42,114925.45,95.33146754
2025-08-07 01:00:00,1754528400000,114925.44,115218.91,114613.3,114772.52,98.68264261
2025-08-07 02:00:00,1754532000000,114772.52,114901.85,114425.65,114575.61,95.33296503
2025-08-07 03:00:00,1754535600000,114575.61,114635.27,114410.47,114566.78,107.39306093
2025-08-07 04:00:00,1754539200000,114566.78,114675.92,114268.6,114372.24,168.18448125
2025-08-07 05:00:00,1754542800000,114372.24,114593.6,114284.85,114593.52,66.85533323
2025-08-07 06:00:00,1754546400000,114593.52,114809.55,114465.67,114678.36,139.81324854
2025-08-07 07:00:00,1754550000000,114678.36,114901.97,114661.2,114813.0,45.72609395
2025-08-07 08:00:00,1754553600000,114813.0,115200.0,114810.9,114987.84,60.88036059
2025-08-07 09:00:00,1754557200000,114987.84,115099.99,114875.2,115081.16,42.65072749
2025-08-07 10:00:00,1754560800000,115081.15,116452.98,115052.95,116362.4,423.53129167
2025-08-07 11:00:00,1754564400000,116362.4,116850.0,116362.4,116535.61,254.56903293
2025-08-07 12:00:00,1754568000000,116533.35,116618.11,116040.6,116390.83,138.36401181
2025-08-07 13:00:00,1754571600000,116390.66,116791.7,116201.45,116673.7,254.30706756
2025-08-07 14:00:00,1754575200000,116684.54,116735.22,116211.63,116392.77,267.84014721
2025-08-07 15:00:00,1754578800000,116392.81,116848.27,116263.37,116732.65,414.55370274
2025-08-07 16:00:00,1754582400000,116732.64,116816.7,115673.04,116293.19,415.33987348
2025-08-07 17:00:00,1754586000000,116293.18,116608.34,116149.23,116541.03,436.40187365
2025-08-07 18:00:00,1754589600000,116531.63,116624.0,116180.03,116596.43,204.50247847
2025-08-07 19:00:00,1754593200000,116596.44,117609.31,116524.09,117525.79,1077.21496092
2025-08-07 20:00:00,1754596800000,117525.53,117575.19,117186.77,117241.81,267.26768164
2025-08-07 21:00:00,1754600400000,117241.22,117430.26,117050.68,117140.17,205.15600404
2025-08-07 22:00:00,1754604000000,117140.19,117687.0,117123.06,117614.78,298.82896408
2025-08-07 23:00:00,1754607600000,117614.78,117651.58,117335.62,117515.49,225.51213667
2025-08-08 00:00:00,1754611200000,117515.69,117687.0,116900.0,117306.0,236.93921939
2025-08-08 01:00:00,1754614800000,117307.1,117335.58,116804.32,116923.73,138.43565023
2025-08-08 02:00:00,1754618400000,116922.44,116962.7,116716.71,116736.93,81.88677164
2025-08-08 03:00:00,1754622000000,116736.93,117010.58,116720.41,116777.39,105.87663505
2025-08-08 04:00:00,1754625600000,116777.38,116907.26,116689.0,116780.0,68.10207419
2025-08-08 05:00:00,1754629200000,116780.01,116786.88,116518.64,116558.16,61.34027364
2025-08-08 06:00:00,1754632800000,116558.17,116797.11,116389.06,116780.78,199.10179715
2025-08-08 07:00:00,1754636400000,116779.13,116999.43,116575.0,116851.97,81.1924593
2025-08-08 08:00:00,1754640000000,116851.96,116965.67,116466.31,116655.08,85.56144234
2025-08-08 09:00:00,1754643600000,116656.26,116766.86,116518.79,116712.13,39.07347085
2025-08-08 10:00:00,1754647200000,116712.12,116758.36,116331.34,116566.72,80.57271758
2025-08-08 11:00:00,1754650800000,116568.14,116958.12,116568.14,116930.25,65.68659807
2025-08-08 12:00:00,1754654400000,116926.53,116930.14,116532.02,116535.98,67.50883024
2025-08-08 13:00:00,1754658000000,116535.99,117010.0,116535.99,116953.25,177.20428873
2025-08-08 14:00:00,1754661600000,116954.52,117330.8,116385.34,116517.13,299.21252197
2025-08-08 15:00:00,1754665200000,116517.12,116558.73,115800.0,116212.94,593.88549922
2025-08-08 16:00:00,1754668800000,116212.95,116391.9,116001.61,116213.47,181.09763283
2025-08-08 17:00:00,1754672400000,116211.26,116731.33,116160.21,116727.56,154.13921694
2025-08-08 18:00:00,1754676000000,116727.56,116924.34,116344.82,116533.35,275.06903509
2025-08-08 19:00:00,1754679600000,116533.34,116788.58,116359.62,116467.8,1243.46724238
2025-08-08 20:00:00,1754683200000,116468.28,116923.59,116332.84,116923.59,168.01454988
2025-08-08 21:00:00,1754686800000,116921.6,116999.97,116758.14,116945.6,129.39119797
2025-08-08 22:00:00,1754690400000,116945.6,117000.0,116765.85,116893.02,107.44449107
2025-08-08 23:00:00,1754694000000,116893.0,116940.85,116648.17,116683.79,230.32698718
2025-08-09 00:00:00,1754697600000,116683.79,116767.22,116570.57,116596.6,255.71549954
2025-08-09 01:00:00,1754701200000,116596.59,116671.01,116523.31,116560.98,244.41168597
2025-08-09 02:00:00,1754704800000,116560.98,116560.98,116380.48,116392.06,220.97350177
2025-08-09 03:00:00,1754708400000,116391.48,116489.04,116343.34,116394.98,89.77093849
2025-08-09 04:00:00,1754712000000,116394.98,116698.74,116360.86,116465.87,71.85519671
2025-08-09 05:00:00,1754715600000,116461.63,116990.0,116430.7,116754.93,132.78831951
2025-08-09 06:00:00,1754719200000,116754.93,116783.44,116551.18,116671.63,88.42948559
2025-08-09 07:00:00,1754722800000,116671.61,116921.68,116649.3,116772.96,70.59277516
2025-08-09 08:00:00,1754726400000,116772.55,117187.0,116762.03,117120.15,94.60237214
2025-08-09 09:00:00,1754730000000,117126.36,117516.17,117057.12,117512.88,96.84885532
2025-08-09 10:00:00,1754733600000,117512.87,117937.89,117390.61,117437.46,135.81036183
2025-08-09 11:00:00,1754737200000,117435.5,117475.74,117086.58,117134.05,75.26987024
2025-08-09 12:00:00,1754740800000,117129.7,117247.64,117019.2,117112.71,68.87658452
2025-08-09 13:00:00,1754744400000,117114.26,117161.83,116878.0,116975.66,64.04332713
2025-08-09 14:00:00,1754748000000,116975.66,117020.14,116755.42,116978.77,76.42107238
2025-08-09 15:00:00,1754751600000,116978.76,117157.64,116720.0,116912.04,97.24772938
2025-08-09 16:00:00,1754755200000,116912.04,116972.03,116651.0,116665.42,72.21852738
2025-08-09 17:00:00,1754758800000,116666.25,116813.21,116632.94,116697.91,66.2757409
2025-08-09 18:00:00,1754762400000,116697.9,116750.56,116563.17,116655.71,71.67455719
2025-08-09 19:00:00,1754766000000,116654.82,116758.23,116528.08,116569.86,78.80952315
2025-08-09 20:00:00,1754769600000,116569.77,117062.29,116520.0,116793.13,158.29075518
2025-08-09 21:00:00,1754773200000,116792.22,116825.67,116406.01,116546.62,121.04069715
2025-08-09 22:00:00,1754776800000,116543.54,116767.37,116518.56,116573.12,77.5057872
2025-08-09 23:00:00,1754780400000,116573.12,116635.03,116458.32,116492.51,56.69812909
2025-08-10 00:00:00,1754784000000,116492.5,116783.51,116480.0,116773.9,44.00223748
2025-08-10 01:00:00,1754787600000,116769.47,116803.66,116559.99,116606.82,45.91583858
2025-08-10 02:00:00,1754791200000,116606.83,117335.49,116595.42,117324.99,71.56253907
2025-08-10 03:00:00,1754794800000,117325.0,118517.15,117260.11,118515.2,389.77269765
2025-08-10 04:00:00,1754798400000,118515.2,118773.35,118360.82,118507.77,311.50847877
2025-08-10 05:00:00,1754802000000,118507.77,118534.89,117909.68,118065.13,97.85398776
2025-08-10 06:00:00,1754805600000,118066.89,118180.41,117741.51,118072.5,58.45319446
2025-08-10 07:00:00,1754809200000,118072.5,118249.0,117477.71,117814.16,84.56124999
2025-08-10 08:00:00,1754812800000,117814.17,118405.0,117617.51,118314.02,65.94234935
2025-08-10 09:00:00,1754816400000,118311.7,118448.06,118116.26,118285.99,43.08699905
2025-08-10 10:00:00,1754820000000,118285.98,118299.17,118002.89,118015.96,37.21101078
2025-08-10 11:00:00,1754823600000,118019.19,118517.65,117934.58,118335.59,66.09765575
2025-08-10 12:00:00,1754827200000,118335.76,118749.99,118236.36,118513.61,106.09096128
2025-08-10 13:00:00,1754830800000,118510.86,118704.09,118364.99,118445.19,109.35428769
2025-08-10 14:00:00,1754834400000,118445.19,118854.31,118317.92,118786.19,187.86694654
2025-08-10 15:00:00,1754838000000,118782.61,119117.68,118557.82,118803.04,153.17990108
2025-08-10 16:00:00,1754841600000,118803.03,118950.0,118613.58,118669.23,87.65098009
2025-08-10 17:00:00,1754845200000,118667.52,118707.95,118449.58,118529.48,59.53383375
2025-08-10 18:00:00,1754848800000,118524.63,118621.14,118436.64,118548.15,46.83791398
2025-08-10 19:00:00,1754852400000,118543.25,118722.51,118445.22,118675.53,67.21330186
2025-08-10 20:00:00,1754856000000,118675.52,118776.91,118081.6,118331.38,162.31143087
2025-08-10 21:00:00,1754859600000,118331.38,118724.04,118101.09,118724.04,121.32862725
2025-08-10 22:00:00,1754863200000,118724.04,119091.51,118623.75,119091.51,169.12393912
2025-08-10 23:00:00,1754866800000,119091.52,119324.08,118857.01,119309.37,264.15367806
2025-08-11 00:00:00,1754870400000,119309.37,119511.38,119123.76,119153.98,220.00654923
2025-08-11 01:00:00,1754874000000,119153.98,120099.99,119000.91,119999.35,533.23818576
2025-08-11 02:00:00,1754877600000,119999.36,121899.34,119949.46,121876.03,883.93188347
2025-08-11 03:00:00,1754881200000,121876.03,122161.33,121546.25,121709.49,481.14581858
2025-08-11 04:00:00,1754884800000,121709.49,122171.84,121598.69,122072.54,442.97827454
2025-08-11 05:00:00,1754888400000,122072.94,122319.14,121780.01,122036.11,225.93953918
2025-08-11 06:00:00,1754892000000,122036.1,122313.85,121900.01,122292.12,149.50411531
2025-08-11 07:00:00,1754895600000,122292.11,122314.0,121452.53,121522.07,138.1804153
2025-08-11 08:00:00,1754899200000,121522.07,121797.44,121177.31,121662.14,141.26380135
2025-08-11 09:00:00,1754902800000,121662.15,121703.75,121094.37,121406.25,150.69541431
2025-08-11 10:00:00,1754906400000,121407.36,121428.76,120926.35,121150.11,106.30077721
2025-08-11 11:00:00,1754910000000,121150.1,121252.87,120248.43,120525.0,257.08554951
2025-08-11 12:00:00,1754913600000,120525.0,120650.65,119505.0,119616.96,395.20319253
2025-08-11 13:00:00,1754917200000,119620.83,120313.4,119333.35,119976.39,436.22205206
2025-08-11 14:00:00,1754920800000,119976.4,120574.09,119749.72,120222.41,228.68076943
2025-08-11 15:00:00,1754924400000,120215.82,120405.2,119821.48,120298.37,264.39300984
2025-08-11 16:00:00,1754928000000,120295.07,120796.74,119911.55,119940.01,319.52686752
2025-08-11 17:00:00,1754931600000,119940.0,120155.0,119462.75,119493.62,202.66435947
2025-08-11 18:00:00,1754935200000,119496.6,119888.03,119252.43,119773.04,181.54433199
2025-08-11 19:00:00,1754938800000,119773.04,119793.45,118541.21,119068.36,474.0734578
2025-08-11 20:00:00,1754942400000,119071.05,119092.36,118549.54,118833.55,231.94121497
2025-08-11 21:00:00,1754946000000,118833.54,119188.15,118050.0,118726.85,448.89963218
2025-08-11 22:00:00,1754949600000,118720.55,118943.63,118285.84,118910.87,207.52853763
2025-08-11 23:00:00,1754953200000,118910.87,118910.87,118600.11,118701.84,99.86045028
2025-08-12 00:00:00,1754956800000,118701.83,119050.0,118607.84,118967.08,114.54207974
2025-08-12 01:00:00,1754960400000,118966.93,119142.08,118779.26,118989.34,123.28719022
2025-08-12 02:00:00,1754964000000,118989.34,119300.0,118839.57,119065.86,82.11458926
2025-08-12 03:00:00,1754967600000,119065.7,119146.64,118751.53,118857.75,67.87276185
2025-08-12 04:00:00,1754971200000,118857.75,119178.17,118806.33,119067.05,66.40884168
2025-08-12 05:00:00,1754974800000,119066.08,119066.08,118419.0,118828.04,147.70362647
2025-08-12 06:00:00,1754978400000,118828.04,119031.67,118606.57,118843.65,85.28335466
2025-08-12 07:00:00,1754982000000,118843.66,119168.54,118843.66,118993.98,73.87862319
2025-08-12 08:00:00,1754985600000,118993.97,119065.05,118733.57,118817.52,85.9320462
2025-08-12 09:00:00,1754989200000,118817.52,118903.38,118400.0,118413.72,90.18101984
2025-08-12 10:00:00,1754992800000,118417.69,118675.12,118212.03,118449.55,120.8299351
2025-08-12 11:00:00,1754996400000,118449.55,118645.94,118190.81,118502.05,138.08254391
2025-08-12 12:00:00,1755000000000,118502.08,119269.04,118256.18,119266.8,455.6738191
2025-08-12 13:00:00,1755003600000,119272.72,119722.87,118617.74,118851.38,455.24447378
2025-08-12 14:00:00,1755007200000,118848.26,119453.88,118750.0,119449.49,248.33604331
2025-08-12 15:00:00,1755010800000,119445.02,119989.0,119310.14,119936.26,340.98609182
2025-08-12 16:00:00,1755014400000,119938.7,120199.99,119522.05,119655.0,219.66084426
2025-08-12 17:00:00,1755018000000,119659.39,119872.11,119191.0,119291.95,271.12484953
2025-08-12 18:00:00,1755021600000,119291.94,120091.72,119258.72,119351.26,304.48621361
2025-08-12 19:00:00,1755025200000,119351.28,119985.85,119300.02,119655.97,215.70164552
2025-08-12 20:00:00,1755028800000,119661.29,120327.0,119499.38,120178.22,294.32297356
2025-08-12 21:00:00,1755032400000,120178.21,120197.8,119787.8,119889.41,284.83779767
2025-08-12 22:00:00,1755036000000,119889.4,120099.16,119627.02,120090.27,169.45817682
2025-08-12 23:00:00,1755039600000,120085.33,120296.55,119893.09,120113.18,159.50880969
2025-08-13 00:00:00,1755043200000,120109.04,120176.93,119584.6,119692.9,140.41087738
2025-08-13 01:00:00,1755046800000,119691.8,119700.9,119328.97,119456.37,178.21766938
2025-08-13 02:00:00,1755050400000,119456.37,119736.53,119075.08,119547.6,126.15661813
2025-08-13 03:00:00,1755054000000,119547.6,119631.2,119300.0,119466.17,101.89726705
2025-08-13 04:00:00,1755057600000,119466.17,119830.0,119319.45,119333.86,109.67764549
2025-08-13 05:00:00,1755061200000,119333.86,119679.0,118931.34,119064.31,124.80812855
2025-08-13 06:00:00,1755064800000,119064.3,119434.93,118948.21,119427.15,96.70017959
2025-08-13 07:00:00,1755068400000,119427.15,119644.04,119294.9,119579.66,74.02406342
2025-08-13 08:00:00,1755072000000,119582.46,120050.0,119457.88,120050.0,180.17088797
2025-08-13 09:00:00,1755075600000,120049.99,120160.0,119778.83,120117.96,265.05888333
2025-08-13 10:00:00,1755079200000,120121.69,120494.01,120028.69,120487.19,412.26005618
2025-08-13 11:00:00,1755082800000,120487.19,120744.18,120415.05,120554.93,246.56941733
2025-08-13 12:00:00,1755086400000,120559.28,120686.83,120200.0,120293.23,231.99779029
2025-08-13 13:00:00,1755090000000,120293.22,122076.44,120103.0,121789.99,738.64502707
2025-08-13 14:00:00,1755093600000,121789.98,122242.36,120787.52,120915.31,1019.28742932
2025-08-13 15:00:00,1755097200000,120915.32,121389.55,120310.07,120941.15,456.36532959
2025-08-13 16:00:00,1755100800000,120941.16,121767.9,120941.16,121451.37,417.82311768
2025-08-13 17:00:00,1755104400000,121451.35,121896.6,121433.0,121833.85,312.08823899
2025-08-13 18:00:00,1755108000000,121833.85,121988.44,121453.51,121654.57,305.96570705
2025-08-13 19:00:00,1755111600000,121654.57,122900.0,121535.9,122804.64,1033.98462571
2025-08-13 20:00:00,1755115200000,122805.14,123041.33,122513.93,122977.64,511.30706549
2025-08-13 21:00:00,1755118800000,122977.64,123077.0,122354.9,122619.9,350.98713949
2025-08-13 22:00:00,1755122400000,122627.4,123698.75,122627.4,123012.91,649.38599101
2025-08-13 23:00:00,1755126000000,123012.91,123740.24,122952.2,123365.63,429.09694001
2025-08-14 00:00:00,1755129600000,123365.63,124533.0,123305.94,123906.29,692.23922413
2025-08-14 01:00:00,1755133200000,123900.3,123997.97,123380.57,123385.95,251.35185005
2025-08-14 02:00:00,1755136800000,123385.94,123749.98,123312.64,123713.03,233.34498513
2025-08-14 03:00:00,1755140400000,123714.86,123912.0,123339.88,123396.86,118.74794493
2025-08-14 04:00:00,1755144000000,123396.85,123477.15,123039.03,123044.91,153.82728842
2025-08-14 05:00:00,1755147600000,123052.22,123186.21,122113.98,122180.62,240.92220888
2025-08-14 06:00:00,1755151200000,122180.62,122200.0,121347.31,121821.19,345.28870039
2025-08-14 07:00:00,1755154800000,121821.19,122099.26,121569.11,121773.02,240.73230798
2025-08-14 08:00:00,1755158400000,121773.02,122084.58,121601.94,121680.88,143.32207366
2025-08-14 09:00:00,1755162000000,121680.88,121983.66,121560.93,121700.18,98.50874056
2025-08-14 10:00:00,1755165600000,121700.18,121835.34,120807.89,120985.93,335.95220758
2025-08-14 11:00:00,1755169200000,120980.26,121077.21,120725.01,121017.92,315.08784864
2025-08-14 12:00:00,1755172800000,121017.92,121216.64,117725.88,118921.99,1250.87095281
2025-08-14 13:00:00,1755176400000,118921.98,119345.19,117750.0,118471.73,1130.45027794
2025-08-14 14:00:00,1755180000000,118467.64,119456.65,118050.27,118871.3,639.05580069
2025-08-14 15:00:00,1755183600000,118871.29,118983.93,117911.69,118298.79,756.53749041
2025-08-14 16:00:00,1755187200000,118290.3,118294.85,117425.25,117912.28,645.23194002
2025-08-14 17:00:00,1755190800000,117912.28,118200.02,117550.01,117968.85,377.72562213
2025-08-14 18:00:00,1755194400000,117968.85,118298.84,117208.97,118155.76,452.06305419
2025-08-14 19:00:00,1755198000000,118160.45,118629.81,117981.74,117997.18,412.921406
2025-08-14 20:00:00,1755201600000,118010.56,118225.77,117790.99,117948.46,429.56160081
2025-08-14 21:00:00,1755205200000,117948.46,118282.68,117388.41,117987.9,360.58305881
2025-08-14 22:00:00,1755208800000,117987.89,118444.78,117717.27,118374.73,269.45973119
2025-08-14 23:00:00,1755212400000,118374.73,118617.45,118312.48,118389.79,260.26308127
2025-08-15 00:00:00,1755216000000,118389.79,118575.98,118092.7,118286.32,155.10848249
2025-08-15 01:00:00,1755219600000,118286.32,118847.77,118126.54,118780.68,134.75989552
2025-08-15 02:00:00,1755223200000,118780.68,119089.46,118680.6,118814.84,193.13790654
2025-08-15 03:00:00,1755226800000,118814.84,119209.6,118714.62,119091.68,353.6260423
2025-08-15 04:00:00,1755230400000,119090.99,119329.47,118885.77,118945.68,266.5314265
2025-08-15 05:00:00,1755234000000,118945.68,119105.85,118732.11,119078.03,101.4852028
2025-08-15 06:00:00,1755237600000,119078.03,119339.57,118965.49,119188.75,70.13898688
2025-08-15 07:00:00,1755241200000,119188.75,119211.96,118834.19,119053.14,63.91105263
2025-08-15 08:00:00,1755244800000,119052.95,119248.66,118949.02,118949.05,79.55495874
2025-08-15 09:00:00,1755248400000,118949.12,119132.75,118682.86,118789.15,48.61079977
2025-08-15 10:00:00,1755252000000,118789.75,119107.87,118789.75,118966.31,41.75647898
2025-08-15 11:00:00,1755255600000,118966.21,119187.55,118966.21,119078.9,48.47601921
2025-08-15 12:00:00,1755259200000,119082.83,119225.3,118578.57,118728.95,127.95528308
2025-08-15 13:00:00,1755262800000,118728.94,118833.81,117784.21,117820.76,428.81735517
2025-08-15 14:00:00,1755266400000,117820.76,118341.74,117297.16,117453.24,412.78056268
2025-08-15 15:00:00,1755270000000,117450.4,117656.81,116859.32,117327.19,487.10309986
2025-08-15 16:00:00,1755273600000,117326.28,117486.66,116861.73,117415.96,315.82285343
2025-08-15 17:00:00,1755277200000,117422.84,117939.94,117050.0,117643.08,279.12539493
2025-08-15 18:00:00,1755280800000,117643.1,117759.36,117069.53,117223.94,175.24523491
2025-08-15 19:00:00,1755284400000,117225.63,117483.8,116903.2,116997.52,507.33897795
2025-08-15 20:00:00,1755288000000,116997.52,117396.2,116925.37,117348.01,196.77012252
2025-08-15 21:00:00,1755291600000,117348.01,117432.15,117070.01,117400.0,143.8968039
2025-08-15 22:00:00,1755295200000,117400.0,117834.21,117364.12,117792.66,128.98804864
2025-08-15 23:00:00,1755298800000,117792.67,117860.44,117123.02,117436.96,229.85836857
2025-08-16 00:00:00,1755302400000,117436.95,117882.79,117322.82,117832.99,213.15227261
2025-08-16 01:00:00,1755306000000,117833.0,118028.68,117709.17,117921.26,163.26625772
2025-08-16 02:00:00,1755309600000,117921.26,117922.95,117524.01,117600.01,125.15973706
2025-08-16 03:00:00,1755313200000,117600.02,117770.96,117479.98,117532.82,79.24554194
2025-08-16 04:00:00,1755316800000,117532.82,118000.0,117515.2,117919.49,69.68023236
2025-08-16 05:00:00,1755320400000,117919.49,117951.84,117624.31,117700.0,50.08545952
2025-08-16 06:00:00,1755324000000,117700.0,117735.2,117387.8,117488.05,64.88101244
2025-08-16 07:00:00,1755327600000,117488.04,117780.05,117446.2,117694.76,56.81793988
2025-08-16 08:00:00,1755331200000,117698.15,117761.6,117580.01,117709.71,38.84327066
2025-08-16 09:00:00,1755334800000,117709.74,117809.65,117387.97,117390.63,54.3656411
2025-08-16 10:00:00,1755338400000,117396.27,117532.8,117222.01,117479.87,70.43927016
2025-08-16 11:00:00,1755342000000,117477.88,117625.79,117436.02,117469.11,45.01241596
2025-08-16 12:00:00,1755345600000,117469.12,117834.49,117416.82,117828.1,92.29696215
2025-08-16 13:00:00,1755349200000,117827.47,117873.48,117662.24,117719.42,74.75545682
2025-08-16 14:00:00,1755352800000,117719.41,117870.0,117625.88,117857.26,84.2430855
2025-08-16 15:00:00,1755356400000,117857.25,117909.0,117694.0,117768.19,68.37040996
2025-08-16 16:00:00,1755360000000,117768.2,117900.0,117762.35,117839.13,49.48147952
2025-08-16 17:00:00,1755363600000,117829.9,117848.37,117737.35,117779.89,42.44757109
2025-08-16 18:00:00,1755367200000,117779.9,117845.08,117700.0,117773.62,37.02556093
2025-08-16 19:00:00,1755370800000,117773.63,117852.1,117726.98,117748.04,40.60980744
2025-08-16 20:00:00,1755374400000,117748.04,117801.9,117594.41,117739.02,57.65167239
2025-08-16 21:00:00,1755378000000,117739.09,117739.14,117505.33,117523.05,58.17561355
2025-08-16 22:00:00,1755381600000,117523.05,117634.5,117300.0,117544.83,99.15397271
2025-08-16 23:00:00,1755385200000,117544.83,117567.8,117356.95,117455.68,46.53374179
2025-08-17 00:00:00,1755388800000,117455.69,117504.67,117334.04,117340.98,67.38263277
2025-08-17 01:00:00,1755392400000,117336.88,117578.38,117249.49,117518.31,62.75462307
2025-08-17 02:00:00,1755396000000,117518.31,117707.08,117467.05,117680.21,68.13691889
2025-08-17 03:00:00,1755399600000,117680.21,117845.57,117579.99,117769.65,130.41548066
2025-08-17 04:00:00,1755403200000,117769.66,118270.92,117767.8,118160.85,84.22309034
2025-08-17 05:00:00,1755406800000,118162.15,118313.42,118076.43,118088.14,70.4740701
2025-08-17 06:00:00,1755410400000,118088.14,118194.65,117986.32,118012.05,32.86819856
2025-08-17 07:00:00,1755414000000,118012.04,118134.1,117927.37,118099.59,46.58803367
2025-08-17 08:00:00,1755417600000,118099.59,118481.09,118010.84,118458.86,53.42309012
2025-08-17 09:00:00,1755421200000,118458.86,118565.19,118293.8,118400.11,101.6942224
2025-08-17 10:00:00,1755424800000,118400.12,118455.64,118247.1,118455.64,154.22027462
2025-08-17 11:00:00,1755428400000,118455.63,118471.79,118339.91,118376.1,79.19743404
2025-08-17 12:00:00,1755432000000,118376.1,118419.67,118203.02,118227.33,91.09568123
2025-08-17 13:00:00,1755435600000,118227.34,118641.6,118132.02,118507.36,131.80374604
2025-08-17 14:00:00,1755439200000,118507.35,118547.79,118209.43,118219.87,93.95570935
2025-08-17 15:00:00,1755442800000,118219.86,118329.19,118200.0,118302.2,77.51251735
2025-08-17 16:00:00,1755446400000,118302.2,118375.0,117779.21,117888.98,141.72156608
2025-08-17 17:00:00,1755450000000,117888.97,118007.98,117711.0,117966.91,75.74888352
2025-08-17 18:00:00,1755453600000,117966.91,118023.0,117383.2,117631.58,101.42733803
2025-08-17 19:00:00,1755457200000,117631.58,117821.87,117532.83,117656.36,64.68323764
2025-08-17 20:00:00,1755460800000,117649.85,117823.22,117576.8,117672.55,49.51637382
2025-08-17 21:00:00,1755464400000,117673.65,117853.06,117667.38,117779.77,62.01480614
2025-08-17 22:00:00,1755468000000,117779.78,118082.45,117750.78,118031.67,76.83014719
2025-08-17 23:00:00,1755471600000,118031.66,118052.98,117445.38,117488.6,103.92944389
2025-08-18 00:00:00,1755475200000,117488.59,117633.8,117101.6,117372.53,151.14440766
2025-08-18 01:00:00,1755478800000,117372.52,117493.16,116256.0,116351.04,471.35881568
2025-08-18 02:00:00,1755482400000,116351.03,116424.0,115382.66,115522.04,542.05457642
2025-08-18 03:00:00,1755486000000,115522.04,115713.06,115068.0,115397.11,302.63976212
2025-08-18 04:00:00,1755489600000,115397.12,115616.74,115164.22,115557.59,185.51224208
2025-08-18 05:00:00,1755493200000,115557.59,115778.72,115063.46,115772.8,217.81378254
2025-08-18 06:00:00,1755496800000,115772.79,115807.46,114949.99,115326.82,336.80865763
2025-08-18 07:00:00,1755500400000,115326.81,115559.44,115263.01,115283.52,129.30513604
2025-08-18 08:00:00,1755504000000,115283.51,115472.65,115132.86,115206.88,88.65310086
2025-08-18 09:00:00,1755507600000,115204.61,115217.0,114703.26,115108.19,310.83240721
2025-08-18 10:00:00,1755511200000,115108.19,115343.13,115045.0,115135.61,100.54204871
2025-08-18 11:00:00,1755514800000,115135.61,115214.42,114715.9,115015.51,388.65806718
2025-08-18 12:00:00,1755518400000,115010.78,115589.0,114950.42,115579.48,168.20531503
2025-08-18 13:00:00,1755522000000,115593.14,115813.0,114863.47,114904.0,448.52188949
2025-08-18 14:00:00,1755525600000,114907.26,115698.95,114890.6,115691.65,452.72060397
2025-08-18 15:00:00,1755529200000,115688.61,116249.99,115462.1,116208.06,273.29054457
2025-08-18 16:00:00,1755532800000,116206.56,116430.35,115900.91,116029.51,298.40345551
2025-08-18 17:00:00,1755536400000,116029.51,116888.0,116029.5,116484.25,328.70790894
2025-08-18 18:00:00,1755540000000,116484.25,116657.61,116287.26,116546.01,235.20340078
2025-08-18 19:00:00,1755543600000,116546.2,116700.72,116253.94,116365.53,394.03705155
2025-08-18 20:00:00,1755547200000,116362.83,116604.6,116030.36,116466.71,360.71977143
2025-08-18 21:00:00,1755550800000,116465.46,116746.64,116465.46,116726.0,193.21511762
2025-08-18 22:00:00,1755554400000,116723.11,117046.65,116452.62,116457.67,270.9082257
2025-08-18 23:00:00,1755558000000,116457.68,116625.25,116147.75,116286.76,113.59737847
2025-08-19 00:00:00,1755561600000,116286.75,116617.19,115576.44,116617.16,275.6391958
2025-08-19 01:00:00,1755565200000,116611.89,116792.87,115763.36,115856.61,162.54979909
2025-08-19 02:00:00,1755568800000,115856.61,116108.56,115686.28,115806.01,92.50290449
2025-08-19 03:00:00,1755572400000,115806.01,115828.29,114852.97,114864.96,366.57553709
2025-08-19 04:00:00,1755576000000,114860.03,115420.19,114420.0,115346.71,255.42049874
2025-08-19 05:00:00,1755579600000,115344.25,115518.52,115000.0,115005.65,142.85464913
2025-08-19 06:00:00,1755583200000,115005.65,115270.9,114945.2,115058.01,120.00340109
2025-08-19 07:00:00,1755586800000,115058.02,115106.96,114658.19,115020.64,197.90068854
2025-08-19 08:00:00,1755590400000,115029.27,115351.85,114837.91,115229.83,125.45903467
2025-08-19 09:00:00,1755594000000,115229.91,115548.11,115228.43,115372.56,120.95409543
2025-08-19 10:00:00,1755597600000,115373.9,115632.8,115354.71,115441.66,81.50766068
2025-08-19 11:00:00,1755601200000,115441.66,115706.16,115441.66,115550.06,125.79941091
2025-08-19 12:00:00,1755604800000,115550.05,115662.82,115305.51,115630.12,88.7960312
2025-08-19 13:00:00,1755608400000,115630.12,115922.62,114891.59,115212.71,507.56086938
2025-08-19 14:00:00,1755612000000,115212.71,115415.7,113759.0,113886.29,1320.65870533
2025-08-19 15:00:00,1755615600000,113885.99,114189.23,113558.05,113791.91,695.51517219
2025-08-19 16:00:00,1755619200000,113791.91,113905.14,113304.69,113375.27,393.96048076
2025-08-19 17:00:00,1755622800000,113373.31,113601.73,113100.0,113506.6,638.59708981
2025-08-19 18:00:00,1755626400000,113506.6,113517.06,112810.11,113034.75,599.97547002
2025-08-19 19:00:00,1755630000000,113034.75,113556.9,112720.0,113105.4,659.51269864
2025-08-19 20:00:00,1755633600000,113097.95,113562.15,112903.9,113560.28,326.47160812
2025-08-19 21:00:00,1755637200000,113560.28,113573.8,113390.56,113402.36,131.98519005
2025-08-19 22:00:00,1755640800000,113402.35,113428.68,113038.48,113157.32,146.68893285
2025-08-19 23:00:00,1755644400000,113157.32,113187.64,112696.56,112856.19,341.69540412
2025-08-20 00:00:00,1755648000000,112853.66,113322.82,112822.49,113197.0,251.8299983
2025-08-20 01:00:00,1755651600000,113196.99,113400.0,112555.0,112995.67,258.12674678
2025-08-20 02:00:00,1755655200000,112995.67,113506.62,112916.81,113438.6,182.69572287
2025-08-20 03:00:00,1755658800000,113438.71,113646.85,113316.21,113521.93,163.88629579
2025-08-20 04:00:00,1755662400000,113521.93,113714.46,113461.61,113633.09,101.13617159
2025-08-20 05:00:00,1755666000000,113633.09,113776.95,113468.3,113714.48,80.09395618
2025-08-20 06:00:00,1755669600000,113718.62,113747.94,113489.31,113658.86,103.36733427
2025-08-20 07:00:00,1755673200000,113658.85,113845.0,113429.11,113491.9,105.03544447
2025-08-20 08:00:00,1755676800000,113491.9,114042.83,113400.0,114000.26,165.85881783
2025-08-20 09:00:00,1755680400000,114008.04,114008.05,113609.84,113682.56,165.12298586
2025-08-20 10:00:00,1755684000000,113682.56,113869.34,113557.42,113774.64,205.40386794
2025-08-20 11:00:00,1755687600000,113774.65,113844.36,113023.77,113667.96,252.74475032
2025-08-20 12:00:00,1755691200000,113661.58,113955.39,113508.36,113665.52,131.99632618
2025-08-20 13:00:00,1755694800000,113665.51,113665.52,112472.5,112674.73,497.47955074
2025-08-20 14:00:00,1755698400000,112674.74,113870.95,112344.11,113456.47,632.87307782
2025-08-20 15:00:00,1755702000000,113456.47,114336.0,113219.67,113347.09,594.05813879
2025-08-20 16:00:00,1755705600000,113347.08,114325.85,113232.0,113850.04,292.3150853
2025-08-20 17:00:00,1755709200000,113850.03,114458.52,113780.72,114215.27,209.26438976
2025-08-20 18:00:00,1755712800000,114215.28,114298.68,113250.52,113489.29,323.69923124
2025-08-20 19:00:00,1755716400000,113490.98,114364.44,113468.24,114279.3,342.38037108
2025-08-20 20:00:00,1755720000000,114279.3,114399.32,114003.01,114382.5,201.86922629
2025-08-20 21:00:00,1755723600000,114382.5,114493.46,113992.42,114362.66,210.03480305
2025-08-20 22:00:00,1755727200000,114362.67,114627.37,114202.92,114603.21,147.8848226
2025-08-20 23:00:00,1755730800000,114604.06,114625.0,114209.78,114276.0,145.11893568
2025-08-21 00:00:00,1755734400000,114276.0,114500.0,114012.39,114291.55,192.1836078
2025-08-21 01:00:00,1755738000000,114291.55,114735.61,113949.2,114719.82,213.36769853
2025-08-21 02:00:00,1755741600000,114719.81,114812.0,113895.87,114028.97,206.1775166
2025-08-21 03:00:00,1755745200000,114028.96,114534.72,113947.16,113953.7,144.03461797
2025-08-21 04:00:00,1755748800000,113950.23,114029.01,113777.78,113788.75,92.04101532
2025-08-21 05:00:00,1755752400000,113788.75,114010.78,113617.04,113977.78,101.4957389
2025-08-21 06:00:00,1755756000000,113977.77,113977.78,113602.76,113795.44,88.16901823
2025-08-21 07:00:00,1755759600000,113795.09,113917.75,113550.19,113873.16,202.78598421
2025-08-21 08:00:00,1755763200000,113873.16,113976.0,113566.93,113566.94,144.02889682
2025-08-21 09:00:00,1755766800000,113566.94,113593.85,113261.29,113352.92,280.2448483
2025-08-21 10:00:00,1755770400000,113352.93,113465.85,113191.76,113318.46,152.19869448
2025-08-21 11:00:00,1755774000000,113318.46,113526.06,112975.93,113121.25,126.357985
2025-08-21 12:00:00,1755777600000,113121.24,113400.0,112904.87,113073.52,145.26473555
2025-08-21 13:00:00,1755781200000,113073.52,113723.28,113019.38,113459.78,325.45419666
2025-08-21 14:00:00,1755784800000,113460.19,113980.0,112890.42,113260.89,493.5742173
2025-08-21 15:00:00,1755788400000,113260.88,113368.49,112561.79,112762.44,962.44420165
2025-08-21 16:00:00,1755792000000,112765.93,112950.22,112289.69,112354.93,474.94400204
2025-08-21 17:00:00,1755795600000,112356.07,112567.95,112150.0,112389.65,323.47509088
2025-08-21 18:00:00,1755799200000,112389.65,112656.33,112172.76,112571.11,186.17143802
2025-08-21 19:00:00,1755802800000,112571.1,112712.04,111964.0,112160.29,557.12566488
2025-08-21 20:00:00,1755806400000,112148.58,112833.18,112031.34,112412.16,238.44029714
2025-08-21 21:00:00,1755810000000,112412.79,112708.0,112062.49,112590.61,163.15548323
2025-08-21 22:00:00,1755813600000,112590.6,112689.06,112374.68,112470.97,123.61740691
2025-08-21 23:00:00,1755817200000,112470.97,112481.93,112214.42,112480.3,96.99199723
2025-08-22 00:00:00,1755820800000,112480.29,112814.46,112439.75,112597.52,226.68971689
2025-08-22 01:00:00,1755824400000,112597.52,112894.44,112290.84,112803.81,145.3372162
2025-08-22 02:00:00,1755828000000,112803.81,113498.32,112741.51,113117.39,272.86239006
2025-08-22 03:00:00,1755831600000,113117.39,113411.88,112840.99,112890.92,151.49825368
2025-08-22 04:00:00,1755835200000,112890.91,113219.65,112661.57,112799.01,160.22845554
2025-08-22 05:00:00,1755838800000,112799.01,113239.64,112794.35,113190.94,152.26658282
2025-08-22 06:00:00,1755842400000,113190.93,113353.64,112800.79,112954.98,189.15013444
2025-08-22 07:00:00,1755846000000,112959.99,113214.79,112892.88,113042.75,169.10152916
2025-08-22 08:00:00,1755849600000,113046.98,113275.64,112894.69,112944.33,129.74567784
2025-08-22 09:00:00,1755853200000,112944.33,113098.77,112768.32,113007.0,125.30126658
2025-08-22 10:00:00,1755856800000,113007.0,113026.99,112470.42,112491.65,125.30730236
2025-08-22 11:00:00,1755860400000,112491.65,112585.35,112141.38,112285.28,127.83377326
2025-08-22 12:00:00,1755864000000,112292.41,112697.81,111649.75,112308.69,400.08093802
2025-08-22 13:00:00,1755867600000,112310.69,112650.0,111904.18,112459.99,384.97286521
2025-08-22 14:00:00,1755871200000,112450.74,116131.29,112450.73,115805.63,1883.46206335
2025-08-22 15:00:00,1755874800000,115805.64,117312.7,115805.64,116366.84,1197.61837423
2025-08-22 16:00:00,1755878400000,116370.1,116787.36,116104.4,116139.59,692.86276802
2025-08-22 17:00:00,1755882000000,116138.44,117024.99,116138.44,117005.79,457.65770386
2025-08-22 18:00:00,1755885600000,117005.78,117416.73,116726.65,116793.88,416.13329062
2025-08-22 19:00:00,1755889200000,116797.25,116920.99,116492.32,116648.95,447.83333393
2025-08-22 20:00:00,1755892800000,116645.36,117136.16,116565.24,117044.19,264.89006816
2025-08-22 21:00:00,1755896400000,117042.21,117186.68,116806.5,117011.44,180.42010682
2025-08-22 22:00:00,1755900000000,117011.44,117037.44,116530.32,116733.54,156.7141585
2025-08-22 23:00:00,1755903600000,116732.46,116912.95,116641.77,116908.68,89.75292136
2025-08-23 00:00:00,1755907200000,116911.9,116999.03,116691.78,116822.04,78.82900577
2025-08-23 01:00:00,1755910800000,116822.04,116838.72,116238.38,116396.5,91.8513737
2025-08-23 02:00:00,1755914400000,116396.51,116496.15,115450.27,115882.25,228.00417387
2025-08-23 03:00:00,1755918000000,115882.25,115976.99,115400.02,115509.75,124.60410841
2025-08-23 04:00:00,1755921600000,115509.75,115918.11,115492.2,115884.85,98.79584213
2025-08-23 05:00:00,1755925200000,115881.91,115986.17,115734.94,115891.23,71.57159353
2025-08-23 06:00:00,1755928800000,115891.24,115960.07,115627.15,115720.0,49.96774843
2025-08-23 07:00:00,1755932400000,115720.0,115883.08,115600.0,115762.06,85.97679202
2025-08-23 08:00:00,1755936000000,115762.08,115830.9,115555.88,115691.64,53.58703416
2025-08-23 09:00:00,1755939600000,115691.64,115743.57,115543.27,115709.35,69.79492251
2025-08-23 10:00:00,1755943200000,115709.35,115728.21,115521.18,115521.18,59.21938238
2025-08-23 11:00:00,1755946800000,115524.21,115580.14,115129.35,115249.95,79.39494469
2025-08-23 12:00:00,1755950400000,115261.55,115441.6,115131.54,115166.74,93.14816454
2025-08-23 13:00:00,1755954000000,115167.95,115167.95,114695.01,114825.03,202.59761412
2025-08-23 14:00:00,1755957600000,114825.03,115043.58,114575.13,114581.87,197.92015766
2025-08-23 15:00:00,1755961200000,114581.87,114920.81,114505.0,114770.0,127.33612406
2025-08-23 16:00:00,1755964800000,114770.01,115062.12,114637.4,114967.39,137.27657284
2025-08-23 17:00:00,1755968400000,114966.66,115130.29,114904.25,115054.9,78.60900003
2025-08-23 18:00:00,1755972000000,115054.91,115154.99,115000.0,115108.64,50.03304051
2025-08-23 19:00:00,1755975600000,115108.64,115137.43,115000.0,115098.49,49.7164098
2025-08-23 20:00:00,1755979200000,115100.69,115297.1,115056.34,115288.99,58.2394854
2025-08-23 21:00:00,1755982800000,115284.86,115288.67,114962.64,114983.8,65.91057116
2025-08-23 22:00:00,1755986400000,114983.8,115299.81,114983.8,115278.45,47.82200861
2025-08-23 23:00:00,1755990000000,115278.43,115396.27,115195.74,115383.87,45.21318235
2025-08-24 00:00:00,1755993600000,115383.87,115497.43,115250.63,115329.99,76.77286713
2025-08-24 01:00:00,1755997200000,115330.0,115527.83,115135.96,115422.46,81.31314517
2025-08-24 02:00:00,1756000800000,115422.46,115616.53,114945.77,114955.01,103.1756698
2025-08-24 03:00:00,1756004400000,114955.01,115147.06,114880.12,114986.76,66.08990903
2025-08-24 04:00:00,1756008000000,114986.76,115247.33,114986.76,115124.88,41.39049271
2025-08-24 05:00:00,1756011600000,115124.88,115164.51,114862.43,114944.39,49.62511641
2025-08-24 06:00:00,1756015200000,114955.68,115011.15,114795.39,114810.6,58.37195944
2025-08-24 07:00:00,1756018800000,114810.59,115067.65,114797.85,114837.1,31.51039325
2025-08-24 08:00:00,1756022400000,114839.21,114934.66,114701.0,114790.25,47.67920156
2025-08-24 09:00:00,1756026000000,114790.25,115010.7,114615.04,114792.84,66.73621855
2025-08-24 10:00:00,1756029600000,114792.85,114920.63,114548.45,114739.3,57.39992018
2025-08-24 11:00:00,1756033200000,114739.3,114862.37,114577.32,114697.43,46.52679802
2025-08-24 12:00:00,1756036800000,114697.06,114793.58,114554.37,114626.23,39.48399515
2025-08-24 13:00:00,1756040400000,114626.23,114839.65,114518.76,114525.18,79.94762771
2025-08-24 14:00:00,1756044000000,114528.67,114622.5,114310.09,114466.37,317.15057909
2025-08-24 15:00:00,1756047600000,114466.37,114827.6,114362.57,114368.38,115.11075223
2025-08-24 16:00:00,1756051200000,114368.39,114506.75,114210.16,114229.61,137.03924093
2025-08-24 17:00:00,1756054800000,114229.59,114531.69,114200.0,114372.01,154.65686214
2025-08-24 18:00:00,1756058400000,114368.26,114865.26,114254.8,114582.51,282.9565205
2025-08-24 19:00:00,1756062000000,114577.21,114754.44,110635.0,112588.1,1632.95010557
2025-08-24 20:00:00,1756065600000,112577.95,112980.96,111613.24,112764.29,587.21287864
2025-08-24 21:00:00,1756069200000,112772.22,113393.09,112365.24,112975.77,203.36067346
2025-08-24 22:00:00,1756072800000,112978.96,113487.81,112602.01,113434.27,206.21862398
2025-08-24 23:00:00,1756076400000,113437.17,113677.84,113343.32,113478.0,120.08367421
2025-08-25 00:00:00,1756080000000,113478.0,113500.0,112135.98,112628.06,264.33387323
2025-08-25 01:00:00,1756083600000,112627.1,113130.1,112593.22,113058.64,186.29358673
2025-08-25 02:00:00,1756087200000,113058.61,113612.03,113041.5,113384.2,138.22005574
2025-08-25 03:00:00,1756090800000,113382.63,113645.32,112846.22,112883.89,187.9473754
2025-08-25 04:00:00,1756094400000,112883.89,113034.82,112575.04,112740.78,179.62139202
2025-08-25 05:00:00,1756098000000,112756.82,112840.41,112289.78,112292.52,156.79317217
2025-08-25 06:00:00,1756101600000,112289.77,112432.85,111714.7,111902.84,247.14467439
2025-08-25 07:00:00,1756105200000,111906.4,112143.64,111265.62,111479.54,297.13343516
2025-08-25 08:00:00,1756108800000,111480.85,111811.59,110934.71,111387.22,268.83674496
2025-08-25 09:00:00,1756112400000,111387.22,111816.09,111227.16,111761.68,134.43025275
2025-08-25 10:00:00,1756116000000,111761.69,111786.73,110903.0,110950.7,266.3654896
2025-08-25 11:00:00,1756119600000,110950.7,111251.44,110894.14,111189.32,334.06657645
2025-08-25 12:00:00,1756123200000,111189.27,111663.6,111014.96,111561.79,446.81515047
2025-08-25 13:00:00,1756126800000,111556.02,111742.06,110555.26,111473.22,691.93750134
2025-08-25 14:00:00,1756130400000,111472.12,112319.04,111301.01,112257.4,548.30949406
2025-08-25 15:00:00,1756134000000,112262.19,112567.58,111820.5,112187.03,386.37720957
2025-08-25 16:00:00,1756137600000,112187.03,112932.52,112018.92,112500.03,336.03243544
2025-08-25 17:00:00,1756141200000,112500.03,112796.78,112144.87,112434.9,215.2633416
2025-08-25 18:00:00,1756144800000,112434.89,112621.36,112228.01,112385.02,165.48830188
2025-08-25 19:00:00,1756148400000,112393.36,112439.56,110641.09,110693.42,478.03089251
2025-08-25 20:00:00,1756152000000,110693.42,111081.81,109395.02,109572.38,1549.40817417
2025-08-25 21:00:00,1756155600000,109565.06,110300.01,109275.74,109896.39,519.79700162
2025-08-25 22:00:00,1756159200000,109896.4,110621.14,109896.4,110161.03,294.41327959
2025-08-25 23:00:00,1756162800000,110161.02,110295.83,109800.0,110127.74,216.14717591
2025-08-26 00:00:00,1756166400000,110127.74,110127.74,108922.13,109105.48,821.89358225
2025-08-26 01:00:00,1756170000000,109105.48,109935.0,108670.0,109915.09,457.53830752
2025-08-26 02:00:00,1756173600000,109915.09,110040.82,109517.95,109728.13,233.29676029
2025-08-26 03:00:00,1756177200000,109728.13,109947.59,109438.94,109899.97,222.75389959
2025-08-26 04:00:00,1756180800000,109901.04,110256.43,109898.96,110109.19,150.18093835
2025-08-26 05:00:00,1756184400000,110109.19,110391.56,110102.09,110212.23,131.43791249
2025-08-26 06:00:00,1756188000000,110212.21,110359.9,109902.4,110007.83,142.21139869
2025-08-26 07:00:00,1756191600000,110007.83,110560.24,109762.54,110302.51,150.44886878
2025-08-26 08:00:00,1756195200000,110302.51,110460.73,109999.01,110109.02,141.51672568
2025-08-26 09:00:00,1756198800000,110109.03,110419.68,110031.11,110164.49,104.27989108
2025-08-26 10:00:00,1756202400000,110164.49,110432.19,110064.51,110223.89,132.9044544
2025-08-26 11:00:00,1756206000000,110223.9,110239.08,109550.0,109876.0,248.04570995
2025-08-26 12:00:00,1756209600000,109876.0,110810.22,109596.93,110205.6,398.95293962
2025-08-26 13:00:00,1756213200000,110205.6,110271.63,109337.48,110081.06,559.96668184
2025-08-26 14:00:00,1756216800000,110078.17,110541.09,109780.89,110350.0,527.81452986
2025-08-26 15:00:00,1756220400000,110350.0,110553.71,109538.4,109657.06,420.25718206
2025-08-26 16:00:00,1756224000000,109657.06,110166.11,109432.81,110159.26,330.70495167
2025-08-26 17:00:00,1756227600000,110159.25,110204.92,109577.17,109993.39,289.5183995
2025-08-26 18:00:00,1756231200000,109993.39,110991.84,109965.39,110711.14,521.46568219
2025-08-26 19:00:00,1756234800000,110711.14,111183.3,110502.28,111125.26,663.89723882
2025-08-26 20:00:00,1756238400000,111119.96,111418.99,110921.91,111345.68,484.91016379
2025-08-26 21:00:00,1756242000000,111345.68,111600.0,111120.45,111600.0,147.95538051
2025-08-26 22:00:00,1756245600000,111599.93,111970.66,111574.58,111917.04,219.82470892
2025-08-26 23:00:00,1756249200000,111917.04,112399.99,111747.39,111788.01,233.78894058
2025-08-27 00:00:00,1756252800000,111788.04,111832.1,111339.0,111360.0,201.22518446
2025-08-27 01:00:00,1756256400000,111360.01,111494.17,111102.61,111321.42,102.3416666
2025-08-27 02:00:00,1756260000000,111321.42,111501.73,111118.38,111158.76,91.93912872
2025-08-27 03:00:00,1756263600000,111154.82,111733.01,110922.63,111426.39,144.43418127
2025-08-27 04:00:00,1756267200000,111426.39,111740.09,111410.88,111576.1,99.12891481
2025-08-27 05:00:00,1756270800000,111576.11,111685.85,111333.0,111365.77,102.5812123
2025-08-27 06:00:00,1756274400000,111365.76,111377.51,111012.84,111034.53,49.32955783
2025-08-27 07:00:00,1756278000000,111034.52,111125.0,110639.9,110737.17,98.62193776
2025-08-27 08:00:00,1756281600000,110737.17,110837.26,110351.11,110747.55,172.44473012
2025-08-27 09:00:00,1756285200000,110747.54,111130.25,110710.3,110808.06,145.70322217
2025-08-27 10:00:00,1756288800000,110808.15,111273.66,110807.09,110976.65,102.97806499
2025-08-27 11:00:00,1756292400000,110976.64,111406.82,110976.64,111323.01,71.43529833
2025-08-27 12:00:00,1756296000000,111323.0,111413.36,111018.1,111351.55,134.38319444
2025-08-27 13:00:00,1756299600000,111351.55,111931.76,111009.81,111511.59,519.49504075
2025-08-27 14:00:00,1756303200000,111511.57,112683.39,111301.45,111823.84,497.20423807
2025-08-27 15:00:00,1756306800000,111823.85,112111.72,111516.46,112027.96,243.50845543
2025-08-27 16:00:00,1756310400000,112027.96,112274.82,111565.09,112131.73,290.01717578
2025-08-27 17:00:00,1756314000000,112134.54,112471.72,111900.62,112349.7,252.23791681
2025-08-27 18:00:00,1756317600000,112347.8,112639.41,111930.8,111962.6,281.16513405
2025-08-27 19:00:00,1756321200000,111964.37,112231.5,111574.53,112078.96,338.07621574
2025-08-27 20:00:00,1756324800000,112077.25,112433.72,110930.48,112417.99,657.85043609
2025-08-27 21:00:00,1756328400000,112417.99,112457.03,111350.0,111524.41,203.62479663
2025-08-27 22:00:00,1756332000000,111533.82,111614.43,111047.85,111426.06,224.05627593
2025-08-27 23:00:00,1756335600000,111426.06,111553.89,111097.59,111253.21,127.63930017
2025-08-28 00:00:00,1756339200000,111253.22,111540.76,110858.78,111340.78,178.0235475
2025-08-28 01:00:00,1756342800000,111340.61,111727.28,111334.32,111652.8,96.05410898
2025-08-28 02:00:00,1756346400000,111652.79,111766.94,111439.36,111493.63,100.91572943
2025-08-28 03:00:00,1756350000000,111493.62,112049.33,111392.05,112013.83,109.41572196
2025-08-28 04:00:00,1756353600000,112013.84,113082.1,111947.95,112971.22,169.7334671
2025-08-28 05:00:00,1756357200000,112972.29,113167.36,112695.77,112853.05,135.06203929
2025-08-28 06:00:00,1756360800000,112853.05,113282.5,112712.55,113210.32,126.9749858
2025-08-28 07:00:00,1756364400000,113210.32,113364.92,113009.0,113127.51,197.69636613
2025-08-28 08:00:00,1756368000000,113127.5,113360.49,113006.09,113128.89,164.82972382
2025-08-28 09:00:00,1756371600000,113128.88,113137.5,112842.28,112864.1,92.87382425
2025-08-28 10:00:00,1756375200000,112864.09,113140.74,112810.5,113133.77,120.82912074
2025-08-28 11:00:00,1756378800000,113133.75,113166.07,112848.55,112924.36,103.53702649
2025-08-28 12:00:00,1756382400000,112924.36,113346.2,112780.31,113245.79,229.14827269
2025-08-28 13:00:00,1756386000000,113248.1,113480.0,112582.56,112822.66,261.87436159
2025-08-28 14:00:00,1756389600000,112828.87,113322.3,112518.47,113160.26,296.02998913
2025-08-28 15:00:00,1756393200000,113162.7,113277.77,112380.8,112692.44,322.66067539
2025-08-28 16:00:00,1756396800000,112692.43,113216.42,112342.62,112342.62,570.95776939
2025-08-28 17:00:00,1756400400000,112341.75,112648.13,112223.57,112395.67,315.61987038
2025-08-28 18:00:00,1756404000000,112395.68,112718.76,112227.59,112374.62,197.67140531
2025-08-28 19:00:00,1756407600000,112374.62,112593.61,111895.32,111905.45,168.21695501
2025-08-28 20:00:00,1756411200000,111905.45,112117.74,111862.39,111906.28,284.73273701
2025-08-28 21:00:00,1756414800000,111906.28,112158.74,111897.19,112024.62,93.54489002
2025-08-28 22:00:00,1756418400000,112024.62,112516.99,112024.61,112349.49,135.23314397
2025-08-28 23:00:00,1756422000000,112349.49,112589.0,112303.75,112574.85,165.65609071
2025-08-29 00:00:00,1756425600000,112574.84,112642.53,112133.73,112209.65,222.13416908
2025-08-29 01:00:00,1756429200000,112209.66,112285.15,111412.43,111490.62,283.64008016
2025-08-29 02:00:00,1756432800000,111490.61,111800.61,111382.22,111435.57,156.25257334
2025-08-29 03:00:00,1756436400000,111435.57,111846.37,111315.03,111712.23,109.81470978
2025-08-29 04:00:00,1756440000000,111712.24,111867.31,111422.85,111512.56,89.10651871
2025-08-29 05:00:00,1756443600000,111524.44,111593.66,111135.1,111317.08,128.19910032
2025-08-29 06:00:00,1756447200000,111317.08,111415.98,110966.33,111287.62,167.99991921
2025-08-29 07:00:00,1756450800000,111287.61,111291.81,109907.05,110020.05,326.15348301
2025-08-29 08:00:00,1756454400000,110020.06,110287.35,109602.0,109625.2,211.38155889
2025-08-29 09:00:00,1756458000000,109625.19,109930.75,109400.0,109765.91,185.34717083
2025-08-29 10:00:00,1756461600000,109769.08,110036.61,109742.18,110003.77,152.76564432
2025-08-29 11:00:00,1756465200000,110003.77,110169.04,109838.71,110115.36,147.32298082
2025-08-29 12:00:00,1756468800000,110115.36,111505.0,110072.14,110731.78,324.90846126
2025-08-29 13:00:00,1756472400000,110731.79,110791.12,108898.66,109100.0,625.19771276
2025-08-29 14:00:00,1756476000000,109100.0,109528.74,108089.45,108187.37,1139.93892365
2025-08-29 15:00:00,1756479600000,108187.37,108737.08,108166.95,108396.96,480.80761444
2025-08-29 16:00:00,1756483200000,108393.3,108852.59,108130.03,108703.77,466.97453398
2025-08-29 17:00:00,1756486800000,108703.76,108743.28,108157.18,108467.12,347.03151678
2025-08-29 18:00:00,1756490400000,108464.44,108508.09,108085.0,108135.5,447.72763003
2025-08-29 19:00:00,1756494000000,108135.49,108750.0,107900.35,108213.98,592.58889559
2025-08-29 20:00:00,1756497600000,108207.81,108271.83,107502.47,107791.6,511.44024374
2025-08-29 21:00:00,1756501200000,107793.67,108483.5,107469.13,108451.91,254.66468104
2025-08-29 22:00:00,1756504800000,108451.91,108492.86,108200.0,108383.69,195.14689677
2025-08-29 23:00:00,1756508400000,108383.68,108566.26,108333.02,108378.32,239.54881479
2025-08-30 00:00:00,1756512000000,108378.32,108431.6,108141.33,108297.96,234.07855094
2025-08-30 01:00:00,1756515600000,108296.07,108361.67,107369.69,107456.71,234.98718485
2025-08-30 02:00:00,1756519200000,107455.36,107965.03,107376.81,107781.66,161.81030345
2025-08-30 03:00:00,1756522800000,107781.65,108434.85,107769.59,108434.84,142.28188455
2025-08-30 04:00:00,1756526400000,108434.85,108667.39,108364.81,108425.65,124.60305408
2025-08-30 05:00:00,1756530000000,108425.65,108476.92,108110.79,108347.37,158.71232599
2025-08-30 06:00:00,1756533600000,108347.37,108550.0,108196.06,108315.03,145.51014516
2025-08-30 07:00:00,1756537200000,108316.21,108519.24,108101.52,108519.24,141.90025752
2025-08-30 08:00:00,1756540800000,108514.63,108761.64,108470.5,108562.1,76.10157563
2025-08-30 09:00:00,1756544400000,108562.1,108611.32,108464.4,108513.85,54.64645838
2025-08-30 10:00:00,1756548000000,108513.84,108700.4,108394.7,108428.26,74.28765976
2025-08-30 11:00:00,1756551600000,108428.27,108731.99,108415.48,108681.98,53.71750953
2025-08-30 12:00:00,1756555200000,108681.98,108689.53,108337.31,108612.94,115.185631
2025-08-30 13:00:00,1756558800000,108612.94,108612.94,108202.21,108541.56,127.16236327
2025-08-30 14:00:00,1756562400000,108539.95,108731.93,108400.86,108663.95,116.35370234
2025-08-30 15:00:00,1756566000000,108663.97,108928.79,108537.59,108866.31,149.13456424
2025-08-30 16:00:00,1756569600000,108859.29,108886.91,108663.58,108825.08,123.39703515
2025-08-30 17:00:00,1756573200000,108825.05,108911.8,108608.29,108788.06,101.788606
2025-08-30 18:00:00,1756576800000,108788.05,108857.42,108622.02,108743.42,79.92424142
2025-08-30 19:00:00,1756580400000,108743.34,108920.0,108653.07,108842.86,71.32489569
2025-08-30 20:00:00,1756584000000,108842.87,108849.52,108586.81,108651.17,144.40640284
2025-08-30 21:00:00,1756587600000,108651.17,108701.65,108506.87,108594.73,86.84600639
2025-08-30 22:00:00,1756591200000,108594.74,108604.54,108458.72,108536.37,56.50184028
2025-08-30 23:00:00,1756594800000,108536.37,108838.08,108530.0,108827.93,54.01241763
2025-08-31 00:00:00,1756598400000,108827.92,109408.32,108803.04,109397.01,191.67548347
2025-08-31 01:00:00,1756602000000,109397.0,109489.79,109133.07,109425.3,207.50709263
2025-08-31 02:00:00,1756605600000,109425.3,109453.71,109179.14,109231.83,72.72724114
2025-08-31 03:00:00,1756609200000,109232.51,109388.51,109151.27,109226.77,84.35640991
2025-08-31 04:00:00,1756612800000,109226.78,109241.73,108667.53,108818.06,104.23901668
2025-08-31 05:00:00,1756616400000,108818.06,108818.06,108559.17,108760.77,79.18296556
2025-08-31 06:00:00,1756620000000,108760.78,108783.12,108518.89,108712.88,73.30550206
2025-08-31 07:00:00,1756623600000,108712.87,108839.54,108662.9,108714.38,50.56137759
2025-08-31 08:00:00,1756627200000,108711.75,109030.98,108707.3,109018.04,57.52991343
2025-08-31 09:00:00,1756630800000,109018.03,109111.78,108444.37,108506.98,100.56503955
2025-08-31 10:00:00,1756634400000,108506.98,108642.11,108311.7,108606.22,84.60373975
2025-08-31 11:00:00,1756638000000,108587.4,108614.24,108320.11,108380.17,75.01547736
2025-08-31 12:00:00,1756641600000,108380.16,108504.63,108294.5,108319.37,93.42902589
2025-08-31 13:00:00,1756645200000,108319.37,108464.68,108181.54,108415.23,181.5888312
2025-08-31 14:00:00,1756648800000,108415.23,108517.93,108248.08,108463.44,98.98975785
2025-08-31 15:00:00,1756652400000,108463.44,108846.15,108450.0,108803.24,134.68621663
2025-08-31 16:00:00,1756656000000,108803.24,108974.36,108550.52,108914.83,155.95472106
2025-08-31 17:00:00,1756659600000,108914.83,109000.0,108842.88,108990.11,78.56655855
2025-08-31 18:00:00,1756663200000,108990.11,109234.14,108916.88,109138.41,113.37844877
2025-08-31 19:00:00,1756666800000,109138.4,109167.05,108903.51,108932.62,88.52285967
2025-08-31 20:00:00,1756670400000,108932.62,109135.44,108868.95,109125.86,115.48640677
2025-08-31 21:00:00,1756674000000,109125.83,109125.83,108942.48,109046.01,82.59983265
2025-08-31 22:00:00,1756677600000,109048.64,109239.17,108750.4,108885.55,147.58271193
2025-08-31 23:00:00,1756681200000,108888.74,108914.52,108060.79,108247.95,230.45494626
2025-09-01 00:00:00,1756684800000,108247.95,108411.63,107629.86,108218.5,315.86451853
2025-09-01 01:00:00,1756688400000,108218.51,108482.14,107969.28,108140.78,224.97332805
2025-09-01 02:00:00,1756692000000,108144.35,108200.0,107422.14,107629.71,441.88700279
2025-09-01 03:00:00,1756695600000,107626.04,107774.9,107392.76,107646.69,269.96630815
2025-09-01 04:00:00,1756699200000,107646.68,107769.77,107250.0,107408.08,153.92270128
2025-09-01 05:00:00,1756702800000,107408.09,107986.31,107250.0,107856.54,134.52012205
2025-09-01 06:00:00,1756706400000,107856.54,108133.01,107588.43,108066.03,111.73179554
2025-09-01 07:00:00,1756710000000,108066.03,109440.53,107988.05,109433.59,272.75674945
2025-09-01 08:00:00,1756713600000,109433.58,109815.07,109414.26,109594.19,261.23595801
2025-09-01 09:00:00,1756717200000,109594.17,109907.51,109478.08,109517.74,186.7639817
2025-09-01 10:00:00,1756720800000,109517.93,109539.21,108160.81,108564.25,235.51676815
2025-09-01 11:00:00,1756724400000,108562.81,108852.92,108440.74,108772.9,86.75305743
2025-09-01 12:00:00,1756728000000,108772.89,109159.4,108624.53,109102.08,127.22002867
2025-09-01 13:00:00,1756731600000,109117.36,109533.12,108935.62,109021.51,199.17151889
2025-09-01 14:00:00,1756735200000,109021.5,109335.01,108814.15,109155.53,155.94561332
2025-09-01 15:00:00,1756738800000,109150.45,109394.58,108565.1,108788.19,199.0161205
2025-09-01 16:00:00,1756742400000,108788.17,109110.96,108649.17,108786.69,157.55034947
2025-09-01 17:00:00,1756746000000,108786.7,108979.57,108398.31,108929.59,284.80646109
2025-09-01 18:00:00,1756749600000,108929.58,109274.67,108916.83,109225.28,127.15723953
2025-09-01 19:00:00,1756753200000,109227.46,109328.05,109148.08,109213.7,120.76774526
2025-09-01 20:00:00,1756756800000,109216.34,109232.0,108259.4,108873.4,427.17573212
2025-09-01 21:00:00,1756760400000,108873.38,108935.65,107448.28,107790.31,446.02498025
2025-09-01 22:00:00,1756764000000,107790.31,108553.87,107584.65,108440.93,239.42153233
2025-09-01 23:00:00,1756767600000,108440.92,109446.26,108424.05,109240.55,216.81404721
2025-09-02 00:00:00,1756771200000,109240.55,109338.22,108881.76,109034.47,188.20269353
2025-09-02 01:00:00,1756774800000,109034.47,109617.55,108984.95,109315.14,291.64689118
2025-09-02 02:00:00,1756778400000,109315.15,110254.4,109159.63,110241.04,242.05942316
2025-09-02 03:00:00,1756782000000,110241.03,110621.33,110051.56,110326.51,311.62530567
2025-09-02 04:00:00,1756785600000,110326.5,110412.11,110143.63,110307.04,198.9253237
2025-09-02 05:00:00,1756789200000,110307.04,110335.28,110030.1,110206.7,95.43942918
2025-09-02 06:00:00,1756792800000,110206.7,110621.21,110170.9,110379.19,118.68774429
2025-09-02 07:00:00,1756796400000,110379.2,110405.92,109982.85,110241.5,131.79937084
2025-09-02 08:00:00,1756800000000,110239.71,110711.07,110040.14,110359.54,107.63145632
2025-09-02 09:00:00,1756803600000,110366.86,110691.69,110257.71,110466.95,178.09277682
2025-09-02 10:00:00,1756807200000,110466.94,110486.91,110137.93,110260.34,135.96909453
2025-09-02 11:00:00,1756810800000,110266.28,110269.37,109577.88,109746.15,133.39069955
2025-09-02 12:00:00,1756814400000,109746.14,109857.26,108400.0,108808.57,431.00531713
2025-09-02 13:00:00,1756818000000,108803.15,111298.52,108742.47,111172.0,1004.85151506
2025-09-02 14:00:00,1756821600000,111168.48,111801.86,110801.44,111359.64,751.93322788
2025-09-02 15:00:00,1756825200000,111361.86,111561.16,110630.0,110845.33,696.65427526
2025-09-02 16:00:00,1756828800000,110839.53,111149.69,110475.53,110799.63,391.81865331
2025-09-02 17:00:00,1756832400000,110799.88,111073.0,110633.01,110917.77,314.21475037
2025-09-02 18:00:00,1756836000000,110917.74,110957.23,110188.15,110641.44,425.38225059
2025-09-02 19:00:00,1756839600000,110641.45,110850.0,110438.01,110809.89,432.08797854
2025-09-02 20:00:00,1756843200000,110809.15,111446.16,110707.81,111421.13,360.12951724
2025-09-02 21:00:00,1756846800000,111421.12,111559.3,111123.82,111123.83,203.36829807
2025-09-02 22:00:00,1756850400000,111123.83,111276.59,110873.39,111276.59,149.07513156
2025-09-02 23:00:00,1756854000000,111276.59,111286.28,111018.13,111247.94,104.41483381
2025-09-03 00:00:00,1756857600000,111247.94,111781.0,111228.86,111347.42,176.87065581
2025-09-03 01:00:00,1756861200000,111347.43,111410.3,110888.9,111173.33,211.44319081
2025-09-03 02:00:00,1756864800000,111173.32,111486.73,111032.58,111374.41,103.0421908
2025-09-03 03:00:00,1756868400000,111374.39,111410.3,110875.93,111044.31,124.22013306
2025-09-03 04:00:00,1756872000000,111044.3,111161.58,110830.93,111022.21,73.23789637
2025-09-03 05:00:00,1756875600000,111022.21,111076.05,110660.63,110698.93,86.21349748
2025-09-03 06:00:00,1756879200000,110698.93,110899.47,110566.12,110730.45,94.89329049
2025-09-03 07:00:00,1756882800000,110730.46,111129.37,110533.77,111104.35,108.27256864
2025-09-03 08:00:00,1756886400000,111104.37,111289.82,110982.29,111031.17,96.35773317
2025-09-03 09:00:00,1756890000000,111031.17,111343.44,110888.97,111318.29,89.86010401
2025-09-03 10:00:00,1756893600000,111317.13,111500.0,111163.57,111458.05,99.26986112
2025-09-03 11:00:00,1756897200000,111458.97,111730.11,111399.57,111463.71,97.30192343
2025-09-03 12:00:00,1756900800000,111463.72,111888.0,111048.8,111137.01,171.74462645
2025-09-03 13:00:00,1756904400000,111137.02,111932.42,111082.24,111487.49,462.82491685
2025-09-03 14:00:00,1756908000000,111487.49,112547.31,111126.85,112287.27,707.70356437
2025-09-03 15:00:00,1756911600000,112289.01,112430.6,111921.0,112239.48,379.23215675
2025-09-03 16:00:00,1756915200000,112239.47,112396.03,111685.22,111887.04,276.62671185
2025-09-03 17:00:00,1756918800000,111887.04,112600.0,111873.0,112332.65,376.1269531
2025-09-03 18:00:00,1756922400000,112334.03,112567.88,111807.34,112033.06,439.65971113
2025-09-03 19:00:00,1756926000000,112033.05,112303.2,111800.01,112240.18,327.57474817
2025-09-03 20:00:00,1756929600000,112236.76,112304.64,112082.33,112260.77,159.13064039
2025-09-03 21:00:00,1756933200000,112260.78,112308.14,111776.2,112024.66,212.60837261
2025-09-03 22:00:00,1756936800000,112024.66,112193.6,111877.17,112000.01,149.3162398
2025-09-03 23:00:00,1756940400000,112000.01,112032.5,111657.87,111756.41,181.91862589
2025-09-04 00:00:00,1756944000000,111756.4,112235.6,111630.08,112106.43,188.41288212
2025-09-04 01:00:00,1756947600000,112106.43,112115.8,111679.14,111993.29,117.70168819
2025-09-04 02:00:00,1756951200000,111993.3,112025.65,111439.31,111500.37,165.07054844
2025-09-04 03:00:00,1756954800000,111500.37,111760.67,111165.07,111182.13,179.57279004
2025-09-04 04:00:00,1756958400000,111182.13,111363.9,110942.09,110953.2,114.18453041
2025-09-04 05:00:00,1756962000000,110953.2,110959.29,110607.34,110694.58,183.52352238
2025-09-04 06:00:00,1756965600000,110694.57,110760.39,110308.92,110419.37,202.91460441
2025-09-04 07:00:00,1756969200000,110419.37,110680.85,110371.15,110486.94,104.02427256
2025-09-04 08:00:00,1756972800000,110486.94,110881.5,110436.74,110675.29,124.98588545
2025-09-04 09:00:00,1756976400000,110675.3,110891.88,110675.29,110848.71,54.53411836
2025-09-04 10:00:00,1756980000000,110848.71,111178.6,110646.81,110650.51,122.13685542
2025-09-04 11:00:00,1756983600000,110652.26,111105.93,110563.6,110844.24,149.18259708
2025-09-04 12:00:00,1756987200000,110844.25,111158.5,110546.69,110963.5,157.50529085
2025-09-04 13:00:00,1756990800000,110963.5,111007.72,110222.0,110477.38,322.65674803
2025-09-04 14:00:00,1756994400000,110477.37,110536.11,109708.79,109850.3,686.06367346
2025-09-04 15:00:00,1756998000000,109850.3,109874.69,109321.0,109505.32,455.53388377
2025-09-04 16:00:00,1757001600000,109508.92,109703.67,109338.0,109434.5,245.3703086
2025-09-04 17:00:00,1757005200000,109434.51,109925.48,109422.85,109789.33,223.14437045
2025-09-04 18:00:00,1757008800000,109787.76,110225.8,109703.0,109983.47,167.33484517
2025-09-04 19:00:00,1757012400000,109982.13,110129.89,109721.65,109808.31,555.16019011
2025-09-04 20:00:00,1757016000000,109807.39,110426.74,109750.0,110411.38,257.46254932
2025-09-04 21:00:00,1757019600000,110411.39,110556.48,110324.77,110490.13,97.15785583
2025-09-04 22:00:00,1757023200000,110490.13,111590.92,110476.51,111486.08,188.24983668
2025-09-04 23:00:00,1757026800000,111483.88,111756.36,110595.02,110720.79,191.83023515
2025-09-05 00:00:00,1757030400000,110714.48,110941.74,110441.63,110459.22,103.51403557
2025-09-05 01:00:00,1757034000000,110459.22,111144.32,110452.91,111125.52,113.49295485
2025-09-05 02:00:00,1757037600000,111125.53,111497.21,111036.01,111334.15,153.09404522
2025-09-05 03:00:00,1757041200000,111330.83,111334.09,111087.51,111313.82,80.13849795
2025-09-05 04:00:00,1757044800000,111316.92,111478.19,111145.4,111445.04,59.10996813
2025-09-05 05:00:00,1757048400000,111445.04,111727.02,111405.84,111581.59,78.86625471
2025-09-05 06:00:00,1757052000000,111580.32,111917.38,111506.8,111906.0,71.38206946
2025-09-05 07:00:00,1757055600000,111905.99,113000.0,111886.83,112961.08,470.53938151
2025-09-05 08:00:00,1757059200000,112961.07,112996.77,112602.83,112631.31,135.94766605
2025-09-05 09:00:00,1757062800000,112631.31,112631.32,112131.82,112283.47,281.63306102
2025-09-05 10:00:00,1757066400000,112283.49,112580.54,112189.65,112251.25,147.60633047
2025-09-05 11:00:00,1757070000000,112251.25,112451.11,112135.99,112350.13,111.87982199
2025-09-05 12:00:00,1757073600000,112350.13,113390.0,112050.66,113222.23,632.21769756
2025-09-05 13:00:00,1757077200000,113223.59,113329.78,112702.23,113088.48,534.99943568
2025-09-05 14:00:00,1757080800000,113074.33,113074.33,110458.57,110560.85,1317.12517359
2025-09-05 15:00:00,1757084400000,110560.83,111023.05,110256.44,110714.5,430.16811385
2025-09-05 16:00:00,1757088000000,110716.14,110932.99,110527.53,110809.72,213.6114557
2025-09-05 17:00:00,1757091600000,110811.06,110814.07,110202.36,110612.61,218.576531
2025-09-05 18:00:00,1757095200000,110605.88,111304.04,110562.19,111214.56,336.22467509
2025-09-05 19:00:00,1757098800000,111212.77,111646.73,111126.41,111630.22,859.03055115
2025-09-05 20:00:00,1757102400000,111630.21,111680.52,111303.17,111646.68,284.5253472
2025-09-05 21:00:00,1757106000000,111646.74,111710.42,110368.26,110613.43,340.98062867
2025-09-05 22:00:00,1757109600000,110620.2,110952.3,110507.08,110812.99,123.86441807
2025-09-05 23:00:00,1757113200000,110812.99,110891.19,110600.0,110670.02,120.06313032
2025-09-06 00:00:00,1757116800000,110670.02,110839.9,110557.34,110784.37,91.74348381
2025-09-06 01:00:00,1757120400000,110784.41,110936.62,110746.98,110878.41,57.67822446
2025-09-06 02:00:00,1757124000000,110878.41,111229.46,110739.31,111219.71,68.30253691
2025-09-06 03:00:00,1757127600000,111221.37,111317.65,111007.21,111093.53,63.84142371
2025-09-06 04:00:00,1757131200000,111095.12,111095.15,110787.53,110875.03,48.62025779
2025-09-06 05:00:00,1757134800000,110875.05,110887.66,110705.0,110723.12,60.03599703
2025-09-06 06:00:00,1757138400000,110723.15,110828.66,110702.12,110759.55,35.8553199
2025-09-06 07:00:00,1757142000000,110759.54,110848.21,110751.64,110838.71,19.01828457
2025-09-06 08:00:00,1757145600000,110838.7,110980.02,110775.22,110956.54,21.03290722
2025-09-06 09:00:00,1757149200000,110954.12,110954.13,110698.36,110700.03,39.4821693
2025-09-06 10:00:00,1757152800000,110700.02,110810.96,110677.13,110789.08,34.03192901
2025-09-06 11:00:00,1757156400000,110790.99,110893.96,110672.38,110796.75,47.61259387
2025-09-06 12:00:00,1757160000000,110798.2,110924.58,110759.13,110839.29,45.54924466
2025-09-06 13:00:00,1757163600000,110836.28,110969.71,110824.77,110944.41,55.89332926
2025-09-06 14:00:00,1757167200000,110944.72,111014.97,110782.91,110822.01,66.18883497
2025-09-06 15:00:00,1757170800000,110822.0,110862.47,110369.7,110398.38,112.68159674
2025-09-06 16:00:00,1757174400000,110400.22,110425.94,109993.0,110288.98,237.83232308
2025-09-06 17:00:00,1757178000000,110294.28,110303.21,109997.96,110176.79,88.7731338
2025-09-06 18:00:00,1757181600000,110176.79,110313.21,110068.21,110247.05,86.82859748
2025-09-06 19:00:00,1757185200000,110247.05,110299.15,110014.75,110060.61,79.88986579
2025-09-06 20:00:00,1757188800000,110060.61,110196.99,110044.6,110196.7,73.70928292
2025-09-06 21:00:00,1757192400000,110196.67,110245.05,110102.86,110232.85,77.5053098
2025-09-06 22:00:00,1757196000000,110232.85,110269.84,110090.0,110201.41,52.85993357
2025-09-06 23:00:00,1757199600000,110201.41,110314.34,110135.5,110212.6,56.68359773
2025-09-07 00:00:00,1757203200000,110214.21,110398.12,110200.01,110385.69,64.35384225
2025-09-07 01:00:00,1757206800000,110385.68,110617.54,110351.45,110574.57,68.27221179
2025-09-07 02:00:00,1757210400000,110574.57,110712.23,110458.93,110678.63,46.36780645
2025-09-07 03:00:00,1757214000000,110678.62,110758.69,110601.66,110641.71,47.71068361
2025-09-07 04:00:00,1757217600000,110641.71,110650.0,110494.27,110564.49,35.69139461
2025-09-07 05:00:00,1757221200000,110564.49,110712.47,110564.45,110667.08,64.57568176
2025-09-07 06:00:00,1757224800000,110667.08,110677.9,110476.93,110517.48,24.49940886
2025-09-07 07:00:00,1757228400000,110517.48,110926.06,110478.1,110766.84,77.47903623
2025-09-07 08:00:00,1757232000000,110768.76,111389.94,110718.09,111066.48,117.17713105
2025-09-07 09:00:00,1757235600000,111066.48,111265.02,110884.17,111124.96,75.09407609
2025-09-07 10:00:00,1757239200000,111124.96,111238.69,111042.64,111220.57,31.73147792
2025-09-07 11:00:00,1757242800000,111220.58,111311.38,111185.85,111303.16,32.35414647
2025-09-07 12:00:00,1757246400000,111303.15,111303.16,111076.9,111128.89,38.36662457
2025-09-07 13:00:00,1757250000000,111128.89,111245.0,111022.71,111217.12,49.77639211
2025-09-07 14:00:00,1757253600000,111217.11,111403.23,111060.15,111141.95,97.76984184
2025-09-07 15:00:00,1757257200000,111136.73,111371.38,111103.51,111324.58,72.00674401
2025-09-07 16:00:00,1757260800000,111324.58,111362.09,111145.28,111194.24,67.03703783
2025-09-07 17:00:00,1757264400000,111194.24,111242.23,110866.13,110971.2,89.46548149
2025-09-07 18:00:00,1757268000000,110971.2,111095.48,110862.83,111050.16,54.1897896
2025-09-07 19:00:00,1757271600000,111050.16,111296.42,111037.09,111257.49,58.52560874
2025-09-07 20:00:00,1757275200000,111257.48,111368.08,111133.62,111327.75,110.79995716
2025-09-07 21:00:00,1757278800000,111327.76,111336.04,111038.67,111039.69,61.72298989
2025-09-07 22:00:00,1757282400000,111039.7,111353.34,110994.41,111246.86,114.54036026
2025-09-07 23:00:00,1757286000000,111246.86,111600.0,111053.93,111129.61,146.60991787
2025-09-08 00:00:00,1757289600000,111120.38,111280.94,110708.16,110823.36,123.04655771
2025-09-08 01:00:00,1757293200000,110817.12,110984.72,110700.01,110884.19,171.48755215
2025-09-08 02:00:00,1757296800000,110884.19,111353.43,110600.0,111227.69,152.48762335
2025-09-08 03:00:00,1757300400000,111226.91,111334.21,111002.3,111040.91,102.13695485
2025-09-08 04:00:00,1757304000000,111040.89,111215.72,110896.19,110974.32,110.78531248
2025-09-08 05:00:00,1757307600000,110976.47,111054.06,110884.74,111028.76,73.98509439
2025-09-08 06:00:00,1757311200000,111028.77,111194.27,110896.5,111107.84,65.14859031
2025-09-08 07:00:00,1757314800000,111107.83,111600.0,111103.42,111264.76,132.61791654
2025-09-08 08:00:00,1757318400000,111264.76,111884.33,111236.12,111667.25,185.34074298
2025-09-08 09:00:00,1757322000000,111663.5,112077.78,111570.11,112077.78,208.8289699
2025-09-08 10:00:00,1757325600000,112077.77,112195.49,111898.9,112023.84,227.54990183
2025-09-08 11:00:00,1757329200000,112023.85,112109.77,111727.04,112038.45,180.87231622
2025-09-08 12:00:00,1757332800000,112038.45,112133.25,111903.63,112020.64,176.5661049
2025-09-08 13:00:00,1757336400000,112020.64,112359.92,111867.54,111900.11,490.80183163
2025-09-08 14:00:00,1757340000000,111890.24,112792.56,111866.48,112646.8,517.37502015
2025-09-08 15:00:00,1757343600000,112647.28,112940.84,112518.34,112634.02,279.46794195
2025-09-08 16:00:00,1757347200000,112634.02,112687.25,112302.25,112408.33,357.19140578
2025-09-08 17:00:00,1757350800000,112408.34,112574.71,112080.68,112224.69,320.40991738
2025-09-08 18:00:00,1757354400000,112224.69,112534.0,112197.1,112485.88,288.76254068
2025-09-08 19:00:00,1757358000000,112485.88,112485.88,112000.0,112107.76,250.41612538
2025-09-08 20:00:00,1757361600000,112119.0,112170.08,111899.99,112001.45,240.72925565
2025-09-08 21:00:00,1757365200000,111980.71,112359.67,111940.0,112352.53,108.79647061
2025-09-08 22:00:00,1757368800000,112352.53,112528.96,112214.48,112253.9,294.47970399
2025-09-08 23:00:00,1757372400000,112253.9,112325.39,111990.0,112072.57,99.1490975
2025-09-09 00:00:00,1757376000000,112072.57,112112.41,111461.73,111652.32,201.59064927
2025-09-09 01:00:00,1757379600000,111652.33,111754.22,111273.41,111364.37,213.92256715
2025-09-09 02:00:00,1757383200000,111364.36,111453.28,111115.35,111335.04,160.13963018
2025-09-09 03:00:00,1757386800000,111335.03,111759.64,111239.19,111711.01,127.71182161
2025-09-09 04:00:00,1757390400000,111711.01,112107.91,111632.0,112024.69,208.35594547
2025-09-09 05:00:00,1757394000000,112024.7,112253.88,111856.17,112201.45,106.44558401
2025-09-09 06:00:00,1757397600000,112201.44,113165.0,112152.42,113026.83,373.91716448
2025-09-09 07:00:00,1757401200000,113026.84,113292.96,112750.81,112999.93,285.29672305
2025-09-09 08:00:00,1757404800000,112999.92,113173.91,112890.24,113000.01,141.02701198
2025-09-09 09:00:00,1757408400000,113000.02,113077.3,112901.48,112961.93,102.77015473
2025-09-09 10:00:00,1757412000000,112970.56,113050.0,112638.12,112735.96,117.93589383
2025-09-09 11:00:00,1757415600000,112732.67,112817.97,112411.81,112439.83,110.69755147
2025-09-09 12:00:00,1757419200000,112439.27,112848.4,112390.0,112691.75,143.05979871
2025-09-09 13:00:00,1757422800000,112687.34,112969.0,112478.58,112773.6,320.56587171
2025-09-09 14:00:00,1757426400000,112773.6,112975.0,111508.04,111764.15,650.50921456
2025-09-09 15:00:00,1757430000000,111771.63,111852.65,110765.72,110872.45,575.59718612
2025-09-09 16:00:00,1757433600000,110872.47,111153.72,110769.98,110964.01,331.46365286
2025-09-09 17:00:00,1757437200000,110964.01,111210.97,110877.96,111031.89,182.84191718
2025-09-09 18:00:00,1757440800000,111031.89,111306.26,110906.25,111150.06,133.34781737
2025-09-09 19:00:00,1757444400000,111150.01,111414.17,111128.05,111305.71,152.93446847
2025-09-09 20:00:00,1757448000000,111305.71,111540.15,111075.1,111529.19,204.99184336
2025-09-09 21:00:00,1757451600000,111529.2,111749.05,111247.88,111300.01,98.34965616
2025-09-09 22:00:00,1757455200000,111300.01,111633.52,111251.04,111557.04,107.13473829
2025-09-09 23:00:00,1757458800000,111557.05,111582.27,111350.68,111549.32,107.85047039
2025-09-10 00:00:00,1757462400000,111546.61,111564.51,110926.52,111000.0,180.60390697
2025-09-10 01:00:00,1757466000000,111000.0,111224.49,110919.55,111009.31,143.23641336
2025-09-10 02:00:00,1757469600000,111009.32,111565.36,111009.32,111406.87,148.64315667
2025-09-10 03:00:00,1757473200000,111406.89,111600.0,111353.27,111541.36,96.61997879
2025-09-10 04:00:00,1757476800000,111545.22,111652.55,111398.02,111517.87,89.45704929
2025-09-10 05:00:00,1757480400000,111517.87,111726.31,111362.56,111578.55,100.52109414
2025-09-10 06:00:00,1757484000000,111576.56,111967.73,111391.65,111787.21,133.01611455
2025-09-10 07:00:00,1757487600000,111787.21,112595.54,111755.26,112536.82,273.96679855
2025-09-10 08:00:00,1757491200000,112536.85,112847.87,112319.14,112366.85,259.44285079
2025-09-10 09:00:00,1757494800000,112366.84,112426.31,112089.25,112261.56,128.19659805
2025-09-10 10:00:00,1757498400000,112261.56,112452.74,112193.28,112262.04,142.51119351
2025-09-10 11:00:00,1757502000000,112262.05,112417.53,112143.9,112306.06,126.93829492
2025-09-10 12:00:00,1757505600000,112306.06,113551.38,112300.0,113417.0,867.49146948
2025-09-10 13:00:00,1757509200000,113417.01,114362.1,113386.0,113984.26,1468.65281712
2025-09-10 14:00:00,1757512800000,113984.26,114332.2,113822.08,113926.0,745.65573653
2025-09-10 15:00:00,1757516400000,113926.0,114142.0,113750.0,113877.22,238.91859856
2025-09-10 16:00:00,1757520000000,113880.89,113968.04,113582.0,113787.15,275.96172288
2025-09-10 17:00:00,1757523600000,113787.15,114118.83,113429.14,113761.2,382.22260481
2025-09-10 18:00:00,1757527200000,113761.18,113928.0,113365.0,113606.99,415.80733853
2025-09-10 19:00:00,1757530800000,113607.24,113654.0,113179.9,113610.0,274.75477301
2025-09-10 20:00:00,1757534400000,113611.47,113936.49,113592.42,113615.31,261.56445069
2025-09-10 21:00:00,1757538000000,113619.3,113890.0,113562.73,113868.1,118.09877114
2025-09-10 22:00:00,1757541600000,113868.11,114039.0,113746.92,113918.04,159.96345756
2025-09-10 23:00:00,1757545200000,113918.05,114074.64,113787.02,113983.97,217.74827731
2025-09-11 00:00:00,1757548800000,113983.98,114038.33,113703.06,113910.0,142.55843019
2025-09-11 01:00:00,1757552400000,113907.55,114205.96,113860.84,113925.19,128.54829879
2025-09-11 02:00:00,1757556000000,113925.19,113986.0,113743.1,113847.83,98.92388031
2025-09-11 03:00:00,1757559600000,113847.83,114518.45,113844.01,114430.85,180.28497008
2025-09-11 04:00:00,1757563200000,114430.84,114430.85,114100.0,114186.36,116.06837865
2025-09-11 05:00:00,1757566800000,114187.0,114368.46,113984.04,114293.03,97.22562422
2025-09-11 06:00:00,1757570400000,114293.0,114497.13,114097.7,114356.87,95.06488023
2025-09-11 07:00:00,1757574000000,114352.02,114364.18,113998.34,114123.13,127.10200336
2025-09-11 08:00:00,1757577600000,114123.12,114239.5,114000.01,114082.29,73.62678691
2025-09-11 09:00:00,1757581200000,114082.29,114114.04,113792.77,113917.95,117.52987791
2025-09-11 10:00:00,1757584800000,113917.95,114148.11,113905.85,114086.22,124.8719832
2025-09-11 11:00:00,1757588400000,114086.22,114151.68,113931.2,114048.47,106.3137145
2025-09-11 12:00:00,1757592000000,114048.47,114531.08,113540.0,114030.29,631.40905786
2025-09-11 13:00:00,1757595600000,114017.97,114754.95,113433.92,114664.07,657.52765238
2025-09-11 14:00:00,1757599200000,114664.07,114716.87,113954.97,114488.03,675.57982731
2025-09-11 15:00:00,1757602800000,114488.03,114743.59,114018.27,114210.0,558.50736545
2025-09-11 16:00:00,1757606400000,114210.0,114622.96,114207.12,114514.04,297.90509919
2025-09-11 17:00:00,1757610000000,114517.17,114652.92,114366.21,114624.31,210.82935901
2025-09-11 18:00:00,1757613600000,114624.3,114652.04,114120.35,114338.15,211.48224921
2025-09-11 19:00:00,1757617200000,114338.15,114574.85,114215.33,114464.0,191.66768487
2025-09-11 20:00:00,1757620800000,114463.99,114544.94,114294.81,114431.08,185.26118109
2025-09-11 21:00:00,1757624400000,114433.05,114569.42,114420.47,114520.05,57.46916326
2025-09-11 22:00:00,1757628000000,114520.05,115300.0,114463.6,115122.59,326.86529994
2025-09-11 23:00:00,1757631600000,115122.58,115554.53,115117.21,115540.0,162.73797278
2025-09-12 00:00:00,1757635200000,115540.01,116365.54,115467.79,115890.03,387.61200255
2025-09-12 01:00:00,1757638800000,115891.95,116077.71,115422.01,115442.09,213.1534512
2025-09-12 02:00:00,1757642400000,115445.79,115715.79,115301.94,115443.8,151.30623378
2025-09-12 03:00:00,1757646000000,115446.0,115490.0,115086.52,115235.43,156.90712363
2025-09-12 04:00:00,1757649600000,115230.0,115551.23,115120.42,115396.44,256.64443448
2025-09-12 05:00:00,1757653200000,115396.44,115729.7,115350.46,115661.98,151.89769365
2025-09-12 06:00:00,1757656800000,115661.97,115661.97,115300.0,115344.41,67.36507823
2025-09-12 07:00:00,1757660400000,115344.4,115444.48,115130.65,115142.78,135.6508998
2025-09-12 08:00:00,1757664000000,115146.93,115313.84,114982.43,115090.6,126.79661634
2025-09-12 09:00:00,1757667600000,115090.59,115169.13,114903.99,115065.09,77.81344476
2025-09-12 10:00:00,1757671200000,115065.08,115115.99,114958.0,115010.94,58.92776875
2025-09-12 11:00:00,1757674800000,115010.93,115187.94,114933.74,114962.27,94.30624228
2025-09-12 12:00:00,1757678400000,114962.25,115215.45,114774.19,115117.95,119.31486947
2025-09-12 13:00:00,1757682000000,115114.0,115290.17,114813.42,115200.02,181.23304195
2025-09-12 14:00:00,1757685600000,115200.02,115535.88,114876.0,115321.73,442.1703969
2025-09-12 15:00:00,1757689200000,115321.72,115355.62,114979.9,115173.79,114.97417315
2025-09-12 16:00:00,1757692800000,115168.04,115564.33,115076.96,115540.09,334.15228035
2025-09-12 17:00:00,1757696400000,115540.09,116016.79,115430.82,115883.97,667.67446722
2025-09-12 18:00:00,1757700000000,115882.09,116595.8,115836.0,116573.58,961.25308135
2025-09-12 19:00:00,1757703600000,116573.58,116833.25,116315.77,116793.73,840.8319281
2025-09-12 20:00:00,1757707200000,116793.31,116793.31,116082.6,116256.0,396.59384344
2025-09-12 21:00:00,1757710800000,116256.01,116256.01,115846.82,115958.67,263.69504779
2025-09-12 22:00:00,1757714400000,115955.77,116445.55,115955.76,116102.59,170.23389447
2025-09-12 23:00:00,1757718000000,116102.58,116241.66,116001.82,116106.03,123.06831387
2025-09-13 00:00:00,1757721600000,116106.03,116378.04,116029.4,116280.71,119.95122363
2025-09-13 01:00:00,1757725200000,116280.7,116349.49,115664.67,115838.62,160.22294113
2025-09-13 02:00:00,1757728800000,115838.62,116063.51,115755.09,115946.02,82.02808189
2025-09-13 03:00:00,1757732400000,115946.02,116081.05,115900.01,116015.98,90.86056054
2025-09-13 04:00:00,1757736000000,116015.97,116015.98,115742.56,115760.81,63.74558893
2025-09-13 05:00:00,1757739600000,115760.81,115912.46,115724.21,115788.7,64.39134062
2025-09-13 06:00:00,1757743200000,115788.7,115881.41,115723.27,115807.9,52.19712731
2025-09-13 07:00:00,1757746800000,115807.91,115929.1,115771.44,115840.5,50.46060302
2025-09-13 08:00:00,1757750400000,115840.49,116120.6,115838.79,116036.23,43.65482367
2025-09-13 09:00:00,1757754000000,116036.24,116108.1,115926.37,116096.0,79.30380471
2025-09-13 10:00:00,1757757600000,116096.0,116250.0,115978.58,116010.03,87.22439656
2025-09-13 11:00:00,1757761200000,116010.03,116083.12,115946.02,116036.02,47.92404673
2025-09-13 12:00:00,1757764800000,116036.01,116133.0,115918.01,116058.69,66.7543702
2025-09-13 13:00:00,1757768400000,116058.7,116069.47,115688.0,115826.39,71.03066765
2025-09-13 14:00:00,1757772000000,115821.93,116023.37,115668.86,115858.06,136.31438754
2025-09-13 15:00:00,1757775600000,115858.06,115992.79,115677.06,115840.08,105.42888957
2025-09-13 16:00:00,1757779200000,115840.09,115883.0,115177.53,115398.02,229.59369577
2025-09-13 17:00:00,1757782800000,115390.6,115653.73,115226.21,115623.65,142.95509384
2025-09-13 18:00:00,1757786400000,115623.64,115720.4,115482.05,115701.95,80.5779579
2025-09-13 19:00:00,1757790000000,115701.95,115887.29,115625.02,115860.71,109.89215002
2025-09-13 20:00:00,1757793600000,115860.7,116058.25,115849.4,115962.03,129.33956299
2025-09-13 21:00:00,1757797200000,115962.02,116045.5,115892.64,115952.68,68.60149055
2025-09-13 22:00:00,1757800800000,115952.68,115999.99,115865.18,115934.0,55.1634649
2025-09-13 23:00:00,1757804400000,115934.01,116049.64,115916.47,115968.35,35.88024818
2025-09-14 00:00:00,1757808000000,115968.33,116066.79,115867.63,115984.9,62.18100193
2025-09-14 01:00:00,1757811600000,115984.9,116047.37,115800.0,116019.33,60.47230021
2025-09-14 02:00:00,1757815200000,116019.34,116175.0,115805.98,115915.85,83.39884396
2025-09-14 03:00:00,1757818800000,115915.85,115929.77,115696.96,115732.02,64.11856674
2025-09-14 04:00:00,1757822400000,115732.73,115842.11,115511.0,115810.24,40.75328559
2025-09-14 05:00:00,1757826000000,115810.25,116000.0,115798.0,115925.82,32.46476606
2025-09-14 06:00:00,1757829600000,115925.82,116006.59,115754.48,115796.86,41.37662433
2025-09-14 07:00:00,1757833200000,115796.86,115893.4,115783.04,115856.99,31.52289322
2025-09-14 08:00:00,1757836800000,115856.99,116038.76,115805.98,115987.19,38.29758186
2025-09-14 09:00:00,1757840400000,115987.19,116226.61,115935.42,116102.23,48.72028848
2025-09-14 10:00:00,1757844000000,116104.27,116200.78,116000.0,116087.31,40.83791874
2025-09-14 11:00:00,1757847600000,116087.31,116170.12,115809.19,115862.27,59.95846749
2025-09-14 12:00:00,1757851200000,115862.27,115939.33,115710.87,115836.8,40.23454392
2025-09-14 13:00:00,1757854800000,115836.8,115846.4,115277.61,115399.51,167.09044426
2025-09-14 14:00:00,1757858400000,115399.51,115768.01,115219.14,115466.54,130.2813556
2025-09-14 15:00:00,1757862000000,115466.54,115498.02,115253.01,115270.92,117.84701434
2025-09-14 16:00:00,1757865600000,115270.94,115608.18,115235.34,115538.41,128.71737787
2025-09-14 17:00:00,1757869200000,115538.41,115713.17,115454.86,115607.66,81.56677781
2025-09-14 18:00:00,1757872800000,115607.65,115607.7,115419.0,115446.83,38.79858674
2025-09-14 19:00:00,1757876400000,115446.81,115693.34,115361.03,115693.34,54.85139322
2025-09-14 20:00:00,1757880000000,115693.34,115911.34,115690.43,115853.81,119.05521293
2025-09-14 21:00:00,1757883600000,115858.81,116146.99,115630.12,116116.67,113.63588252
2025-09-14 22:00:00,1757887200000,116116.67,116132.85,115852.57,116056.26,143.58631944
2025-09-14 23:00:00,1757890800000,116058.04,116059.1,115166.0,115314.13,228.11939068
2025-09-15 00:00:00,1757894400000,115314.12,115318.49,115001.0,115122.85,327.84706852
2025-09-15 01:00:00,1757898000000,115122.84,115332.81,114865.08,115279.16,219.71987319
2025-09-15 02:00:00,1757901600000,115279.15,115495.29,115259.81,115414.18,98.74933222
2025-09-15 03:00:00,1757905200000,115414.17,115633.35,115400.84,115471.53,65.94265566
2025-09-15 04:00:00,1757908800000,115471.52,116200.0,115435.5,116097.89,253.65525317
2025-09-15 05:00:00,1757912400000,116097.9,116607.23,116042.0,116543.25,268.993475
2025-09-15 06:00:00,1757916000000,116539.53,116802.0,116073.5,116152.33,203.42997299
2025-09-15 07:00:00,1757919600000,116157.15,116438.99,115652.67,115856.02,183.83587509
2025-09-15 08:00:00,1757923200000,115856.01,115856.03,114734.11,114763.4,313.07379668
2025-09-15 09:00:00,1757926800000,114763.4,115219.59,114642.0,114899.89,214.65248047
2025-09-15 10:00:00,1757930400000,114899.89,114983.0,114750.0,114809.46,123.14780629
2025-09-15 11:00:00,1757934000000,114809.46,115230.88,114762.46,115091.92,155.22220013
2025-09-15 12:00:00,1757937600000,115091.92,115114.09,114700.02,114754.02,218.90030388
2025-09-15 13:00:00,1757941200000,114757.2,115120.0,114395.84,114684.76,511.87754633
2025-09-15 14:00:00,1757944800000,114686.43,115065.96,114471.05,114705.57,366.50572888
2025-09-15 15:00:00,1757948400000,114705.57,114952.82,114416.04,114876.0,346.00234767
2025-09-15 16:00:00,1757952000000,114870.22,114966.62,114617.6,114693.99,267.20541313
2025-09-15 17:00:00,1757955600000,114691.82,115157.77,114621.98,115153.89,376.37022072
2025-09-15 18:00:00,1757959200000,115150.0,115383.01,114904.6,115321.68,305.60450169
2025-09-15 19:00:00,1757962800000,115321.12,115594.82,114984.99,115327.01,700.55244423
2025-09-15 20:00:00,1757966400000,115326.01,115537.42,115219.56,115411.99,208.51250402
2025-09-15 21:00:00,1757970000000,115411.99,115561.51,115304.8,115536.92,163.93228804
2025-09-15 22:00:00,1757973600000,115536.94,115644.2,115244.47,115326.56,101.17453097
2025-09-15 23:00:00,1757977200000,115326.55,115523.78,115263.48,115381.08,147.7709763
2025-09-16 00:00:00,1757980800000,115381.07,115387.67,114969.53,115101.16,127.98720016
2025-09-16 01:00:00,1757984400000,115101.17,115553.74,115030.41,115046.12,136.50914233
2025-09-16 02:00:00,1757988000000,115046.12,115265.8,115046.12,115052.94,70.69039184
2025-09-16 03:00:00,1757991600000,115052.94,115461.91,115052.93,115324.37,97.66502499
2025-09-16 04:00:00,1757995200000,115324.36,115587.99,114951.5,115538.03,126.73554362
2025-09-16 05:00:00,1757998800000,115538.02,115983.0,115466.77,115959.87,204.73392033
2025-09-16 06:00:00,1758002400000,115959.88,116037.57,115616.5,115790.35,120.83496162
2025-09-16 07:00:00,1758006000000,115790.35,115919.4,115734.0,115867.8,105.22355381
2025-09-16 08:00:00,1758009600000,115867.79,116010.18,115546.88,115689.34,109.25960975
2025-09-16 09:00:00,1758013200000,115689.33,115752.13,115467.04,115501.17,97.35704331
2025-09-16 10:00:00,1758016800000,115501.17,115626.18,115389.2,115395.66,110.98819441
2025-09-16 11:00:00,1758020400000,115394.4,115458.5,115227.23,115298.02,155.40498805
2025-09-16 12:00:00,1758024000000,115298.01,115488.0,115286.4,115464.42,130.21332009
2025-09-16 13:00:00,1758027600000,115461.63,115570.0,114750.0,115208.61,466.54457524
2025-09-16 14:00:00,1758031200000,115206.88,115329.14,114827.01,115302.91,261.74232054
2025-09-16 15:00:00,1758034800000,115302.92,115949.91,115027.93,115940.01,304.58418396
2025-09-16 16:00:00,1758038400000,115942.02,116118.99,115630.62,116087.56,387.80515161
2025-09-16 17:00:00,1758042000000,116087.56,116940.0,116071.27,116500.0,910.79940753
2025-09-16 18:00:00,1758045600000,116500.01,116820.68,116258.01,116462.17,401.4443652
2025-09-16 19:00:00,1758049200000,116462.18,116884.09,116433.7,116866.13,789.20504706
2025-09-16 20:00:00,1758052800000,116866.14,116966.27,116761.34,116878.82,283.58370267
2025-09-16 21:00:00,1758056400000,116878.72,116990.0,116635.13,116838.08,195.4899455
2025-09-16 22:00:00,1758060000000,116838.04,117000.0,116732.64,116892.33,272.05639214
2025-09-16 23:00:00,1758063600000,116892.34,116965.91,116666.6,116832.56,145.72514841
2025-09-17 00:00:00,1758067200000,116832.56,116878.26,116598.75,116620.04,170.60678434
2025-09-17 01:00:00,1758070800000,116620.04,116819.04,116551.6,116720.0,161.84341058
2025-09-17 02:00:00,1758074400000,116720.0,117146.19,116601.0,116728.96,313.54342761
2025-09-17 03:00:00,1758078000000,116728.96,116817.76,116411.29,116415.29,150.89293132
2025-09-17 04:00:00,1758081600000,116415.29,116535.02,116200.62,116366.8,110.63836552
2025-09-17 05:00:00,1758085200000,116366.8,117250.0,116365.01,117164.07,378.81014087
2025-09-17 06:00:00,1758088800000,117164.05,117327.24,117020.07,117275.97,227.93195664
2025-09-17 07:00:00,1758092400000,117275.97,117324.49,117156.71,117208.39,127.54495946
2025-09-17 08:00:00,1758096000000,117208.4,117261.66,116723.66,116886.26,154.14950791
2025-09-17 09:00:00,1758099600000,116886.26,116886.26,116584.0,116586.25,100.67856647
2025-09-17 10:00:00,1758103200000,116586.25,116642.66,116285.53,116388.27,133.56040905
2025-09-17 11:00:00,1758106800000,116388.27,116404.0,116263.9,116278.64,85.02628897
2025-09-17 12:00:00,1758110400000,116278.63,116537.55,116114.4,116218.84,178.90713509
2025-09-17 13:00:00,1758114000000,116218.85,116364.0,115928.85,116144.07,204.91657247
2025-09-17 14:00:00,1758117600000,116144.07,116285.43,115500.01,115642.0,331.34049174
2025-09-17 15:00:00,1758121200000,115642.0,115927.05,115559.27,115909.49,203.46074718
2025-09-17 16:00:00,1758124800000,115909.49,115909.49,115412.45,115671.97,246.53204302
2025-09-17 17:00:00,1758128400000,115673.46,116329.0,115531.0,115576.21,329.37275625
2025-09-17 18:00:00,1758132000000,115586.84,116384.9,114724.57,115265.98,1867.91523037
2025-09-17 19:00:00,1758135600000,115265.97,116045.76,115116.46,115699.28,577.85179284
2025-09-17 20:00:00,1758139200000,115691.38,116190.0,115533.91,115656.37,307.76547808
2025-09-17 21:00:00,1758142800000,115648.63,116169.11,115359.16,116080.51,159.30762398
2025-09-17 22:00:00,1758146400000,116080.5,116863.86,116080.5,116598.0,292.65226539
2025-09-17 23:00:00,1758150000000,116597.99,117024.0,116377.49,116484.4,336.05145299
2025-09-18 00:00:00,1758153600000,116484.4,116499.21,116125.08,116368.52,221.704262
2025-09-18 01:00:00,1758157200000,116368.52,116913.22,116363.27,116676.17,194.46427323
2025-09-18 02:00:00,1758160800000,116682.33,117004.61,116479.18,116985.24,175.14324791
2025-09-18 03:00:00,1758164400000,116985.24,117950.68,116940.85,117615.37,949.23370889
2025-09-18 04:00:00,1758168000000,117615.37,117796.4,117273.89,117647.6,278.96897329
2025-09-18 05:00:00,1758171600000,117646.71,117646.71,117212.0,117304.39,137.72473145
2025-09-18 06:00:00,1758175200000,117310.16,117358.7,116912.51,117120.14,165.22682472
2025-09-18 07:00:00,1758178800000,117120.15,117253.04,117072.52,117110.22,106.99206198
2025-09-18 08:00:00,1758182400000,117110.21,117447.46,117037.4,117266.91,134.17781381
2025-09-18 09:00:00,1758186000000,117266.9,117395.2,117138.03,117341.73,180.73495345
2025-09-18 10:00:00,1758189600000,117341.73,117356.9,117105.73,117226.94,134.65038287
2025-09-18 11:00:00,1758193200000,117226.95,117358.7,117041.0,117093.99,154.14760158
2025-09-18 12:00:00,1758196800000,117094.0,117328.92,117010.0,117158.91,186.10718135
2025-09-18 13:00:00,1758200400000,117158.91,117720.02,117030.06,117463.5,603.38775413
2025-09-18 14:00:00,1758204000000,117464.72,117903.23,117434.41,117682.18,596.84397733
2025-09-18 15:00:00,1758207600000,117682.2,117747.91,117360.0,117632.01,476.56186575
2025-09-18 16:00:00,1758211200000,117632.02,117859.78,117544.96,117617.99,340.19323867
2025-09-18 17:00:00,1758214800000,117617.99,117854.9,117470.15,117641.66,327.48196785
2025-09-18 18:00:00,1758218400000,117641.65,117998.17,117558.7,117875.01,606.04574218
2025-09-18 19:00:00,1758222000000,117875.01,117875.01,117232.0,117503.13,307.98176119
2025-09-18 20:00:00,1758225600000,117506.77,117729.97,117378.89,117568.09,252.34786741
2025-09-18 21:00:00,1758229200000,117568.08,117568.08,117342.79,117342.8,113.44333636
2025-09-18 22:00:00,1758232800000,117342.79,117391.08,117103.9,117112.02,182.8032479
2025-09-18 23:00:00,1758236400000,117112.01,117218.12,116674.12,117117.99,314.05264494
2025-09-19 00:00:00,1758240000000,117117.99,117486.07,117068.14,117478.01,228.26746366
2025-09-19 01:00:00,1758243600000,117478.01,117516.36,117165.27,117288.0,154.4521482
2025-09-19 02:00:00,1758247200000,117287.99,117345.98,117094.63,117167.62,109.20958987
2025-09-19 03:00:00,1758250800000,117167.62,117346.2,116924.01,117028.5,160.09940729
2025-09-19 04:00:00,1758254400000,117028.5,117156.43,116748.01,117035.85,165.60390756
2025-09-19 05:00:00,1758258000000,117035.84,117074.88,116847.39,116940.59,99.09436665
2025-09-19 06:00:00,1758261600000,116940.59,116940.6,116684.78,116724.79,155.7953638
2025-09-19 07:00:00,1758265200000,116724.8,117049.89,116724.79,116958.41,294.85253503
2025-09-19 08:00:00,1758268800000,116959.99,117153.18,116932.04,116984.01,150.11669406
2025-09-19 09:00:00,1758272400000,116984.01,117053.49,116523.01,116528.43,262.60635818
2025-09-19 10:00:00,1758276000000,116528.43,116613.22,116478.46,116582.42,243.79242659
2025-09-19 11:00:00,1758279600000,116580.0,116610.0,116331.15,116433.58,219.60737216
2025-09-19 12:00:00,1758283200000,116433.58,116580.95,116162.52,116207.0,299.04573533
2025-09-19 13:00:00,1758286800000,116207.0,116522.76,116100.01,116338.66,252.59241977
2025-09-19 14:00:00,1758290400000,116338.66,116534.58,115830.0,115949.36,388.88685133
2025-09-19 15:00:00,1758294000000,115949.36,116000.0,115491.43,115936.02,431.88748462
2025-09-19 16:00:00,1758297600000,115936.01,116211.99,115842.0,116146.49,275.95130399
2025-09-19 17:00:00,1758301200000,116146.99,116153.79,115567.33,115581.99,248.23862264
2025-09-19 18:00:00,1758304800000,115582.0,115682.12,115416.3,115460.86,204.18811715
2025-09-19 19:00:00,1758308400000,115462.46,115525.98,115141.23,115166.0,944.39655758
2025-09-19 20:00:00,1758312000000,115165.99,115488.0,115132.71,115393.55,250.71613053
2025-09-19 21:00:00,1758315600000,115393.54,115601.09,115355.1,115524.17,119.23740105
2025-09-19 22:00:00,1758319200000,115524.17,115713.3,115524.17,115663.26,102.38095085
2025-09-19 23:00:00,1758322800000,115663.26,115706.8,115504.89,115690.55,113.09631286
2025-09-20 00:00:00,1758326400000,115690.55,115798.02,115591.88,115782.03,80.63476313
2025-09-20 01:00:00,1758330000000,115782.01,115782.03,115658.4,115676.81,77.96523513
2025-09-20 02:00:00,1758333600000,115676.8,115676.8,115496.64,115658.02,74.05714981
2025-09-20 03:00:00,1758337200000,115658.02,115671.94,115463.22,115516.43,66.53665329
2025-09-20 04:00:00,1758340800000,115516.43,115652.76,115466.31,115630.52,55.7166284
2025-09-20 05:00:00,1758344400000,115630.53,115780.82,115572.24,115775.62,55.89959577
2025-09-20 06:00:00,1758348000000,115775.61,115790.94,115681.95,115756.44,52.26524685
2025-09-20 07:00:00,1758351600000,115756.43,116062.41,115730.0,116030.48,301.56588008
2025-09-20 08:00:00,1758355200000,116030.04,116030.05,115753.78,115763.99,59.92901463
2025-09-20 09:00:00,1758358800000,115763.99,115854.93,115715.0,115720.02,52.22405161
2025-09-20 10:00:00,1758362400000,115720.02,115862.03,115720.02,115804.07,62.28431329
2025-09-20 11:00:00,1758366000000,115804.08,115984.89,115804.07,115938.77,111.75137338
2025-09-20 12:00:00,1758369600000,115938.77,116014.67,115860.64,115945.65,118.36243851
2025-09-20 13:00:00,1758373200000,115945.65,116034.89,115916.05,115989.98,125.85949779
2025-09-20 14:00:00,1758376800000,115989.98,116112.36,115942.05,116030.09,157.76052086
2025-09-20 15:00:00,1758380400000,116030.09,116194.63,116018.55,116060.73,149.86426316
2025-09-20 16:00:00,1758384000000,116061.12,116138.86,115942.05,116102.03,160.44150169
2025-09-20 17:00:00,1758387600000,116092.93,116173.69,115880.59,115896.02,158.75089658
2025-09-20 18:00:00,1758391200000,115896.02,115906.89,115766.5,115776.14,150.34380348
2025-09-20 19:00:00,1758394800000,115776.14,115882.89,115763.45,115763.46,145.85830526
2025-09-20 20:00:00,1758398400000,115763.45,115883.01,115755.07,115784.55,136.43692459
2025-09-20 21:00:00,1758402000000,115784.54,116016.9,115784.54,115854.05,157.40282417
2025-09-20 22:00:00,1758405600000,115854.05,115877.22,115808.03,115844.03,161.57859948
2025-09-20 23:00:00,1758409200000,115847.31,115857.68,115675.03,115752.4,157.36077326
2025-09-21 00:00:00,1758412800000,115752.9,115812.4,115614.22,115720.02,201.68885115
2025-09-21 01:00:00,1758416400000,115720.03,115720.03,115559.83,115559.85,33.44964614
2025-09-21 02:00:00,1758420000000,115559.85,115778.0,115500.0,115752.65,48.20657623
2025-09-21 03:00:00,1758423600000,115752.65,115801.02,115675.68,115730.83,43.88702424
2025-09-21 04:00:00,1758427200000,115732.59,115739.14,115553.13,115562.45,32.38300723
2025-09-21 05:00:00,1758430800000,115562.44,115746.82,115553.13,115746.82,107.9278154
2025-09-21 06:00:00,1758434400000,115746.82,115869.6,115746.82,115764.09,172.12281441
2025-09-21 07:00:00,1758438000000,115764.09,115899.66,115687.04,115895.38,100.82110383
2025-09-21 08:00:00,1758441600000,115895.38,115900.02,115629.6,115697.49,49.46696567
2025-09-21 09:00:00,1758445200000,115699.31,115779.99,115386.87,115747.91,74.30683443
2025-09-21 10:00:00,1758448800000,115747.91,115782.54,115556.84,115580.02,33.3918271
2025-09-21 11:00:00,1758452400000,115580.02,115772.37,115569.31,115682.43,30.81538488
2025-09-21 12:00:00,1758456000000,115682.44,115825.92,115677.72,115730.0,57.4033289
2025-09-21 13:00:00,1758459600000,115730.0,115811.62,115695.72,115725.47,52.03366618
2025-09-21 14:00:00,1758463200000,115725.47,115758.32,115544.01,115558.17,75.84557336
2025-09-21 15:00:00,1758466800000,115558.17,115673.97,115518.0,115585.02,66.45122457
2025-09-21 16:00:00,1758470400000,115585.02,115621.91,115250.0,115381.42,124.86305229
2025-09-21 17:00:00,1758474000000,115381.41,115700.0,115309.29,115688.11,93.09806475
2025-09-21 18:00:00,1758477600000,115687.74,115730.46,115574.2,115591.17,50.46608114
2025-09-21 19:00:00,1758481200000,115591.17,115591.17,115373.43,115553.78,90.96834831
2025-09-21 20:00:00,1758484800000,115553.78,115577.89,115369.69,115369.7,127.68706582
2025-09-21 21:00:00,1758488400000,115369.7,115499.53,115302.0,115462.34,119.25584083
2025-09-21 22:00:00,1758492000000,115462.34,115612.82,115240.29,115580.9,141.37447235
2025-09-21 23:00:00,1758495600000,115580.9,115584.0,115237.16,115282.27,143.10435864
2025-09-22 00:00:00,1758499200000,115282.26,115441.37,114354.0,114460.26,573.29554915
2025-09-22 01:00:00,1758502800000,114460.26,114823.48,114307.7,114331.02,329.16510524
2025-09-22 02:00:00,1758506400000,114331.02,114677.36,114201.0,114252.02,340.04679695
2025-09-22 03:00:00,1758510000000,114252.09,114723.55,114252.09,114719.07,127.64417114
2025-09-22 04:00:00,1758513600000,114719.06,114729.73,114444.01,114483.81,119.98129635
2025-09-22 05:00:00,1758517200000,114483.8,114608.51,113668.88,113747.38,156.03001561
2025-09-22 06:00:00,1758520800000,113741.21,113769.37,111761.22,112887.92,1640.73898613
2025-09-22 07:00:00,1758524400000,112887.92,113076.89,112555.0,112586.65,383.85588266
2025-09-22 08:00:00,1758528000000,112590.51,112875.0,112510.58,112712.86,195.31782267
2025-09-22 09:00:00,1758531600000,112712.03,112758.52,112245.48,112418.01,252.00887668
2025-09-22 10:00:00,1758535200000,112420.01,112930.15,112331.89,112864.71,166.06331661
2025-09-22 11:00:00,1758538800000,112864.02,113055.57,112746.71,112956.04,213.46496394
2025-09-22 12:00:00,1758542400000,112956.04,112956.82,112593.6,112811.41,247.46107521
2025-09-22 13:00:00,1758546000000,112811.42,113250.0,112458.79,113222.71,517.13503115
2025-09-22 14:00:00,1758549600000,113222.71,113568.27,112840.7,113019.52,578.04767546
2025-09-22 15:00:00,1758553200000,113016.02,113110.2,112627.01,112903.4,487.64495865
2025-09-22 16:00:00,1758556800000,112903.41,112968.74,112659.0,112689.45,469.26210685
2025-09-22 17:00:00,1758560400000,112689.45,112713.54,112317.18,112450.6,345.84945914
2025-09-22 18:00:00,1758564000000,112450.59,112900.47,112392.01,112503.31,204.03698628
2025-09-22 19:00:00,1758567600000,112503.31,112677.74,112004.34,112192.0,401.41213558
2025-09-22 20:00:00,1758571200000,112192.0,113044.03,112042.0,112847.25,295.70902314
2025-09-22 21:00:00,1758574800000,112847.24,113054.92,112665.34,113050.63,169.94603034
2025-09-22 22:00:00,1758578400000,113050.62,113050.62,112668.01,112720.0,124.33438046
2025-09-22 23:00:00,1758582000000,112720.0,112831.47,112670.0,112736.59,155.96794205
2025-09-23 00:00:00,1758585600000,112736.59,112925.8,112459.2,112478.99,138.58249765
2025-09-23 01:00:00,1758589200000,112479.0,112600.0,112211.01,112240.0,113.3864891
2025-09-23 02:00:00,1758592800000,112239.99,112572.9,111761.22,111893.29,210.96708836
2025-09-23 03:00:00,1758596400000,111893.83,112541.03,111554.38,112430.0,237.92183962
2025-09-23 04:00:00,1758600000000,112430.0,112565.66,111950.0,112527.73,121.78237678
2025-09-23 05:00:00,1758603600000,112527.73,112964.83,112491.34,112728.64,132.74379143
2025-09-23 06:00:00,1758607200000,112728.63,113188.47,112677.75,113047.5,128.65596747
2025-09-23 07:00:00,1758610800000,113047.49,113179.69,112939.08,113157.04,135.49032205
2025-09-23 08:00:00,1758614400000,113157.04,113235.65,112987.8,113192.07,127.96013769
2025-09-23 09:00:00,1758618000000,113192.06,113349.59,112934.41,112991.99,114.46771966
2025-09-23 10:00:00,1758621600000,112992.0,113071.85,112879.05,113024.36,139.82327514
2025-09-23 11:00:00,1758625200000,113024.37,113155.84,112740.65,113052.04,84.58968614
2025-09-23 12:00:00,1758628800000,113052.03,113120.65,112867.22,112998.36,126.45792929
2025-09-23 13:00:00,1758632400000,112998.36,113092.8,112767.02,113001.65,211.03032692
2025-09-23 14:00:00,1758636000000,113001.65,113357.0,112615.99,112703.55,353.25019625
2025-09-23 15:00:00,1758639600000,112703.55,113130.6,112538.63,112932.29,343.95528817
2025-09-23 16:00:00,1758643200000,112932.3,113018.35,112518.33,112864.0,214.20960649
2025-09-23 17:00:00,1758646800000,112863.99,112877.31,111893.77,111979.46,422.44408142
2025-09-23 18:00:00,1758650400000,111981.19,112237.31,111696.0,111791.99,336.09988735
2025-09-23 19:00:00,1758654000000,111791.99,112000.0,111538.85,111679.02,364.15576179
2025-09-23 20:00:00,1758657600000,111679.04,112033.78,111502.08,112018.11,180.0749781
2025-09-23 21:00:00,1758661200000,112018.11,112219.46,111914.4,112184.0,102.42585158
2025-09-23 22:00:00,1758664800000,112184.0,112249.06,112015.23,112189.62,82.91288531
2025-09-23 23:00:00,1758668400000,112189.62,112258.34,111893.99,112017.21,88.65820396
2025-09-24 00:00:00,1758672000000,112017.21,112417.92,111840.96,112250.04,172.50058856
2025-09-24 01:00:00,1758675600000,112247.56,112529.92,112166.28,112471.33,103.70111416
2025-09-24 02:00:00,1758679200000,112471.33,112526.65,111909.41,112144.44,375.12718152
2025-09-24 03:00:00,1758682800000,112144.43,112256.29,111703.0,111716.0,140.40489297
2025-09-24 04:00:00,1758686400000,111715.99,112399.99,111066.07,112190.0,294.16554793
2025-09-24 05:00:00,1758690000000,112178.62,112693.14,112159.36,112671.9,133.84610575
2025-09-24 06:00:00,1758693600000,112671.89,112809.86,112548.25,112627.26,102.09275951
2025-09-24 07:00:00,1758697200000,112627.27,112775.24,112483.28,112620.28,109.17062319
2025-09-24 08:00:00,1758700800000,112623.0,112664.54,112430.01,112636.6,95.42812426
2025-09-24 09:00:00,1758704400000,112636.6,112835.95,112509.0,112757.0,75.35639452
2025-09-24 10:00:00,1758708000000,112757.0,112985.0,112682.51,112960.03,113.7309438
2025-09-24 11:00:00,1758711600000,112960.02,113194.08,112873.94,113047.99,118.11048562
2025-09-24 12:00:00,1758715200000,113047.98,113150.0,112948.0,113088.0,96.97803167
2025-09-24 13:00:00,1758718800000,113088.0,113269.17,112832.74,112858.98,238.76470293
2025-09-24 14:00:00,1758722400000,112855.24,113950.0,112855.24,113768.16,439.49638364
2025-09-24 15:00:00,1758726000000,113770.0,113944.02,113290.01,113396.02,358.52386521
2025-09-24 16:00:00,1758729600000,113396.01,113814.21,113181.66,113772.53,374.10264578
2025-09-24 17:00:00,1758733200000,113772.53,113999.98,113650.0,113801.89,446.18493299
2025-09-24 18:00:00,1758736800000,113801.88,113875.67,113548.0,113696.61,230.04442096
2025-09-24 19:00:00,1758740400000,113696.62,113739.0,113324.25,113477.89,179.24797947
2025-09-24 20:00:00,1758744000000,113475.74,113667.03,113436.84,113551.0,264.54071518
2025-09-24 21:00:00,1758747600000,113537.04,113648.0,113335.0,113395.19,92.79876182
2025-09-24 22:00:00,1758751200000,113395.19,113695.11,113288.76,113383.35,192.12183381
2025-09-24 23:00:00,1758754800000,113383.35,113472.02,113232.19,113348.17,186.44399986
2025-09-25 00:00:00,1758758400000,113348.16,113561.35,113000.0,113087.85,188.69549586
2025-09-25 01:00:00,1758762000000,113087.85,113409.63,112478.01,112691.88,386.1569323
2025-09-25 02:00:00,1758765600000,112697.79,113211.72,112532.32,112915.52,261.71684368
2025-09-25 03:00:00,1758769200000,112915.52,112915.52,112222.83,112538.26,207.31006767
2025-09-25 04:00:00,1758772800000,112538.26,112620.58,111572.88,111734.47,315.70959095
2025-09-25 05:00:00,1758776400000,111734.46,112048.5,111592.84,111728.34,194.45767125
2025-09-25 06:00:00,1758780000000,111740.49,111858.57,111517.78,111540.16,169.45418586
2025-09-25 07:00:00,1758783600000,111547.99,111902.96,111458.0,111783.46,170.52333009
2025-09-25 08:00:00,1758787200000,111783.98,112065.42,111702.94,111755.09,118.80964538
2025-09-25 09:00:00,1758790800000,111755.08,112269.59,111580.5,111585.48,154.83073318
2025-09-25 10:00:00,1758794400000,111585.53,111891.35,111540.26,111671.44,95.945162
2025-09-25 11:00:00,1758798000000,111671.45,111752.63,111302.88,111379.31,154.69816992
2025-09-25 12:00:00,1758801600000,111379.3,111695.23,111036.72,111140.81,420.06854395
2025-09-25 13:00:00,1758805200000,111135.21,111751.5,110625.82,111032.0,949.89448428
2025-09-25 14:00:00,1758808800000,111027.97,111775.13,111001.9,111584.74,504.25283719
2025-09-25 15:00:00,1758812400000,111580.5,111647.16,110906.47,111647.16,575.7644266
2025-09-25 16:00:00,1758816000000,111647.15,111739.11,110950.0,110998.39,288.64465154
2025-09-25 17:00:00,1758819600000,110998.4,111017.12,108662.99,108851.99,1592.78136178
2025-09-25 18:00:00,1758823200000,108861.98,109835.98,108623.7,109783.14,791.31380876
2025-09-25 19:00:00,1758826800000,109789.8,110000.0,109317.38,109391.38,689.60618288
2025-09-25 20:00:00,1758830400000,109391.48,109519.94,109082.0,109204.0,318.07898908
2025-09-25 21:00:00,1758834000000,109204.0,109707.55,109101.7,109442.06,164.17483815
2025-09-25 22:00:00,1758837600000,109442.04,109627.74,109300.59,109467.26,182.63206513
2025-09-25 23:00:00,1758841200000,109469.44,109729.45,108789.0,109035.72,301.74637654
2025-09-26 00:00:00,1758844800000,109036.0,109659.02,108855.91,109518.0,273.52391843
2025-09-26 01:00:00,1758848400000,109515.04,109811.48,109344.73,109729.99,272.36398624
2025-09-26 02:00:00,1758852000000,109731.97,109851.24,109523.22,109671.45,153.87410561
2025-09-26 03:00:00,1758855600000,109673.99,109687.18,109335.0,109621.17,140.46896055
2025-09-26 04:00:00,1758859200000,109621.17,109680.0,109274.02,109395.43,103.44885036
2025-09-26 05:00:00,1758862800000,109395.42,109635.5,109126.28,109300.01,122.74930169
2025-09-26 06:00:00,1758866400000,109301.99,109683.26,109060.74,109410.97,317.31042048
2025-09-26 07:00:00,1758870000000,109410.97,109655.64,108967.93,109396.14,219.79660635
2025-09-26 08:00:00,1758873600000,109396.13,109698.96,109390.22,109652.03,103.01570766
2025-09-26 09:00:00,1758877200000,109652.03,109777.09,109467.8,109644.89,80.15323272
2025-09-26 10:00:00,1758880800000,109632.82,109643.98,108750.01,108961.9,193.12061052
2025-09-26 11:00:00,1758884400000,108961.9,109270.88,108645.02,109181.28,178.97822665
2025-09-26 12:00:00,1758888000000,109179.73,109644.23,108870.72,109432.02,302.75852495
2025-09-26 13:00:00,1758891600000,109435.56,109850.0,109044.47,109717.98,427.54555029
2025-09-26 14:00:00,1758895200000,109712.84,109851.96,108817.02,108894.35,1351.75511376
2025-09-26 15:00:00,1758898800000,108894.36,109430.63,108850.08,109071.38,372.60986367
2025-09-26 16:00:00,1758902400000,109071.39,109682.38,109066.57,109495.89,345.41523459
2025-09-26 17:00:00,1758906000000,109495.88,110066.0,109421.33,109962.0,361.23175905
2025-09-26 18:00:00,1758909600000,109962.0,110369.99,109749.0,109775.99,405.61649632
2025-09-26 19:00:00,1758913200000,109775.99,109775.99,109078.27,109218.56,449.31389452
2025-09-26 20:00:00,1758916800000,109216.01,109405.73,109139.18,109349.98,237.27350551
2025-09-26 21:00:00,1758920400000,109349.98,109591.46,109248.1,109525.01,149.04512103
2025-09-26 22:00:00,1758924000000,109525.0,109665.97,109400.0,109616.02,147.15461188
2025-09-26 23:00:00,1758927600000,109616.01,109744.13,109472.37,109697.29,117.64608691
2025-09-27 00:00:00,1758931200000,109697.29,109719.94,109525.09,109706.02,96.04859358
2025-09-27 01:00:00,1758934800000,109706.02,109720.92,109376.28,109490.02,84.05392569
2025-09-27 02:00:00,1758938400000,109490.02,109546.54,109378.2,109469.53,75.42257873
2025-09-27 03:00:00,1758942000000,109469.53,109815.08,109434.0,109617.14,137.16248527
2025-09-27 04:00:00,1758945600000,109612.69,109801.42,109573.32,109718.15,113.08539326
2025-09-27 05:00:00,1758949200000,109718.16,109746.0,109646.34,109685.99,94.72743049
2025-09-27 06:00:00,1758952800000,109685.98,109687.0,109533.96,109590.68,40.72682133
2025-09-27 07:00:00,1758956400000,109590.59,109623.42,109381.45,109450.33,48.12883446
2025-09-27 08:00:00,1758960000000,109450.33,109450.33,109272.83,109305.03,101.25295012
2025-09-27 09:00:00,1758963600000,109305.03,109397.81,109116.0,109344.36,122.88019964
2025-09-27 10:00:00,1758967200000,109344.35,109538.69,109301.09,109487.36,53.86084534
2025-09-27 11:00:00,1758970800000,109487.35,109492.06,109322.87,109367.28,37.19915872
2025-09-27 12:00:00,1758974400000,109367.28,109539.99,109291.22,109447.55,73.47054805
2025-09-27 13:00:00,1758978000000,109447.55,109460.49,109350.01,109362.0,63.51790079
2025-09-27 14:00:00,1758981600000,109361.99,109454.03,109302.49,109344.62,72.80981663
2025-09-27 15:00:00,1758985200000,109352.01,109483.44,109239.81,109440.49,126.32413983
2025-09-27 16:00:00,1758988800000,109440.49,109470.33,109347.01,109440.82,97.3654224
2025-09-27 17:00:00,1758992400000,109432.0,109470.34,109287.96,109427.82,124.66674569
2025-09-27 18:00:00,1758996000000,109427.81,109482.96,109387.42,109470.0,56.82636288
2025-09-27 19:00:00,1758999600000,109470.01,109526.44,109416.56,109470.2,83.89670755
2025-09-27 20:00:00,1759003200000,109470.19,109490.17,109400.0,109441.02,59.32008845
2025-09-27 21:00:00,1759006800000,109441.02,109529.06,109441.02,109522.47,42.91163017
2025-09-27 22:00:00,1759010400000,109522.47,109756.84,109514.88,109654.43,66.07408945
2025-09-27 23:00:00,1759014000000,109651.17,109728.02,109493.0,109681.16,78.7543655
2025-09-28 00:00:00,1759017600000,109681.15,109840.85,109591.27,109663.65,90.66461479
2025-09-28 01:00:00,1759021200000,109663.65,109700.0,109371.03,109401.19,136.69086575
2025-09-28 02:00:00,1759024800000,109401.18,109591.88,109382.01,109492.71,82.91588079
2025-09-28 03:00:00,1759028400000,109492.71,109586.0,109452.71,109491.36,45.00488778
2025-09-28 04:00:00,1759032000000,109491.37,109533.44,109405.52,109425.67,44.14990543
2025-09-28 05:00:00,1759035600000,109425.67,109450.73,109389.01,109390.03,25.25640915
2025-09-28 06:00:00,1759039200000,109390.03,109498.03,109301.0,109455.86,36.82267084
2025-09-28 07:00:00,1759042800000,109455.85,109590.27,109389.45,109554.67,29.53966478
2025-09-28 08:00:00,1759046400000,109554.66,109625.0,109469.36,109561.97,58.13311912
2025-09-28 09:00:00,1759050000000,109561.97,109610.9,109367.84,109560.0,70.06569109
2025-09-28 10:00:00,1759053600000,109559.99,109560.0,109401.12,109413.15,24.18368935
2025-09-28 11:00:00,1759057200000,109413.16,109490.72,109292.15,109418.27,78.82806715
2025-09-28 12:00:00,1759060800000,109419.99,109500.0,109230.98,109354.09,111.92112936
2025-09-28 13:00:00,1759064400000,109354.09,109705.99,109354.09,109658.54,75.30879141
2025-09-28 14:00:00,1759068000000,109659.81,109919.9,109526.41,109876.39,82.63017363
2025-09-28 15:00:00,1759071600000,109876.39,110071.91,109735.69,110071.91,114.80436317
2025-09-28 16:00:00,1759075200000,110068.02,110423.55,110025.0,110235.02,132.17654669
2025-09-28 17:00:00,1759078800000,110235.01,110400.0,110150.0,110227.69,159.65900821
2025-09-28 18:00:00,1759082400000,110227.69,110311.65,110082.9,110311.65,70.42663004
2025-09-28 19:00:00,1759086000000,110311.65,110402.49,110134.21,110356.68,71.72871495
2025-09-28 20:00:00,1759089600000,110356.68,110978.71,110300.19,110840.8,154.92578227
2025-09-28 21:00:00,1759093200000,110840.79,110931.0,110662.29,110862.36,120.66122043
2025-09-28 22:00:00,1759096800000,110867.27,112058.74,110866.0,111969.35,339.98750049
2025-09-28 23:00:00,1759100400000,111969.36,112385.84,111969.36,112197.67,240.6118176
2025-09-29 00:00:00,1759104000000,112197.66,112348.19,112011.2,112295.41,295.87694654
2025-09-29 01:00:00,1759107600000,112295.4,112346.77,111748.87,111885.71,179.11426216
2025-09-29 02:00:00,1759111200000,111885.72,112057.99,111653.29,111772.57,183.88314329
2025-09-29 03:00:00,1759114800000,111772.57,111900.48,111607.05,111900.48,116.50566253
2025-09-29 04:00:00,1759118400000,111900.47,111943.61,111763.56,111839.4,97.17839972
2025-09-29 05:00:00,1759122000000,111841.44,111854.0,111600.36,111796.29,100.65890486
2025-09-29 06:00:00,1759125600000,111796.28,111900.0,111659.49,111671.39,132.58865833
2025-09-29 07:00:00,1759129200000,111671.38,111910.5,111582.65,111910.49,112.61586663
2025-09-29 08:00:00,1759132800000,111910.48,112458.48,111910.48,112123.2,194.51793324
2025-09-29 09:00:00,1759136400000,112123.21,112243.02,112015.81,112136.45,93.57597017
2025-09-29 10:00:00,1759140000000,112136.45,112266.98,112042.3,112126.54,111.81608094
2025-09-29 11:00:00,1759143600000,112123.21,112156.2,111950.0,112144.59,127.86562566
2025-09-29 12:00:00,1759147200000,112144.59,112550.0,111972.56,112059.98,167.05968329
2025-09-29 13:00:00,1759150800000,112059.5,113545.3,111940.72,113277.99,723.70464397
2025-09-29 14:00:00,1759154400000,113278.0,114323.68,113263.49,114104.25,744.05440702
2025-09-29 15:00:00,1759158000000,114104.25,114211.49,113753.26,113884.28,365.76206959
2025-09-29 16:00:00,1759161600000,113885.1,114134.2,113660.27,113692.27,238.86936445
2025-09-29 17:00:00,1759165200000,113692.26,114242.85,113510.13,114121.47,286.57204677
2025-09-29 18:00:00,1759168800000,114121.47,114218.16,113931.04,114088.0,179.24982408
2025-09-29 19:00:00,1759172400000,114086.02,114473.0,113916.0,114325.41,319.07487149
2025-09-29 20:00:00,1759176000000,114325.41,114490.0,114186.16,114313.95,380.94787251
2025-09-29 21:00:00,1759179600000,114310.0,114410.82,114151.05,114237.31,156.50858826
2025-09-29 22:00:00,1759183200000,114237.31,114282.2,114069.15,114240.61,98.39953714
2025-09-29 23:00:00,1759186800000,114240.61,114454.97,114240.61,114365.07,147.01743694
2025-09-30 00:00:00,1759190400000,114361.66,114825.08,114105.99,114590.52,199.38181525
2025-09-30 01:00:00,1759194000000,114590.51,114850.0,114336.97,114587.91,174.31845537
2025-09-30 02:00:00,1759197600000,114587.92,114671.47,114421.06,114529.02,124.59924968
2025-09-30 03:00:00,1759201200000,114529.02,114600.78,114363.01,114429.15,100.64010931
2025-09-30 04:00:00,1759204800000,114432.01,114432.01,114142.71,114147.65,99.37394822
2025-09-30 05:00:00,1759208400000,114147.63,114268.04,113884.29,113952.0,133.17328903
2025-09-30 06:00:00,1759212000000,113954.01,114139.62,113884.28,113956.62,83.23439927
2025-09-30 07:00:00,1759215600000,113956.33,114049.98,113639.77,113757.98,176.1234811
2025-09-30 08:00:00,1759219200000,113757.99,113798.37,113377.51,113496.13,194.67969737
2025-09-30 09:00:00,1759222800000,113501.98,113501.98,112777.01,112823.98,235.67753018
2025-09-30 10:00:00,1759226400000,112823.97,113123.0,112695.85,112956.27,198.35340695
2025-09-30 11:00:00,1759230000000,112959.08,113178.0,112837.67,113090.86,145.78903772
2025-09-30 12:00:00,1759233600000,113090.85,113312.54,113020.3,113041.59,169.73539623
2025-09-30 13:00:00,1759237200000,113041.59,113739.97,112895.88,113444.82,298.50871674
2025-09-30 14:00:00,1759240800000,113444.81,113670.6,112940.99,113632.03,218.43580106
2025-09-30 15:00:00,1759244400000,113632.03,113641.34,112930.03,113135.87,312.26216847
2025-09-30 16:00:00,1759248000000,113135.87,113300.0,112803.57,112854.88,169.07369292
2025-09-30 17:00:00,1759251600000,112854.87,113531.42,112819.04,113260.87,225.828187
2025-09-30 18:00:00,1759255200000,113260.87,113738.55,113185.02,113726.21,262.3436126
2025-09-30 19:00:00,1759258800000,113726.21,114600.0,113710.5,114378.49,783.73243773
2025-09-30 20:00:00,1759262400000,114378.49,114727.95,114138.63,114642.0,256.57346882
2025-09-30 21:00:00,1759266000000,114641.98,114782.82,114143.66,114178.42,184.61721318
2025-09-30 22:00:00,1759269600000,114178.42,114374.99,113900.0,113947.57,152.25388587
2025-09-30 23:00:00,1759273200000,113947.57,114067.71,113760.05,114067.71,145.38258179
2025-10-01 00:00:00,1759276800000,114067.71,114314.94,113975.5,114254.23,182.51742924
2025-10-01 01:00:00,1759280400000,114254.23,114577.39,114144.01,114568.28,302.45788368
2025-10-01 02:00:00,1759284000000,114568.28,114573.44,114285.63,114286.0,299.39382749
2025-10-01 03:00:00,1759287600000,114285.65,114550.41,114102.6,114198.94,374.620674
2025-10-01 04:00:00,1759291200000,114198.95,114734.15,114163.03,114310.63,305.40175037
2025-10-01 05:00:00,1759294800000,114310.63,114763.53,114277.5,114596.91,350.21952852
2025-10-01 06:00:00,1759298400000,114594.02,114656.0,114248.63,114289.72,286.01156062
2025-10-01 07:00:00,1759302000000,114289.73,114657.0,114264.62,114566.13,213.25738236
2025-10-01 08:00:00,1759305600000,114560.71,116622.0,114509.16,116150.38,1062.92242874
2025-10-01 09:00:00,1759309200000,116150.39,116570.9,115976.66,116454.91,294.54059069
2025-10-01 10:00:00,1759312800000,116454.91,116600.0,116236.77,116316.02,230.63111702
2025-10-01 11:00:00,1759316400000,116317.67,116835.91,116308.01,116825.23,223.67446897
2025-10-01 12:00:00,1759320000000,116822.51,116945.0,116396.34,116447.62,303.61431869
2025-10-01 13:00:00,1759323600000,116450.02,116900.76,116443.12,116865.98,611.16783008
2025-10-01 14:00:00,1759327200000,116852.01,117500.0,116759.76,117384.29,984.1612584
2025-10-01 15:00:00,1759330800000,117384.29,117727.0,117173.77,117511.58,445.32295601
2025-10-01 16:00:00,1759334400000,117511.6,118280.0,117386.45,117618.03,958.74201166
2025-10-01 17:00:00,1759338000000,117618.03,117776.0,116773.01,116824.0,400.00118587
2025-10-01 18:00:00,1759341600000,116826.0,117411.35,116826.0,117292.01,342.41115258
2025-10-01 19:00:00,1759345200000,117292.01,117705.95,117267.81,117501.25,444.03250663
2025-10-01 20:00:00,1759348800000,117501.24,117612.51,117211.6,117605.16,239.16861134
2025-10-01 21:00:00,1759352400000,117605.15,117660.43,117389.51,117624.42,102.93118598
2025-10-01 22:00:00,1759356000000,117624.42,118160.0,117617.98,117816.04,307.03933219
2025-10-01 23:00:00,1759359600000,117816.02,118718.8,117749.1,118659.97,422.88189697
2025-10-02 00:00:00,1759363200000,118662.72,119498.09,118472.65,118500.0,619.09675095
2025-10-02 01:00:00,1759366800000,118499.99,118958.59,118421.81,118683.99,205.15290283
2025-10-02 02:00:00,1759370400000,118683.95,118845.36,118539.94,118807.96,190.01591309
2025-10-02 03:00:00,1759374000000,118810.02,119133.72,118750.02,118791.69,244.72950518
2025-10-02 04:00:00,1759377600000,118791.68,118994.24,118484.81,118715.83,190.91352824
2025-10-02 05:00:00,1759381200000,118718.1,118750.0,118336.01,118435.93,93.75028991
2025-10-02 06:00:00,1759384800000,118435.93,118766.96,118354.92,118729.8,156.5511525
2025-10-02 07:00:00,1759388400000,118732.0,118752.39,118493.79,118561.86,117.82974602
2025-10-02 08:00:00,1759392000000,118561.86,118755.95,118416.01,118749.56,75.01838388
2025-10-02 09:00:00,1759395600000,118749.56,118934.52,118627.64,118929.41,109.18257015
2025-10-02 10:00:00,1759399200000,118930.4,118999.0,118635.58,118686.78,120.66511151
2025-10-02 11:00:00,1759402800000,118684.4,118959.77,118597.27,118835.99,92.98358335
2025-10-02 12:00:00,1759406400000,118836.0,119493.31,118812.28,119479.99,254.45068684
2025-10-02 13:00:00,1759410000000,119479.98,119863.25,118990.4,119696.0,840.81724567
2025-10-02 14:00:00,1759413600000,119704.0,119890.98,118739.0,118899.17,368.4999326
2025-10-02 15:00:00,1759417200000,118899.17,119997.98,118581.0,119997.97,675.40990612
2025-10-02 16:00:00,1759420800000,119997.98,120400.0,119692.95,119823.26,740.75309425
2025-10-02 17:00:00,1759424400000,119823.25,120049.57,119435.97,119998.19,512.57956515
2025-10-02 18:00:00,1759428000000,119998.18,120778.41,119984.45,120604.03,855.46150192
2025-10-02 19:00:00,1759431600000,120602.08,121111.0,120535.51,120932.04,759.67836135
2025-10-02 20:00:00,1759435200000,120924.19,121016.9,120371.01,120733.21,698.76676542
2025-10-02 21:00:00,1759438800000,120737.12,120853.99,120214.8,120220.06,223.73671213
2025-10-02 22:00:00,1759442400000,120221.99,120505.67,120151.2,120342.9,277.52864229
2025-10-02 23:00:00,1759446000000,120342.89,120787.0,120332.0,120621.32,393.33067134
2025-10-03 00:00:00,1759449600000,120621.33,120655.68,120180.02,120239.05,296.11673962
2025-10-03 01:00:00,1759453200000,120239.05,120422.08,119922.02,119973.76,430.15145657
2025-10-03 02:00:00,1759456800000,119973.75,120397.7,119968.4,120258.59,294.08602065
2025-10-03 03:00:00,1759460400000,120258.59,120586.94,120258.58,120332.06,219.05184111
2025-10-03 04:00:00,1759464000000,120330.55,120428.5,120095.55,120149.12,148.95780904
2025-10-03 05:00:00,1759467600000,120149.11,120177.07,119850.0,120015.45,200.42274464
2025-10-03 06:00:00,1759471200000,120015.45,120171.7,119851.64,120004.0,247.06804714
2025-10-03 07:00:00,1759474800000,120004.0,120105.2,119700.0,119727.67,395.61374032
2025-10-03 08:00:00,1759478400000,119727.68,120193.31,119327.83,120138.01,481.20328675
2025-10-03 09:00:00,1759482000000,120138.01,120481.37,120088.26,120394.02,315.46301707
2025-10-03 10:00:00,1759485600000,120394.02,120623.75,120348.0,120520.3,196.43396135
2025-10-03 11:00:00,1759489200000,120519.31,120564.09,120212.85,120421.46,161.3740711
2025-10-03 12:00:00,1759492800000,120421.46,120500.0,120189.81,120462.03,369.40079807
2025-10-03 13:00:00,1759496400000,120462.03,120815.43,120213.92,120473.99,454.63681475
2025-10-03 14:00:00,1759500000000,120473.99,121100.0,119971.71,121028.0,720.49039528
2025-10-03 15:00:00,1759503600000,121026.23,122484.78,120742.7,122372.75,1076.08737746
2025-10-03 16:00:00,1759507200000,122377.74,123996.81,122377.74,122645.23,2101.20595401
2025-10-03 17:00:00,1759510800000,122645.22,123204.23,121666.0,122152.04,1114.41786773
2025-10-03 18:00:00,1759514400000,122155.77,122823.02,121530.0,122614.99,670.20295506
2025-10-03 19:00:00,1759518000000,122614.99,123073.9,122443.23,122778.0,1120.55964715
2025-10-03 20:00:00,1759521600000,122768.42,122830.99,122123.56,122546.2,347.56575448
2025-10-03 21:00:00,1759525200000,122546.2,122546.2,122090.09,122407.37,233.71860964
2025-10-03 22:00:00,1759528800000,122407.36,122758.22,122399.49,122556.37,155.93889244
2025-10-03 23:00:00,1759532400000,122556.37,122557.16,122253.74,122318.4,84.91953474
2025-10-04 00:00:00,1759536000000,122318.39,122389.02,122066.04,122207.98,132.51948348
2025-10-04 01:00:00,1759539600000,122204.94,122224.22,121767.59,121952.22,181.70929713
2025-10-04 02:00:00,1759543200000,121952.23,122145.0,121756.93,121954.35,203.91148829
2025-10-04 03:00:00,1759546800000,121951.28,122415.99,121909.25,122331.63,104.89132719
2025-10-04 04:00:00,1759550400000,122331.63,122623.79,122303.78,122585.01,98.70247048
2025-10-04 05:00:00,1759554000000,122592.95,122896.0,122485.1,122611.24,135.27733847
2025-10-04 06:00:00,1759557600000,122611.24,122699.98,122470.32,122516.19,130.26963279
2025-10-04 07:00:00,1759561200000,122516.19,122530.65,122329.4,122390.37,51.99879123
2025-10-04 08:00:00,1759564800000,122390.37,122611.3,122263.81,122342.03,71.61671234
2025-10-04 09:00:00,1759568400000,122342.04,122534.0,122254.03,122286.5,41.40415579
2025-10-04 10:00:00,1759572000000,122286.5,122407.47,122173.24,122187.01,64.81765215
2025-10-04 11:00:00,1759575600000,122189.82,122294.45,122026.85,122042.17,77.78896543
2025-10-04 12:00:00,1759579200000,122042.18,122188.87,122016.58,122079.65,88.78084207
2025-10-04 13:00:00,1759582800000,122079.65,122577.9,122074.06,122467.05,106.458834
2025-10-04 14:00:00,1759586400000,122467.04,122537.99,122061.29,122068.02,80.17683853
2025-10-04 15:00:00,1759590000000,122068.01,122207.48,121773.25,121866.79,167.76320114
2025-10-04 16:00:00,1759593600000,121869.82,122036.0,121640.91,121792.01,315.15893858
2025-10-04 17:00:00,1759597200000,121823.81,121994.14,121714.52,121826.12,90.80218812
2025-10-04 18:00:00,1759600800000,121826.12,121908.77,121572.64,121658.46,130.74614111
2025-10-04 19:00:00,1759604400000,121658.45,122040.12,121649.79,122040.11,117.68719117
2025-10-04 20:00:00,1759608000000,122040.12,122160.0,121944.08,121944.08,74.92861471
2025-10-04 21:00:00,1759611600000,121943.96,122410.16,121890.98,122252.13,109.55353831
2025-10-04 22:00:00,1759615200000,122252.13,122427.42,122189.78,122359.67,59.68358278
2025-10-04 23:00:00,1759618800000,122359.67,122475.0,122255.08,122458.56,68.64095998
2025-10-05 00:00:00,1759622400000,122458.55,122488.63,122205.0,122214.03,58.06266274
2025-10-05 01:00:00,1759626000000,122214.02,122476.79,122195.28,122434.0,73.11203424
2025-10-05 02:00:00,1759629600000,122433.99,124400.0,122393.64,124072.03,706.61966524
2025-10-05 03:00:00,1759633200000,124074.18,124217.44,123384.8,123811.24,311.31514605
2025-10-05 04:00:00,1759636800000,123811.25,125750.0,123776.02,125206.48,1106.22546916
2025-10-05 05:00:00,1759640400000,125212.01,125462.7,124895.18,125136.87,362.33726751
2025-10-05 06:00:00,1759644000000,125136.86,125236.79,124807.87,125001.17,173.65031669
2025-10-05 07:00:00,1759647600000,125001.17,125167.26,124599.68,124736.13,215.43835953
2025-10-05 08:00:00,1759651200000,124737.61,124850.0,124565.77,124613.93,151.64383928
2025-10-05 09:00:00,1759654800000,124613.94,124690.21,122794.99,123038.28,515.0950395
2025-10-05 10:00:00,1759658400000,123038.28,123153.69,122504.03,123048.01,270.57010867
2025-10-05 11:00:00,1759662000000,123048.0,123561.8,122858.04,123474.75,151.05976476
2025-10-05 12:00:00,1759665600000,123474.75,123474.75,122957.34,123118.94,112.32015106
2025-10-05 13:00:00,1759669200000,123118.95,123394.49,123088.75,123193.39,89.64367281
2025-10-05 14:00:00,1759672800000,123193.4,123373.98,122792.26,123073.09,112.05503832
2025-10-05 15:00:00,1759676400000,123071.36,123071.36,122694.0,122835.87,99.31561703
2025-10-05 16:00:00,1759680000000,122835.87,123382.34,122340.03,123291.79,286.47247759
2025-10-05 17:00:00,1759683600000,123291.79,123508.01,122933.99,123098.91,165.80580466
2025-10-05 18:00:00,1759687200000,123098.91,123250.1,122895.0,123041.99,147.48654605
2025-10-05 19:00:00,1759690800000,123041.99,123068.16,122535.47,122625.04,124.45482668
2025-10-05 20:00:00,1759694400000,122625.04,123093.23,122502.12,122739.14,102.7777
2025-10-05 21:00:00,1759698000000,122739.13,122819.04,122516.14,122766.78,97.50112635
2025-10-05 22:00:00,1759701600000,122766.79,123334.5,122766.79,123274.03,176.8597748
2025-10-05 23:00:00,1759705200000,123274.02,123608.33,123238.63,123520.79,210.94772285
2025-10-06 00:00:00,1759708800000,123520.8,124432.61,123115.77,123388.64,377.31093433
2025-10-06 01:00:00,1759712400000,123386.4,124290.94,123231.15,124067.32,251.69967627
2025-10-06 02:00:00,1759716000000,124065.07,124289.8,123523.18,124168.0,225.80124733
2025-10-06 03:00:00,1759719600000,124167.99,124178.86,123789.01,123892.22,117.07549162
2025-10-06 04:00:00,1759723200000,123886.85,124041.12,123611.34,123622.02,108.68422698
2025-10-06 05:00:00,1759726800000,123622.03,123779.82,123333.34,123600.53,150.92041906
2025-10-06 06:00:00,1759730400000,123600.52,124200.0,123600.52,123975.01,159.77115455
2025-10-06 07:00:00,1759734000000,123975.01,124066.96,123325.01,123429.52,148.68711175
2025-10-06 08:00:00,1759737600000,123429.52,123920.51,123429.51,123887.55,115.39918286
2025-10-06 09:00:00,1759741200000,123888.79,124112.1,123822.41,124009.46,116.54789955
2025-10-06 10:00:00,1759744800000,124009.45,124199.59,123950.4,124012.91,114.14373509
2025-10-06 11:00:00,1759748400000,124012.9,124581.09,123779.82,124264.7,198.30580984
2025-10-06 12:00:00,1759752000000,124264.7,124740.35,124230.0,124600.24,337.98614206
2025-10-06 13:00:00,1759755600000,124600.24,125133.0,124435.98,125086.03,843.98881455
2025-10-06 14:00:00,1759759200000,125086.02,125399.0,124406.35,124597.88,703.45104923
2025-10-06 15:00:00,1759762800000,124593.35,125480.0,124555.01,125060.76,496.33561107
2025-10-06 16:00:00,1759766400000,125060.76,125599.0,124859.0,125536.0,452.38599036
2025-10-06 17:00:00,1759770000000,125534.64,125930.0,125187.11,125355.76,750.15143867
2025-10-06 18:00:00,1759773600000,125355.75,126296.0,125102.41,126099.22,855.00536515
2025-10-06 19:00:00,1759777200000,126099.21,126223.37,125319.85,125474.93,1050.91321125
2025-10-06 20:00:00,1759780800000,125474.93,125605.99,125074.21,125266.33,346.53568231
2025-10-06 21:00:00,1759784400000,125266.32,125333.01,124576.15,125161.23,505.72591042
2025-10-06 22:00:00,1759788000000,125161.24,125351.83,124816.92,125101.59,417.87928921
2025-10-06 23:00:00,1759791600000,125098.58,125162.57,124700.0,124720.09,290.60325169
2025-10-07 00:00:00,1759795200000,124723.57,124999.99,124642.11,124953.38,265.83418488
2025-10-07 01:00:00,1759798800000,124953.38,125150.0,124506.07,124768.34,208.22459232
2025-10-07 02:00:00,1759802400000,124768.34,124779.96,124228.11,124328.0,280.31775828
2025-10-07 03:00:00,1759806000000,124327.99,124643.61,124173.16,124387.25,198.93973417
2025-10-07 04:00:00,1759809600000,124387.25,124724.16,124155.76,124557.1,234.67085679
2025-10-07 05:00:00,1759813200000,124557.09,124707.75,124305.78,124465.14,165.09385022
2025-10-07 06:00:00,1759816800000,124465.13,124524.8,123858.85,123952.39,189.97275724
2025-10-07 07:00:00,1759820400000,123957.67,124114.77,123639.0,123750.87,140.55599254
2025-10-07 08:00:00,1759824000000,123751.33,124080.38,123395.0,123942.13,314.82222305
2025-10-07 09:00:00,1759827600000,123942.13,124331.47,123929.79,124187.38,167.39065711
2025-10-07 10:00:00,1759831200000,124187.38,124499.26,124098.0,124376.69,128.68593633
2025-10-07 11:00:00,1759834800000,124380.84,124617.87,124268.67,124555.52,289.21131547
2025-10-07 12:00:00,1759838400000,124552.12,125226.34,124427.82,125003.76,221.87479497
2025-10-07 13:00:00,1759842000000,125017.99,125164.26,123456.24,123986.59,564.45044384
2025-10-07 14:00:00,1759845600000,123986.59,124099.6,122670.27,122829.0,722.37136096
2025-10-07 15:00:00,1759849200000,122829.96,122965.6,121261.84,121914.66,1253.51570792
2025-10-07 16:00:00,1759852800000,121911.44,122156.3,120889.64,121757.3,856.33470309
2025-10-07 17:00:00,1759856400000,121757.28,121903.44,121142.74,121186.91,475.37347903
2025-10-07 18:00:00,1759860000000,121186.1,121366.0,120636.0,120933.0,690.01715179
2025-10-07 19:00:00,1759863600000,120932.0,122080.69,120902.01,121695.48,559.47392924
2025-10-07 20:00:00,1759867200000,121701.1,122271.12,121701.1,122017.02,225.55490864
2025-10-07 21:00:00,1759870800000,122017.06,122363.06,121830.36,122068.64,180.15743143
2025-10-07 22:00:00,1759874400000,122073.63,122236.1,121852.85,122078.27,173.04219731
2025-10-07 23:00:00,1759878000000,122078.27,122094.49,121335.8,121393.95,193.95468721
2025-10-08 00:00:00,1759881600000,121393.96,122156.58,121333.33,121979.43,250.3488087
2025-10-08 01:00:00,1759885200000,121977.17,122106.28,121651.6,122015.49,178.55124302
2025-10-08 02:00:00,1759888800000,122015.5,122297.99,121876.5,122087.75,250.6231901
2025-10-08 03:00:00,1759892400000,122087.76,122087.76,121262.74,121430.13,294.70699182
2025-10-08 04:00:00,1759896000000,121430.13,121959.29,121119.66,121939.52,244.43607333
2025-10-08 05:00:00,1759899600000,121939.52,121939.52,121193.98,121397.62,479.18891622
2025-10-08 06:00:00,1759903200000,121397.62,121880.69,121090.06,121824.86,142.01585524
2025-10-08 07:00:00,1759906800000,121824.86,121913.14,121356.3,121633.51,119.73502075
2025-10-08 08:00:00,1759910400000,121633.52,122899.0,121546.0,122421.98,338.96185718
2025-10-08 09:00:00,1759914000000,122421.97,122684.59,122416.16,122570.73,143.98074789
2025-10-08 10:00:00,1759917600000,122572.2,123136.86,122529.97,122983.16,123.31314858
2025-10-08 11:00:00,1759921200000,122994.16,123256.49,122765.39,122910.51,118.72837057
2025-10-08 12:00:00,1759924800000,122910.5,123101.52,122571.6,122672.95,142.96733735
2025-10-08 13:00:00,1759928400000,122672.95,122825.71,121681.92,122639.97,399.38180729
2025-10-08 14:00:00,1759932000000,122636.0,123390.0,122135.53,122360.01,390.2670779
2025-10-08 15:00:00,1759935600000,122350.21,122662.99,121992.0,122225.01,374.33254293
2025-10-08 16:00:00,1759939200000,122225.01,123172.94,122146.58,123097.9,354.86330393
2025-10-08 17:00:00,1759942800000,123097.9,124218.0,122992.01,124089.59,674.70395517
2025-10-08 18:00:00,1759946400000,124089.6,124254.31,123456.0,123465.84,494.4116738
2025-10-08 19:00:00,1759950000000,123465.84,123786.9,123173.28,123467.99,513.53289814
2025-10-08 20:00:00,1759953600000,123468.17,123754.0,122851.0,122892.3,286.81878261
2025-10-08 21:00:00,1759957200000,122886.24,123387.89,122842.3,123314.0,161.22352424
2025-10-08 22:00:00,1759960800000,123314.02,123456.0,123222.67,123239.52,118.02547422
2025-10-08 23:00:00,1759964400000,123234.82,123574.3,123080.0,123343.25,132.82988355
2025-10-09 00:00:00,1759968000000,123343.24,123388.56,122876.0,122876.01,78.12425881
2025-10-09 01:00:00,1759971600000,122876.01,122900.82,122356.33,122576.53,139.2102333
2025-10-09 02:00:00,1759975200000,122576.53,122576.53,121500.0,121649.77,333.06752151
2025-10-09 03:00:00,1759978800000,121649.76,122161.1,121624.01,122069.36,134.93492108
2025-10-09 04:00:00,1759982400000,122069.38,122300.0,121920.24,122170.81,193.58426063
2025-10-09 05:00:00,1759986000000,122170.81,122241.6,121856.62,122141.07,119.33019203
2025-10-09 06:00:00,1759989600000,122141.06,122211.1,121902.99,121978.38,84.32230895
2025-10-09 07:00:00,1759993200000,121978.37,122097.98,121750.01,121952.03,120.56067412
2025-10-09 08:00:00,1759996800000,121952.03,122008.58,121175.76,121286.02,307.35819717
2025-10-09 09:00:00,1760000400000,121285.46,121881.97,121285.46,121841.49,116.31743141
2025-10-09 10:00:00,1760004000000,121844.57,122379.99,121675.98,122209.56,110.00039279
2025-10-09 11:00:00,1760007600000,122209.98,122907.69,122209.98,122783.3,178.62954303
2025-10-09 12:00:00,1760011200000,122783.29,123822.08,122751.35,123606.0,559.02381134
2025-10-09 13:00:00,1760014800000,123606.0,123702.93,122335.67,122451.42,322.55186026
2025-10-09 14:00:00,1760018400000,122451.42,122654.35,120830.48,121378.05,895.37296185
2025-10-09 15:00:00,1760022000000,121378.03,121779.16,120728.19,121213.41,408.12431054
2025-10-09 16:00:00,1760025600000,121206.0,121532.51,119780.0,119905.93,837.25713143
2025-10-09 17:00:00,1760029200000,119902.0,121100.0,119713.65,121026.01,645.44703643
2025-10-09 18:00:00,1760032800000,121026.22,121180.39,120439.7,120714.99,419.2577944
2025-10-09 19:00:00,1760036400000,120715.1,121206.97,120715.1,121040.0,346.03053563
2025-10-09 20:00:00,1760040000000,121046.97,121268.19,120918.42,121172.06,197.87536218
2025-10-09 21:00:00,1760043600000,121172.06,121580.0,121119.12,121539.28,160.40326192
2025-10-09 22:00:00,1760047200000,121539.28,121833.98,121464.32,121754.14,116.90861144
2025-10-09 23:00:00,1760050800000,121754.13,121809.0,121420.8,121714.51,156.4594906
2025-10-10 00:00:00,1760054400000,121714.51,121934.36,121643.85,121814.96,127.06044648
2025-10-10 01:00:00,1760058000000,121814.96,121948.77,121542.23,121688.94,87.64893853
2025-10-10 02:00:00,1760061600000,121688.93,121712.16,120963.86,121124.35,318.349898
2025-10-10 03:00:00,1760065200000,121124.36,121632.95,120971.41,121078.09,146.2588919
2025-10-10 04:00:00,1760068800000,121078.1,121453.44,121068.0,121285.29,140.87105021
2025-10-10 05:00:00,1760072400000,121283.99,121646.16,121028.01,121627.88,87.4511779
2025-10-10 06:00:00,1760076000000,121627.87,121798.75,121296.01,121406.56,122.06221504
2025-10-10 07:00:00,1760079600000,121407.99,121445.07,120884.52,120991.04,308.32228586
2025-10-10 08:00:00,1760083200000,120992.63,121710.89,120963.85,121665.22,153.41841795
2025-10-10 09:00:00,1760086800000,121665.25,121830.29,121315.75,121360.09,258.2545819
2025-10-10 10:00:00,1760090400000,121360.08,121592.63,121264.43,121543.26,142.8188857
2025-10-10 11:00:00,1760094000000,121543.26,121707.5,121462.92,121600.0,126.92240107
2025-10-10 12:00:00,1760097600000,121600.01,121741.42,121467.73,121646.11,161.64149381
2025-10-10 13:00:00,1760101200000,121646.12,122600.0,121412.25,121718.65,820.18853308
2025-10-10 14:00:00,1760104800000,121715.62,122122.0,120510.0,120524.03,613.87107752
2025-10-10 15:00:00,1760108400000,120522.54,120666.67,118490.75,119064.09,1752.79895412
2025-10-10 16:00:00,1760112000000,119064.08,119489.37,118221.8,118221.8,762.61332052
2025-10-10 17:00:00,1760115600000,118221.95,118450.98,117560.94,117655.63,1495.55485767
2025-10-10 18:00:00,1760119200000,117655.63,117870.61,117232.0,117238.0,488.53571128
2025-10-10 19:00:00,1760122800000,117237.49,117344.95,115946.13,116670.01,1389.74239686
2025-10-10 20:00:00,1760126400000,116673.01,117224.22,112940.63,114317.33,1258.26714592
2025-10-10 21:00:00,1760130000000,114323.97,115156.73,107000.0,113874.92,6239.23818855
2025-10-10 22:00:00,1760133600000,113911.0,114783.31,112000.0,114014.76,3430.54764065
2025-10-10 23:00:00,1760137200000,114003.62,114961.92,112940.4,112980.28,1999.90524459
2025-10-11 00:00:00,1760140800000,112976.01,113330.5,111754.39,112676.33,1166.45725373
2025-10-11 01:00:00,1760144400000,112673.48,112710.0,111165.07,111220.97,743.13696716
2025-10-11 02:00:00,1760148000000,111220.82,113399.99,111203.19,113340.01,765.28909633
2025-10-11 03:00:00,1760151600000,113339.99,113439.99,111917.75,112417.34,433.27363648
2025-10-11 04:00:00,1760155200000,112415.11,113105.86,111821.0,113090.04,287.67765157
2025-10-11 05:00:00,1760158800000,113096.97,113100.0,112140.76,112513.67,325.16797224
2025-10-11 06:00:00,1760162400000,112513.67,112890.03,112102.35,112166.35,223.94205407
2025-10-11 07:00:00,1760166000000,112166.35,112222.04,110215.0,110518.61,980.59930379
2025-10-11 08:00:00,1760169600000,110515.02,111650.3,110280.33,111424.62,357.98546491
2025-10-11 09:00:00,1760173200000,111424.63,112000.0,111364.41,111734.27,314.78655824
2025-10-11 10:00:00,1760176800000,111734.26,112376.01,111724.48,112220.46,276.0556749
2025-10-11 11:00:00,1760180400000,112220.47,112465.61,111776.0,112390.37,210.45125295
2025-10-11 12:00:00,1760184000000,112390.34,112610.24,112132.28,112496.69,250.12798123
2025-10-11 13:00:00,1760187600000,112496.69,112636.7,112000.0,112375.24,241.26850599
2025-10-11 14:00:00,1760191200000,112375.24,112453.43,111993.17,112093.99,273.93881529
2025-10-11 15:00:00,1760194800000,112093.99,112493.18,111900.0,111907.99,385.76258014
2025-10-11 16:00:00,1760198400000,111907.45,112200.0,111525.14,111974.39,304.20690634
2025-10-11 17:00:00,1760202000000,111985.34,112310.7,111820.12,112118.05,184.01900932
2025-10-11 18:00:00,1760205600000,112118.05,112153.91,111962.77,112078.51,142.81048748
2025-10-11 19:00:00,1760209200000,112078.5,112147.14,110967.03,111301.55,479.73713905
2025-10-11 20:00:00,1760212800000,111301.57,111484.1,109800.0,110367.76,802.25932126
2025-10-11 21:00:00,1760216400000,110377.87,111111.11,109683.96,111022.41,505.30688697
2025-10-11 22:00:00,1760220000000,111018.16,111427.58,110770.67,111164.06,206.94102497
2025-10-11 23:00:00,1760223600000,111164.03,111240.25,110765.64,110768.89,180.68043567
2025-10-12 00:00:00,1760227200000,110768.9,110806.39,109687.46,109764.03,359.75715851
2025-10-12 01:00:00,1760230800000,109764.66,110421.42,109750.08,110078.26,369.94398594
2025-10-12 02:00:00,1760234400000,110078.27,110810.35,109699.27,110211.06,463.85067884
2025-10-12 03:00:00,1760238000000,110211.07,111489.0,110094.16,110790.0,383.22950373
2025-10-12 04:00:00,1760241600000,110794.05,112048.28,110717.31,111620.87,210.3250271
2025-10-12 05:00:00,1760245200000,111620.88,111907.44,111274.18,111793.36,182.0374014
2025-10-12 06:00:00,1760248800000,111793.37,112218.04,111701.34,111783.98,195.54010756
2025-10-12 07:00:00,1760252400000,111789.99,112045.37,111559.64,111618.0,287.8188475
2025-10-12 08:00:00,1760256000000,111615.97,111904.82,111350.05,111370.94,199.46584613
2025-10-12 09:00:00,1760259600000,111370.91,111975.79,111195.5,111878.0,165.68144274
2025-10-12 10:00:00,1760263200000,111878.02,112088.66,111479.52,111708.02,129.07915207
2025-10-12 11:00:00,1760266800000,111708.02,112161.85,111524.32,111887.54,137.88691473
2025-10-12 12:00:00,1760270400000,111886.03,112273.96,111585.52,111827.49,289.06997397
2025-10-12 13:00:00,1760274000000,111827.49,111988.46,111284.0,111338.72,240.71364467
2025-10-12 14:00:00,1760277600000,111338.72,113019.77,111210.0,112369.1,693.42946914
2025-10-12 15:00:00,1760281200000,112380.07,113800.0,112120.19,113246.19,1289.81270777
2025-10-12 16:00:00,1760284800000,113246.19,114780.57,113246.19,114158.0,817.22550069
2025-10-12 17:00:00,1760288400000,114159.99,114566.14,113602.6,113893.75,456.3552957
2025-10-12 18:00:00,1760292000000,113893.75,114333.25,113627.52,113951.69,427.36905206
2025-10-12 19:00:00,1760295600000,113951.69,114479.03,113897.63,114420.86,235.75436389
2025-10-12 20:00:00,1760299200000,114420.85,115542.98,114420.11,115024.0,894.01255462
2025-10-12 21:00:00,1760302800000,115024.0,115696.34,114350.92,114981.18,440.23574642
2025-10-12 22:00:00,1760306400000,114984.29,115847.0,114960.71,115331.19,554.64457549
2025-10-12 23:00:00,1760310000000,115331.18,115474.99,114837.53,115067.98,275.79669428
2025-10-13 00:00:00,1760313600000,115067.96,115999.97,114876.0,115389.45,504.86296436
2025-10-13 01:00:00,1760317200000,115389.44,115870.34,115182.88,115816.42,311.08787666
2025-10-13 02:00:00,1760320800000,115816.41,116077.51,115107.85,115435.15,219.4207709
2025-10-13 03:00:00,1760324400000,115430.61,115736.1,114719.37,114928.58,193.90077186
2025-10-13 04:00:00,1760328000000,114928.57,115100.0,114500.0,114791.6,304.18454458
2025-10-13 05:00:00,1760331600000,114791.6,114914.49,114583.75,114698.44,121.46894557
2025-10-13 06:00:00,1760335200000,114692.85,115423.41,114500.0,115287.85,212.74634202
2025-10-13 07:00:00,1760338800000,115287.86,115632.45,115084.62,115481.11,218.74066124
2025-10-13 08:00:00,1760342400000,115474.65,115522.15,115220.08,115338.44,211.09596939
2025-10-13 09:00:00,1760346000000,115340.01,115340.01,114851.95,115203.06,98.37776826
2025-10-13 10:00:00,1760349600000,115208.54,115245.17,114819.88,114905.33,157.39456221
2025-10-13 11:00:00,1760353200000,114905.26,114905.26,113700.27,114278.99,302.3240308
2025-10-13 12:00:00,1760356800000,114278.98,114851.67,114023.71,114501.62,332.59088148
2025-10-13 13:00:00,1760360400000,114501.61,115646.0,114312.87,115452.43,1009.35110064
2025-10-13 14:00:00,1760364000000,115445.76,115588.62,113898.97,114125.98,718.28575785
2025-10-13 15:00:00,1760367600000,114125.99,114849.13,114068.78,114425.77,558.82964171
2025-10-13 16:00:00,1760371200000,114425.77,115290.0,114369.86,114756.98,349.93656819
2025-10-13 17:00:00,1760374800000,114756.98,115150.0,114308.44,115112.35,307.01096445
2025-10-13 18:00:00,1760378400000,115112.34,115475.0,114801.46,115251.43,347.87631954
2025-10-13 19:00:00,1760382000000,115251.69,115995.74,115167.96,115899.11,825.39059256
2025-10-13 20:00:00,1760385600000,115899.12,115994.0,115500.0,115816.0,283.35275633
2025-10-13 21:00:00,1760389200000,115815.99,115897.33,115648.0,115811.89,195.17853012
2025-10-13 22:00:00,1760392800000,115811.89,115945.0,115536.01,115613.03,153.90741487
2025-10-13 23:00:00,1760396400000,115607.97,115609.15,115087.66,115274.03,210.44530959
2025-10-14 00:00:00,1760400000000,115274.03,115514.91,114970.59,115057.99,256.89279587
2025-10-14 01:00:00,1760403600000,115057.99,115102.0,114211.21,114356.52,515.21396267
2025-10-14 02:00:00,1760407200000,114356.51,114388.96,113701.0,113703.75,559.20999563
2025-10-14 03:00:00,1760410800000,113703.74,113779.88,113343.3,113574.95,447.53420687
2025-10-14 04:00:00,1760414400000,113574.95,113684.98,112842.0,113132.96,428.60419744
2025-10-14 05:00:00,1760418000000,113135.6,113768.23,112464.27,112566.84,515.03635282
2025-10-14 06:00:00,1760421600000,112570.0,112787.37,111444.0,112053.02,450.05586373
2025-10-14 07:00:00,1760425200000,112053.02,112278.92,111545.91,111799.44,456.7719553
2025-10-14 08:00:00,1760428800000,111794.0,112228.01,111591.28,111907.35,278.19401934
2025-10-14 09:00:00,1760432400000,111907.35,112104.6,111127.51,111364.0,398.61874947
2025-10-14 10:00:00,1760436000000,111372.0,111423.54,110127.0,110712.45,737.3449189
2025-10-14 11:00:00,1760439600000,110714.28,111719.66,110698.7,111394.48,359.02256727
2025-10-14 12:00:00,1760443200000,111395.66,111454.88,110814.24,110889.47,450.40633248
2025-10-14 13:00:00,1760446800000,110889.47,111421.54,109945.86,111088.61,1026.43994418
2025-10-14 14:00:00,1760450400000,111093.36,112284.98,110987.6,111477.27,660.93329971
2025-10-14 15:00:00,1760454000000,111477.25,112979.99,111111.0,112960.11,654.80510261
2025-10-14 16:00:00,1760457600000,112954.84,113272.0,112261.92,112398.04,665.82115307
2025-10-14 17:00:00,1760461200000,112398.05,113010.13,111756.05,112844.01,701.38842919
2025-10-14 18:00:00,1760464800000,112844.02,113533.01,112708.8,112903.59,458.39434037
2025-10-14 19:00:00,1760468400000,112910.0,113611.36,112065.45,112664.75,864.93698433
2025-10-14 20:00:00,1760472000000,112660.02,113051.68,112265.02,113048.24,270.54246191
2025-10-14 21:00:00,1760475600000,113048.24,113240.94,112742.03,113175.34,187.93812067
2025-10-14 22:00:00,1760479200000,113175.34,113639.19,112835.28,113264.91,289.49419289
2025-10-14 23:00:00,1760482800000,113264.92,113572.39,113043.04,113068.0,321.7544291
2025-10-15 00:00:00,1760486400000,113072.18,113172.83,112644.5,113041.4,227.70557767
2025-10-15 01:00:00,1760490000000,113041.41,113066.56,112372.0,112784.28,273.09212155
2025-10-15 02:00:00,1760493600000,112781.98,113671.99,112714.13,112860.93,316.16791184
2025-10-15 03:00:00,1760497200000,112860.93,112924.9,111868.2,112073.9,290.04304706
2025-10-15 04:00:00,1760500800000,112075.4,112524.5,111793.73,112389.78,240.69911987
2025-10-15 05:00:00,1760504400000,112389.78,112709.13,112235.0,112486.5,246.06065259
2025-10-15 06:00:00,1760508000000,112486.3,112628.68,111944.27,112515.72,185.12090759
2025-10-15 07:00:00,1760511600000,112514.69,112755.54,112273.93,112642.34,167.80120375
2025-10-15 08:00:00,1760515200000,112633.69,113564.0,112585.21,113013.13,190.61886495
2025-10-15 09:00:00,1760518800000,113013.12,113189.11,112449.92,112618.04,212.00884362
2025-10-15 10:00:00,1760522400000,112618.04,112721.01,112147.21,112346.01,225.8976474
2025-10-15 11:00:00,1760526000000,112339.84,112697.67,111747.77,112000.01,207.06019785
2025-10-15 12:00:00,1760529600000,112000.0,112184.57,111446.0,111790.38,208.9441591
2025-10-15 13:00:00,1760533200000,111790.37,112088.1,110800.0,111460.64,711.34271449
2025-10-15 14:00:00,1760536800000,111461.2,112322.49,110890.02,111146.5,505.1415504
2025-10-15 15:00:00,1760540400000,111143.83,111662.28,110429.41,110867.71,776.35308709
2025-10-15 16:00:00,1760544000000,110864.01,111200.0,110656.0,110809.96,332.46356637
2025-10-15 17:00:00,1760547600000,110809.96,111249.57,110185.87,111238.18,451.36159535
2025-10-15 18:00:00,1760551200000,111233.16,111558.99,110866.77,111480.75,202.26044841
2025-10-15 19:00:00,1760554800000,111484.21,111613.54,111127.75,111318.21,383.48311011
2025-10-15 20:00:00,1760558400000,111313.45,111615.99,110565.5,111162.87,315.3579813
2025-10-15 21:00:00,1760562000000,111162.86,111474.1,110530.36,110886.78,306.77626054
2025-10-15 22:00:00,1760565600000,110886.78,111434.12,110702.67,110709.88,272.80376632
2025-10-15 23:00:00,1760569200000,110709.88,111058.84,110616.69,110804.12,191.47348957
2025-10-16 00:00:00,1760572800000,110804.11,110912.72,110400.02,110482.33,237.89157798
2025-10-16 01:00:00,1760576400000,110482.32,111400.73,110470.13,111347.21,226.89295403
2025-10-16 02:00:00,1760580000000,111353.64,111618.27,111052.38,111566.07,261.64470651
2025-10-16 03:00:00,1760583600000,111566.06,111905.84,111300.46,111383.51,211.38141216
2025-10-16 04:00:00,1760587200000,111383.76,111725.91,110852.76,111017.55,227.98435455
2025-10-16 05:00:00,1760590800000,111017.55,111520.52,110765.44,110998.92,231.2491144
2025-10-16 06:00:00,1760594400000,110998.91,111763.93,110957.09,111707.26,188.99932372
2025-10-16 07:00:00,1760598000000,111707.26,111810.02,110499.99,110575.99,1642.64155933
2025-10-16 08:00:00,1760601600000,110578.02,110937.73,110386.14,110845.01,422.60284018
2025-10-16 09:00:00,1760605200000,110845.0,111695.0,108500.0,111185.99,1350.17048268
2025-10-16 10:00:00,1760608800000,111180.9,111750.0,111051.29,111500.69,220.63599414
2025-10-16 11:00:00,1760612400000,111500.7,111600.0,111035.01,111443.19,231.68094382
2025-10-16 12:00:00,1760616000000,111446.59,112021.07,111322.3,111560.01,421.43078652
2025-10-16 13:00:00,1760619600000,111560.01,111598.79,110710.48,110891.39,466.68757667
2025-10-16 14:00:00,1760623200000,110895.93,111478.0,109761.89,110577.05,846.62479575
2025-10-16 15:00:00,1760626800000,110577.06,110804.54,108379.85,108591.19,1338.80239702
2025-10-16 16:00:00,1760630400000,108586.0,109322.49,107600.37,109294.03,1827.33011354
2025-10-16 17:00:00,1760634000000,109290.02,109300.0,108249.99,108315.73,992.0028033
2025-10-16 18:00:00,1760637600000,108319.4,108725.99,107703.98,108706.01,872.36330731
2025-10-16 19:00:00,1760641200000,108702.98,108813.34,107721.36,108246.33,1037.02962882
2025-10-16 20:00:00,1760644800000,108249.4,108477.0,107464.53,107878.75,657.03858999
2025-10-16 21:00:00,1760648400000,107872.76,108498.84,107603.0,108457.01,351.49051234
2025-10-16 22:00:00,1760652000000,108459.98,108534.0,107787.9,107814.12,270.03269271
2025-10-16 23:00:00,1760655600000,107814.12,108450.05,107750.01,108198.0,258.17907782
2025-10-17 00:00:00,1760659200000,108197.99,108849.47,107915.07,108812.82,327.17897931
2025-10-17 01:00:00,1760662800000,108813.81,109134.15,108527.29,108861.98,288.96842581
2025-10-17 02:00:00,1760666400000,108855.11,109119.2,108411.47,109006.02,264.64401851
2025-10-17 03:00:00,1760670000000,109006.02,109262.17,108920.33,109211.22,149.31473541
2025-10-17 04:00:00,1760673600000,109207.13,109269.97,108793.87,108802.15,146.45882698
2025-10-17 05:00:00,1760677200000,108802.15,108937.5,108312.01,108397.8,238.11237424
2025-10-17 06:00:00,1760680800000,108401.99,108533.52,106666.0,106752.77,644.12064825
2025-10-17 07:00:00,1760684400000,106755.92,106914.56,105510.13,105614.0,817.25231858
2025-10-17 08:00:00,1760688000000,105614.33,105722.22,104465.01,104880.39,1114.83347348
2025-10-17 09:00:00,1760691600000,104880.38,105632.84,104517.01,104519.84,495.82043611
2025-10-17 10:00:00,1760695200000,104517.01,104900.0,103516.75,104742.83,1104.43332568
2025-10-17 11:00:00,1760698800000,104742.83,106647.01,104653.19,105681.29,939.668832
2025-10-17 12:00:00,1760702400000,105681.89,106072.37,105230.03,105351.07,664.82286967
2025-10-17 13:00:00,1760706000000,105348.0,106187.43,104873.24,105854.0,1119.727687
2025-10-17 14:00:00,1760709600000,105855.7,106026.28,104553.98,105177.68,1286.53859564
2025-10-17 15:00:00,1760713200000,105176.74,106862.04,105103.69,106800.0,941.51110713
2025-10-17 16:00:00,1760716800000,106800.01,107576.94,106247.56,106391.99,814.02545996
2025-10-17 17:00:00,1760720400000,106392.21,106752.47,106086.0,106460.82,421.19182719
2025-10-17 18:00:00,1760724000000,106462.03,107146.72,106462.03,106672.9,463.05129102
2025-10-17 19:00:00,1760727600000,106672.9,106918.0,106253.58,106484.0,510.94557868
2025-10-17 20:00:00,1760731200000,106490.41,107204.0,106360.38,107051.02,372.98074193
2025-10-17 21:00:00,1760734800000,107057.43,107480.0,107030.77,107332.06,307.37240333
2025-10-17 22:00:00,1760738400000,107332.06,107459.45,106846.01,107024.0,181.25681016
2025-10-17 23:00:00,1760742000000,107024.0,107031.84,106418.0,106463.3,210.11386867
2025-10-18 00:00:00,1760745600000,106462.09,106887.83,106357.69,106879.76,144.55616331
2025-10-18 01:00:00,1760749200000,106879.77,107363.84,106852.5,107185.85,169.19372316
2025-10-18 02:00:00,1760752800000,107185.85,107341.06,106537.48,106632.63,280.13021064
2025-10-18 03:00:00,1760756400000,106632.63,107174.56,106613.36,107119.46,195.01276507
2025-10-18 04:00:00,1760760000000,107119.46,107122.96,106476.72,106510.89,286.48942145
2025-10-18 05:00:00,1760763600000,106515.73,106894.23,106515.73,106854.58,149.95010523
2025-10-18 06:00:00,1760767200000,106854.58,106997.25,106755.55,106891.93,127.96010799
2025-10-18 07:00:00,1760770800000,106891.91,107535.68,106671.92,106725.61,237.01439198
2025-10-18 08:00:00,1760774400000,106727.98,107018.91,106659.24,106766.75,136.72148342
2025-10-18 09:00:00,1760778000000,106764.64,106989.12,106670.0,106936.08,105.67881698
2025-10-18 10:00:00,1760781600000,106939.04,107189.19,106828.08,106961.73,90.06451408
2025-10-18 11:00:00,1760785200000,106961.73,107265.5,106806.0,107251.98,102.41452672
2025-10-18 12:00:00,1760788800000,107251.99,107350.26,107001.02,107108.03,120.78275647
2025-10-18 13:00:00,1760792400000,107108.03,107140.79,106846.28,106932.44,116.76027556
2025-10-18 14:00:00,1760796000000,106932.44,107164.8,106769.8,107074.16,143.63510634
2025-10-18 15:00:00,1760799600000,107080.01,107206.5,106857.2,106989.94,163.28227991
2025-10-18 16:00:00,1760803200000,106989.95,107100.7,106511.53,106688.24,197.47881328
2025-10-18 17:00:00,1760806800000,106685.32,106989.54,106597.43,106904.63,143.66927344
2025-10-18 18:00:00,1760810400000,106908.0,106955.0,106748.65,106889.03,82.99546286
2025-10-18 19:00:00,1760814000000,106889.03,107136.94,106803.33,107115.29,107.98096685
2025-10-18 20:00:00,1760817600000,107115.29,107394.62,107024.0,107045.47,143.3073292
2025-10-18 21:00:00,1760821200000,107045.46,107261.26,106872.03,107199.99,120.3672884
2025-10-18 22:00:00,1760824800000,107199.99,107332.28,107090.49,107157.5,104.24481663
2025-10-18 23:00:00,1760828400000,107154.05,107242.03,107018.17,107208.91,82.9189957
2025-10-19 00:00:00,1760832000000,107208.91,107300.0,106781.93,106930.73,196.00445209
2025-10-19 01:00:00,1760835600000,106934.11,107026.63,106747.45,107005.06,116.19450653
2025-10-19 02:00:00,1760839200000,107005.05,107032.44,106826.21,106876.93,115.0880148
2025-10-19 03:00:00,1760842800000,106876.92,107398.69,106825.88,107300.01,116.35857844
2025-10-19 04:00:00,1760846400000,107300.0,107316.08,107013.95,107070.35,102.75510846
2025-10-19 05:00:00,1760850000000,107070.36,107216.0,106830.08,106914.43,93.73697258
2025-10-19 06:00:00,1760853600000,106914.43,106945.2,106581.41,106799.97,103.68308472
2025-10-19 07:00:00,1760857200000,106801.67,106945.2,106711.82,106808.56,69.68787503
2025-10-19 08:00:00,1760860800000,106808.56,107231.9,106294.08,106458.41,227.72815201
2025-10-19 09:00:00,1760864400000,106458.41,108233.07,106091.25,107423.44,556.49578467
2025-10-19 10:00:00,1760868000000,107423.44,107944.03,107016.04,107909.55,267.7655287
2025-10-19 11:00:00,1760871600000,107909.14,108278.93,107665.96,107817.99,185.0531167
2025-10-19 12:00:00,1760875200000,107818.31,107892.0,107472.25,107672.32,145.29399151
2025-10-19 13:00:00,1760878800000,107674.23,108247.34,107394.17,108111.54,178.81071585
2025-10-19 14:00:00,1760882400000,108116.4,108544.2,107899.9,108434.18,279.59431475
2025-10-19 15:00:00,1760886000000,108434.19,108660.0,108350.01,108521.99,236.37658071
2025-10-19 16:00:00,1760889600000,108522.0,108989.0,108278.19,108659.99,254.37390225
2025-10-19 17:00:00,1760893200000,108663.99,109481.96,108648.32,109150.01,423.60671443
2025-10-19 18:00:00,1760896800000,109154.01,109499.0,109077.45,109433.65,319.66967533
2025-10-19 19:00:00,1760900400000,109433.65,109433.66,108834.84,108948.7,205.59183096
2025-10-19 20:00:00,1760904000000,108948.01,109042.14,108850.0,108884.28,138.18311227
2025-10-19 21:00:00,1760907600000,108893.14,108919.27,108637.88,108794.71,121.40801733
2025-10-19 22:00:00,1760911200000,108794.0,109415.58,108791.88,109182.0,226.54124963
2025-10-19 23:00:00,1760914800000,109182.0,109182.0,108500.98,108676.78,161.63685
2025-10-20 00:00:00,1760918400000,108676.77,108676.78,107449.91,108087.96,360.84052855
2025-10-20 01:00:00,1760922000000,108092.0,108316.48,107934.31,108088.48,225.12174863
2025-10-20 02:00:00,1760925600000,108088.49,108997.01,107884.14,108805.95,195.0518602
2025-10-20 03:00:00,1760929200000,108813.98,110451.88,108594.32,110181.41,431.5610243
2025-10-20 04:00:00,1760932800000,110179.76,110555.0,109962.08,110455.68,357.97910413
2025-10-20 05:00:00,1760936400000,110453.93,111143.0,110314.12,111049.28,336.42713919
2025-10-20 06:00:00,1760940000000,111049.28,111405.52,111016.84,111326.08,354.91304989
2025-10-20 07:00:00,1760943600000,111326.08,111447.3,111095.67,111234.7,115.08870435
2025-10-20 08:00:00,1760947200000,111232.98,111685.23,110965.16,111119.77,55.33688689
2025-10-20 09:00:00,1760950800000,111112.9,111227.87,110719.89,111003.98,188.90609269
2025-10-20 10:00:00,1760954400000,111003.98,111147.26,110689.82,110775.29,112.31976631
2025-10-20 11:00:00,1760958000000,110777.76,111064.67,110641.63,111049.41,141.9809409
2025-10-20 12:00:00,1760961600000,111049.41,111246.68,110795.55,110874.22,212.91376591
2025-10-20 13:00:00,1760965200000,110876.01,111234.31,110610.91,111182.14,477.93443471
2025-10-20 14:00:00,1760968800000,111182.14,111414.04,110726.05,111236.18,311.13197132
2025-10-20 15:00:00,1760972400000,111236.27,111748.6,111030.02,111167.39,350.81381289
2025-10-20 16:00:00,1760976000000,111178.45,111351.54,110167.81,110717.89,392.69431665
2025-10-20 17:00:00,1760979600000,110726.29,111135.9,109875.47,110321.99,307.40486269
2025-10-20 18:00:00,1760983200000,110321.03,110988.32,110245.11,110948.13,300.94496795
2025-10-20 19:00:00,1760986800000,110948.14,111106.68,110555.01,110840.0,344.69164434
2025-10-20 20:00:00,1760990400000,110836.0,111303.44,110676.39,111125.54,239.64012119
2025-10-20 21:00:00,1760994000000,111128.03,111276.0,110500.0,110592.42,147.93222805
2025-10-20 22:00:00,1760997600000,110592.41,110908.73,110422.01,110830.0,141.23706359
2025-10-20 23:00:00,1761001200000,110830.0,110857.33,110533.01,110568.06,183.5692548
2025-10-21 00:00:00,1761004800000,110568.05,110570.0,110017.08,110482.42,338.848847
2025-10-21 01:00:00,1761008400000,110482.41,110529.97,109611.0,109894.0,319.12787373
2025-10-21 02:00:00,1761012000000,109896.0,109956.21,109344.13,109552.53,332.4150085
2025-10-21 03:00:00,1761015600000,109552.53,109665.08,109100.0,109100.02,224.00151396
2025-10-21 04:00:00,1761019200000,109100.03,109100.03,107685.51,107818.23,623.35289221
2025-10-21 05:00:00,1761022800000,107818.23,108037.29,107444.6,107579.51,454.6664924
2025-10-21 06:00:00,1761026400000,107577.52,108233.66,107525.01,107940.61,205.40240693
2025-10-21 07:00:00,1761030000000,107940.6,108235.99,107679.71,108103.61,136.90964512
2025-10-21 08:00:00,1761033600000,108098.0,108126.19,107500.02,107725.34,271.67956975
2025-10-21 09:00:00,1761037200000,107725.33,107904.0,107570.01,107784.37,235.2893755
2025-10-21 10:00:00,1761040800000,107784.37,108854.96,107600.0,108530.23,340.85005225
2025-10-21 11:00:00,1761044400000,108528.48,108687.56,108184.11,108604.02,254.23599157
2025-10-21 12:00:00,1761048000000,108604.02,109505.99,108476.32,108819.97,432.25729791
2025-10-21 13:00:00,1761051600000,108814.11,108930.55,107915.9,108468.0,471.35906394
2025-10-21 14:00:00,1761055200000,108475.09,112352.14,108446.01,112239.7,1487.28892957
2025-10-21 15:00:00,1761058800000,112239.71,113611.24,111768.34,113484.0,1840.08773358
2025-10-21 16:00:00,1761062400000,113483.83,114082.29,112512.0,112592.97,1231.17603904
2025-10-21 17:00:00,1761066000000,112607.3,113043.8,111849.76,112059.28,760.57604916
2025-10-21 18:00:00,1761069600000,112059.26,112358.0,111389.81,112047.99,432.56571495
2025-10-21 19:00:00,1761073200000,112042.99,112268.72,111592.16,111841.0,542.56580414
2025-10-21 20:00:00,1761076800000,111845.83,111870.15,110622.76,110859.99,423.41508512
2025-10-21 21:00:00,1761080400000,110859.98,111164.46,110149.08,110866.27,321.84529604
2025-10-21 22:00:00,1761084000000,110866.16,110866.18,108434.84,109115.52,773.45542584
2025-10-21 23:00:00,1761087600000,109117.98,109490.29,108100.0,108362.27,437.07978432
2025-10-22 00:00:00,1761091200000,108357.99,108701.7,107891.0,108030.13,396.87243286
2025-10-22 01:00:00,1761094800000,108035.58,108522.9,108035.58,108408.21,311.25975321
2025-10-22 02:00:00,1761098400000,108408.22,108730.92,108256.26,108256.27,206.89761402
2025-10-22 03:00:00,1761102000000,108256.27,108275.57,107907.68,108273.42,256.42036081
2025-10-22 04:00:00,1761105600000,108272.83,108689.89,108210.01,108671.31,128.6604011
2025-10-22 05:00:00,1761109200000,108671.31,108695.57,107941.6,108221.99,196.6839792
2025-10-22 06:00:00,1761112800000,108221.99,108399.96,107994.04,108040.0,203.58208895
2025-10-22 07:00:00,1761116400000,108040.0,108368.57,107657.81,108368.57,236.49651536
2025-10-22 08:00:00,1761120000000,108368.56,108429.64,108123.72,108280.34,88.79235662
2025-10-22 09:00:00,1761123600000,108280.34,108324.53,107814.3,108007.07,222.87567708
2025-10-22 10:00:00,1761127200000,108007.07,108159.52,107675.38,107700.28,163.18535854
2025-10-22 11:00:00,1761130800000,107701.96,108261.16,106800.0,107592.92,574.42245791
2025-10-22 12:00:00,1761134400000,107592.92,108450.02,107491.0,108091.59,264.51738051
2025-10-22 13:00:00,1761138000000,108091.59,109071.08,107678.46,108838.18,548.1879486
2025-10-22 14:00:00,1761141600000,108838.18,109032.26,107537.33,108962.0,1125.36400118
2025-10-22 15:00:00,1761145200000,108960.81,109188.27,107750.02,108426.4,799.59669637
2025-10-22 16:00:00,1761148800000,108426.43,108810.4,107860.76,108229.96,576.01021558
2025-10-22 17:00:00,1761152400000,108228.14,108347.74,107570.39,107789.73,497.58141746
2025-10-22 18:00:00,1761156000000,107789.73,108228.02,107461.49,108036.08,380.9636999
2025-10-22 19:00:00,1761159600000,108036.07,108418.02,107734.14,107846.83,733.21324635
2025-10-22 20:00:00,1761163200000,107857.98,108075.59,107514.0,107700.99,303.21214438
2025-10-22 21:00:00,1761166800000,107701.27,107765.56,106639.0,107210.08,516.34119305
2025-10-22 22:00:00,1761170400000,107213.99,107685.43,106926.87,107203.95,273.08961084
2025-10-22 23:00:00,1761174000000,107203.94,107967.11,107172.0,107585.98,307.11331579
2025-10-23 00:00:00,1761177600000,107588.02,107995.0,107511.46,107873.57,144.63019498
2025-10-23 01:00:00,1761181200000,107875.37,108526.79,107809.74,108185.86,333.51691365
2025-10-23 02:00:00,1761184800000,108185.88,108434.0,108089.65,108433.99,137.06234897
2025-10-23 03:00:00,1761188400000,108434.0,108748.97,108348.0,108391.59,159.41801757
2025-10-23 04:00:00,1761192000000,108391.59,108973.34,108375.99,108670.41,115.09557021
2025-10-23 05:00:00,1761195600000,108670.41,109018.59,108645.63,108986.14,136.43791132
2025-10-23 06:00:00,1761199200000,108981.93,110340.17,108886.0,110284.59,425.34867404
2025-10-23 07:00:00,1761202800000,110293.92,110310.19,109237.62,109289.99,249.19165884
2025-10-23 08:00:00,1761206400000,109290.0,109933.19,109263.87,109534.0,128.08127361
2025-10-23 09:00:00,1761210000000,109538.79,109578.02,109139.1,109458.39,108.92955713
2025-10-23 10:00:00,1761213600000,109460.73,109741.79,109411.56,109466.02,103.89953494
2025-10-23 11:00:00,1761217200000,109466.02,109690.54,109137.99,109284.22,156.76618293
2025-10-23 12:00:00,1761220800000,109284.21,109284.22,108703.61,109197.84,299.84759725
2025-10-23 13:00:00,1761224400000,109198.01,109654.79,108825.41,109538.23,363.66962988
2025-10-23 14:00:00,1761228000000,109538.23,109876.37,108746.49,109631.62,504.49682356
2025-10-23 15:00:00,1761231600000,109636.99,110148.76,109522.92,109944.02,429.84046671
2025-10-23 16:00:00,1761235200000,109944.02,110608.45,109669.19,110286.6,379.67392232
2025-10-23 17:00:00,1761238800000,110294.0,111342.6,109678.01,111276.07,685.3228844
2025-10-23 18:00:00,1761242400000,111285.25,111339.22,110298.0,110617.16,378.92571277
2025-10-23 19:00:00,1761246000000,110617.15,110681.42,110146.87,110247.6,275.36499268
2025-10-23 20:00:00,1761249600000,110244.52,110258.53,109399.0,109562.48,526.94129884
2025-10-23 21:00:00,1761253200000,109562.01,109766.99,109394.61,109582.71,232.78958987
2025-10-23 22:00:00,1761256800000,109582.7,110206.78,109553.01,109985.4,467.88645023
2025-10-23 23:00:00,1761260400000,109985.41,110155.9,109860.0,110116.03,138.22130643
2025-10-24 00:00:00,1761264000000,110116.02,110764.43,110024.06,110548.38,252.64484963
2025-10-24 01:00:00,1761267600000,110551.87,110717.89,110177.5,110614.77,185.48807325
2025-10-24 02:00:00,1761271200000,110614.76,110861.2,110378.34,110600.21,138.44907225
2025-10-24 03:00:00,1761274800000,110607.14,110678.0,110288.39,110486.58,156.54546722
2025-10-24 04:00:00,1761278400000,110487.96,111517.77,110374.01,111207.55,308.94727279
2025-10-24 05:00:00,1761282000000,111207.55,111354.02,110974.35,111287.66,197.62154658
2025-10-24 06:00:00,1761285600000,111287.67,111551.32,111154.15,111498.04,236.02236225
2025-10-24 07:00:00,1761289200000,111498.05,111578.25,110814.81,111096.85,174.80102856
2025-10-24 08:00:00,1761292800000,111096.84,111251.78,110721.57,111121.4,181.97552158
2025-10-24 09:00:00,1761296400000,111119.95,111534.36,111023.7,111367.17,168.92467358
2025-10-24 10:00:00,1761300000000,111367.16,111367.16,111089.73,111156.66,123.06943103
2025-10-24 11:00:00,1761303600000,111156.66,111305.25,110629.93,111100.64,159.77337522
2025-10-24 12:00:00,1761307200000,111100.97,112158.39,110902.09,111334.0,662.14566073
2025-10-24 13:00:00,1761310800000,111334.0,111471.41,110394.19,110948.24,515.93571627
2025-10-24 14:00:00,1761314400000,110952.0,110957.98,109725.51,110239.33,551.84500738
2025-10-24 15:00:00,1761318000000,110239.33,110657.36,109910.01,110070.09,359.19798749
2025-10-24 16:00:00,1761321600000,110070.08,110411.24,109804.93,110286.93,306.16057042
2025-10-24 17:00:00,1761325200000,110282.04,110600.0,110195.8,110233.73,160.61680616
2025-10-24 18:00:00,1761328800000,110231.46,110658.51,110165.84,110621.56,171.04205715
2025-10-24 19:00:00,1761332400000,110621.56,110980.7,110506.46,110624.14,248.21949787
2025-10-24 20:00:00,1761336000000,110624.01,111040.55,110485.4,110920.22,168.87088054
2025-10-24 21:00:00,1761339600000,110920.22,111138.86,110654.01,111110.1,250.14601367
2025-10-24 22:00:00,1761343200000,111110.09,111174.0,110937.1,111044.41,151.45622877
2025-10-24 23:00:00,1761346800000,111044.41,111154.99,110904.43,111042.13,85.19567044
2025-10-25 00:00:00,1761350400000,111042.13,111080.41,110693.01,110805.27,97.39939129
2025-10-25 01:00:00,1761354000000,110805.77,111261.22,110774.0,111104.25,105.31411276
2025-10-25 02:00:00,1761357600000,111104.37,111164.26,110979.98,111062.21,65.11298939
2025-10-25 03:00:00,1761361200000,111062.21,111164.52,111024.04,111049.76,79.75100103
2025-10-25 04:00:00,1761364800000,111049.76,111479.0,111049.76,111252.4,145.29285037
2025-10-25 05:00:00,1761368400000,111252.41,111453.82,111102.14,111406.78,71.324917
2025-10-25 06:00:00,1761372000000,111406.9,111512.61,111279.0,111386.18,64.70993791
2025-10-25 07:00:00,1761375600000,111386.19,111850.0,111386.19,111518.22,127.47542392
2025-10-25 08:00:00,1761379200000,111520.0,111816.87,111502.69,111792.25,83.79000253
2025-10-25 09:00:00,1761382800000,111792.25,111864.0,111512.61,111544.02,128.04625922
2025-10-25 10:00:00,1761386400000,111550.01,111754.69,111409.92,111585.07,62.69076832
2025-10-25 11:00:00,1761390000000,111585.07,111701.14,111512.61,111599.11,50.77960092
2025-10-25 12:00:00,1761393600000,111599.11,111968.52,111554.85,111918.22,85.72394642
2025-10-25 13:00:00,1761397200000,111919.85,111954.34,111517.81,111699.48,73.54653963
2025-10-25 14:00:00,1761400800000,111699.49,111780.0,111517.1,111605.64,26.45364374
2025-10-25 15:00:00,1761404400000,111600.61,111600.61,111405.3,111466.2,2.74418377
2025-10-25 21:00:00,1761426000000,111460.39,111500.0,111364.5,111500.0,45.92533433
2025-10-25 22:00:00,1761429600000,111499.99,111709.55,111406.5,111636.0,90.86379398
2025-10-25 23:00:00,1761433200000,111635.99,111704.88,111541.58,111666.21,72.00329343
2025-10-26 00:00:00,1761436800000,111666.22,111931.72,111562.04,111741.31,119.80327714
2025-10-26 01:00:00,1761440400000,111741.31,112000.0,111543.06,111658.21,140.43962052
2025-10-26 02:00:00,1761444000000,111658.0,111714.0,111427.85,111476.05,71.7886913
2025-10-26 03:00:00,1761447600000,111476.05,111530.89,111268.01,111289.95,78.71090092
2025-10-26 04:00:00,1761451200000,111289.13,111513.47,111260.33,111441.89,47.41683105
2025-10-26 05:00:00,1761454800000,111441.78,111663.97,111380.0,111619.39,45.59808545
2025-10-26 06:00:00,1761458400000,111619.39,111696.0,111547.75,111642.0,23.63947124
2025-10-26 07:00:00,1761462000000,111645.44,111749.98,111620.43,111749.98,35.15402413
2025-10-26 08:00:00,1761465600000,111749.88,111866.19,111749.83,111796.46,39.66879998
2025-10-26 09:00:00,1761469200000,111796.63,112800.0,111733.62,112557.99,350.41983165
2025-10-26 10:00:00,1761472800000,112559.59,112604.0,112200.82,112499.99,103.51134238
2025-10-26 11:00:00,1761476400000,112500.0,113500.0,112448.67,113303.16,244.95878647
2025-10-26 12:00:00,1761480000000,113303.15,113834.64,113284.01,113592.4,231.69687935
2025-10-26 13:00:00,1761483600000,113592.39,114054.85,113276.0,113724.29,330.77696629
2025-10-26 14:00:00,1761487200000,113725.47,113935.32,113541.75,113564.83,276.45246312
2025-10-26 15:00:00,1761490800000,113564.83,113743.9,113427.0,113701.92,126.39665346
2025-10-26 16:00:00,1761494400000,113700.0,113750.0,113279.24,113518.85,146.24161761
2025-10-26 17:00:00,1761498000000,113515.96,113750.0,113446.07,113451.66,101.95858094
2025-10-26 18:00:00,1761501600000,113451.44,113760.88,113445.67,113595.99,165.22394752
2025-10-26 19:00:00,1761505200000,113596.0,113727.98,113513.0,113607.99,89.30022032
2025-10-26 20:00:00,1761508800000,113605.01,113605.01,113312.46,113332.0,74.29571826
2025-10-26 21:00:00,1761512400000,113332.0,113595.05,112860.0,113493.44,119.75055697
2025-10-26 22:00:00,1761516000000,113493.44,115542.0,113478.2,114687.72,555.69711365
2025-10-26 23:00:00,1761519600000,114694.13,114981.67,114387.79,114548.09,289.27155625
2025-10-27 00:00:00,1761523200000,114561.69,115179.18,114362.43,114771.21,263.9047232
2025-10-27 01:00:00,1761526800000,114766.52,115395.94,114701.36,115285.34,229.41387925
2025-10-27 02:00:00,1761530400000,115288.76,115472.67,114802.2,114895.57,241.78046194
2025-10-27 03:00:00,1761534000000,114893.0,115281.07,114850.0,114982.0,200.25708011
2025-10-27 04:00:00,1761537600000,114985.49,115305.3,114925.0,115269.58,128.55328562
2025-10-27 05:00:00,1761541200000,115269.58,115680.48,115269.58,115562.01,224.08185434
2025-10-27 06:00:00,1761544800000,115562.0,116105.0,115356.51,116059.46,311.68152149
2025-10-27 07:00:00,1761548400000,116058.0,116410.06,115500.0,115565.97,285.81607874
2025-10-27 08:00:00,1761552000000,115565.88,115623.48,114890.48,115028.61,181.47161218
2025-10-27 09:00:00,1761555600000,115023.57,115363.7,114800.0,115250.0,149.27093316
2025-10-27 10:00:00,1761559200000,115251.0,115542.79,115117.31,115461.85,89.49367456
2025-10-27 11:00:00,1761562800000,115461.83,115529.68,115129.77,115351.41,108.0438261
2025-10-27 12:00:00,1761566400000,115348.01,115432.0,114980.91,115063.99,171.32982774
2025-10-27 13:00:00,1761570000000,115063.99,115405.3,114563.58,115253.99,284.77353426
2025-10-27 14:00:00,1761573600000,115254.0,115355.05,114477.0,114810.52,264.0289618
2025-10-27 15:00:00,1761577200000,114810.51,115234.0,114781.14,114966.0,246.06081365
2025-10-27 16:00:00,1761580800000,114965.69,115645.65,114873.84,115498.75,264.19874054
2025-10-27 17:00:00,1761584400000,115498.75,115732.32,115308.2,115714.01,187.98164831
2025-10-27 18:00:00,1761588000000,115714.0,115808.76,115331.17,115350.01,142.72258815
2025-10-27 19:00:00,1761591600000,115361.19,115361.19,114773.82,114950.0,430.57206758
2025-10-27 20:00:00,1761595200000,114940.0,114940.0,114400.0,114453.61,317.6072781
2025-10-27 21:00:00,1761598800000,114453.6,114617.95,114114.0,114300.01,227.86434972
2025-10-27 22:00:00,1761602400000,114300.01,114586.2,114052.87,114124.12,247.8583712
2025-10-27 23:00:00,1761606000000,114124.12,114216.0,113833.12,114087.06,292.75870764
2025-10-28 00:00:00,1761609600000,114087.06,114360.89,113777.76,113963.99,213.86134314
2025-10-28 01:00:00,1761613200000,113964.0,114553.83,113963.99,114437.47,164.18632528
2025-10-28 02:00:00,1761616800000,114433.45,114471.63,113570.73,113940.67,177.00595638
2025-10-28 03:00:00,1761620400000,113940.66,114118.01,113718.21,113912.05,116.35321092
2025-10-28 04:00:00,1761624000000,113912.04,114070.43,113761.17,113959.2,80.52124098
2025-10-28 05:00:00,1761627600000,113956.08,113996.0,113483.34,113600.76,100.69517449
2025-10-28 06:00:00,1761631200000,113600.76,114187.84,113600.76,114110.87,98.96605499
2025-10-28 07:00:00,1761634800000,114113.27,114364.0,114094.89,114178.2,140.96419145
2025-10-28 08:00:00,1761638400000,114178.2,114479.03,114102.96,114411.27,77.58633209
2025-10-28 09:00:00,1761642000000,114411.26,114632.24,114195.38,114524.37,92.76018369
2025-10-28 10:00:00,1761645600000,114524.37,114637.4,114421.48,114600.01,64.88987239
2025-10-28 11:00:00,1761649200000,114600.02,114666.66,114272.86,114340.0,122.15581831
2025-10-28 12:00:00,1761652800000,114340.0,114515.35,114128.3,114442.81,120.29104776
2025-10-28 13:00:00,1761656400000,114442.81,115535.97,114442.81,115534.01,578.14447638
2025-10-28 14:00:00,1761660000000,115534.02,116114.13,114248.01,115069.17,621.57625778
2025-10-28 15:00:00,1761663600000,115069.18,115421.17,114513.01,114639.86,187.07457769
2025-10-28 16:00:00,1761667200000,114632.01,115508.44,114512.46,115350.04,253.65404481
2025-10-28 17:00:00,1761670800000,115350.04,115598.59,115233.67,115306.13,211.20011641
2025-10-28 18:00:00,1761674400000,115306.13,115368.98,114636.47,115023.24,164.25066577
2025-10-28 19:00:00,1761678000000,115023.25,115074.06,113534.01,113687.51,642.1505464
2025-10-28 20:00:00,1761681600000,113686.52,113707.09,112321.92,112817.87,505.05355922
2025-10-28 21:00:00,1761685200000,112817.86,113244.92,112203.0,113013.98,320.94941458
2025-10-28 22:00:00,1761688800000,113014.01,113317.11,112839.03,113243.29,170.81285622
2025-10-28 23:00:00,1761692400000,113243.29,113249.53,112775.0,112906.75,117.75807872
2025-10-29 00:00:00,1761696000000,112906.75,112917.79,112446.0,112446.0,170.86995314
2025-10-29 01:00:00,1761699600000,112446.01,112980.06,112075.0,112501.17,257.76791583
2025-10-29 02:00:00,1761703200000,112501.18,112812.42,112418.39,112674.17,150.06930924
2025-10-29 03:00:00,1761706800000,112674.17,112674.17,112345.67,112529.3,138.13920784
2025-10-29 04:00:00,1761710400000,112532.49,112894.96,112510.86,112823.82,92.17824299
2025-10-29 05:00:00,1761714000000,112823.79,113376.16,112816.0,113054.31,109.34945645
2025-10-29 06:00:00,1761717600000,113054.31,113366.0,112972.5,113287.03,87.54296346
2025-10-29 07:00:00,1761721200000,113289.92,113611.21,113240.61,113580.68,120.53377739
2025-10-29 08:00:00,1761724800000,113580.68,113642.03,112961.25,113073.46,126.18614625
2025-10-29 09:00:00,1761728400000,113066.71,113108.89,112773.51,112998.0,169.90924756
2025-10-29 10:00:00,1761732000000,112998.0,113216.82,112749.08,112885.53,67.42976099
2025-10-29 11:00:00,1761735600000,112889.78,113259.99,112760.0,113146.58,97.64031597
2025-10-29 12:00:00,1761739200000,113146.58,113354.0,113075.05,113173.42,116.49288109
2025-10-29 13:00:00,1761742800000,113172.29,113690.17,112700.13,112883.47,280.09779458
2025-10-29 14:00:00,1761746400000,112883.46,112924.38,112250.0,112489.28,243.90540788
2025-10-29 15:00:00,1761750000000,112485.97,112555.0,111400.0,111519.46,526.81864568
2025-10-29 16:00:00,1761753600000,111512.0,111514.55,110934.56,111100.0,488.84337156
2025-10-29 17:00:00,1761757200000,111099.99,111920.53,110999.01,111883.48,313.60904939
2025-10-29 18:00:00,1761760800000,111883.47,112020.0,109000.0,110807.88,1087.98069923
2025-10-29 19:00:00,1761764400000,110804.34,111460.29,110164.25,110644.31,562.51785269
2025-10-29 20:00:00,1761768000000,110645.64,111552.47,110393.86,111450.0,307.55226671
2025-10-29 21:00:00,1761771600000,111444.41,111865.64,111391.55,111635.42,140.2069817
2025-10-29 22:00:00,1761775200000,111635.43,111643.85,110971.55,111041.99,171.82914246
2025-10-29 23:00:00,1761778800000,111040.13,111089.6,109751.63,110032.13,283.01048685
2025-10-30 00:00:00,1761782400000,110031.65,110596.19,109731.52,110559.99,220.39792109
2025-10-30 01:00:00,1761786000000,110566.0,110738.61,110261.6,110453.18,190.60130425
2025-10-30 02:00:00,1761789600000,110453.18,111000.0,110321.62,110980.42,210.06291057
2025-10-30 03:00:00,1761793200000,110980.41,110989.49,110538.45,110763.96,197.93424475
2025-10-30 04:00:00,1761796800000,110763.96,110763.96,107924.01,108571.96,686.45322655
2025-10-30 05:00:00,1761800400000,108568.44,110438.49,108417.72,110270.05,310.70612779
2025-10-30 06:00:00,1761804000000,110264.76,110983.4,109987.39,110766.01,239.22207852
2025-10-30 07:00:00,1761807600000,110771.0,111629.2,110656.25,111367.43,189.340339
2025-10-30 08:00:00,1761811200000,111360.88,111438.0,110673.02,110714.01,149.41201187
2025-10-30 09:00:00,1761814800000,110714.0,110810.0,110123.19,110177.89,87.20180561
2025-10-30 10:00:00,1761818400000,110177.89,110230.01,109824.75,110107.07,240.46128467
2025-10-30 11:00:00,1761822000000,110107.06,110147.26,109667.47,109707.35,188.7941686
2025-10-30 12:00:00,1761825600000,109707.35,109773.33,108268.1,108378.0,447.51329072
2025-10-30 13:00:00,1761829200000,108377.99,108736.02,107354.28,107624.0,978.69058907
2025-10-30 14:00:00,1761832800000,107623.99,108349.98,107600.01,108254.89,565.7346662
2025-10-30 15:00:00,1761836400000,108254.89,108327.38,107294.16,107707.98,371.69940872
2025-10-30 16:00:00,1761840000000,107702.0,108217.54,107549.68,108142.46,387.30963419
2025-10-30 17:00:00,1761843600000,108142.46,108150.86,106800.0,107473.6,572.44551713
2025-10-30 18:00:00,1761847200000,107473.6,107555.99,106750.0,106821.12,314.20305314
2025-10-30 19:00:00,1761850800000,106821.02,107126.29,106283.11,106491.99,677.16252765
2025-10-30 20:00:00,1761854400000,106490.0,107652.47,106279.33,107491.98,479.67354522
2025-10-30 21:00:00,1761858000000,107490.0,107956.11,107351.01,107900.19,239.88761771
2025-10-30 22:00:00,1761861600000,107900.19,107933.0,107450.71,107900.0,259.04583326
2025-10-30 23:00:00,1761865200000,107899.99,108342.09,107559.51,108308.18,277.39433015
2025-10-31 00:00:00,1761868800000,108308.02,109574.24,108266.11,109300.0,385.64435303
2025-10-31 01:00:00,1761872400000,109300.0,110000.0,109157.89,109604.63,325.93975783
2025-10-31 02:00:00,1761876000000,109604.62,109679.15,108535.75,108830.35,221.99287945
2025-10-31 03:00:00,1761879600000,108830.35,109319.98,108593.31,109201.98,185.29676873
2025-10-31 04:00:00,1761883200000,109201.99,110229.86,109082.73,110063.23,297.36986789
2025-10-31 05:00:00,1761886800000,110063.23,110063.23,109663.89,109864.38,111.10897792
2025-10-31 06:00:00,1761890400000,109866.0,109938.0,109470.2,109615.18,98.3057809
2025-10-31 07:00:00,1761894000000,109613.04,109778.97,109045.43,109383.27,668.90502108
2025-10-31 08:00:00,1761897600000,109383.27,110080.44,109153.83,110030.12,178.01819372
2025-10-31 09:00:00,1761901200000,110028.24,110426.39,109760.55,109824.36,183.6941634
2025-10-31 10:00:00,1761904800000,109824.37,110078.64,109670.36,109778.0,104.36653962
2025-10-31 11:00:00,1761908400000,109777.99,110499.89,109433.52,110365.92,275.41775221
2025-10-31 12:00:00,1761912000000,110371.99,110626.75,109570.13,109616.72,282.67515995
2025-10-31 13:00:00,1761915600000,109614.01,110198.92,109305.53,110103.83,748.05815666
2025-10-31 14:00:00,1761919200000,110103.84,110943.02,109515.34,110692.0,484.16688426
2025-10-31 15:00:00,1761922800000,110695.55,111066.1,110041.94,110137.07,453.05921993
2025-10-31 16:00:00,1761926400000,110132.76,110249.37,108514.07,108769.15,423.79724418
2025-10-31 17:00:00,1761930000000,108766.01,109349.87,108556.56,109233.98,334.88600017
2025-10-31 18:00:00,1761933600000,109233.99,109745.77,108895.47,109373.05,332.26280918
2025-10-31 19:00:00,1761937200000,109373.04,110189.41,109045.45,109756.29,383.85050932
2025-10-31 20:00:00,1761940800000,109756.0,109762.37,109366.47,109423.43,165.26740864
2025-10-31 21:00:00,1761944400000,109423.43,109695.79,109262.16,109509.11,83.56902594
2025-10-31 22:00:00,1761948000000,109504.93,109746.76,109418.58,109521.92,69.06502184
2025-10-31 23:00:00,1761951600000,109521.91,109633.99,109457.01,109555.27,61.75772628
2025-11-01 00:00:00,1761955200000,109555.63,109700.98,109342.47,109678.59,70.49447207
2025-11-01 01:00:00,1761958800000,109675.44,109992.14,109632.27,109670.4,76.47163168
2025-11-01 02:00:00,1761962400000,109670.41,109800.0,109411.02,109717.01,84.06044287
2025-11-01 03:00:00,1761966000000,109717.02,110240.0,109712.13,110174.08,113.50274904
2025-11-01 04:00:00,1761969600000,110174.08,110500.0,110058.48,110221.61,90.30531803
2025-11-01 05:00:00,1761973200000,110223.48,110327.96,109966.92,110073.63,51.52199817
2025-11-01 06:00:00,1761976800000,110073.63,110113.91,109882.08,109942.24,39.99828729
2025-11-01 07:00:00,1761980400000,109942.24,110208.94,109927.44,110016.68,56.24313424
2025-11-01 08:00:00,1761984000000,110016.68,110209.47,110016.68,110186.26,49.44957418
2025-11-01 09:00:00,1761987600000,110186.26,110190.93,109896.58,109936.14,77.52336648
2025-11-01 10:00:00,1761991200000,109936.15,110100.0,109771.54,110089.5,44.25261385
2025-11-01 11:00:00,1761994800000,110089.6,110166.0,109932.48,110065.37,38.22085969
2025-11-01 12:00:00,1761998400000,110065.36,110133.0,109927.45,109953.01,45.41734701
2025-11-01 13:00:00,1762002000000,109955.97,109995.28,109608.28,109891.24,73.794854
2025-11-01 14:00:00,1762005600000,109891.23,109945.17,109667.45,109881.08,120.50058073
2025-11-01 15:00:00,1762009200000,109881.08,110297.73,109851.85,110256.93,121.42882508
2025-11-01 16:00:00,1762012800000,110256.92,110493.52,110143.14,110420.37,94.65032295
2025-11-01 17:00:00,1762016400000,110417.01,110450.0,109998.45,110159.29,130.31082286
2025-11-01 18:00:00,1762020000000,110159.29,110325.6,110143.51,110286.16,47.56817725
2025-11-01 19:00:00,1762023600000,110286.16,110292.48,110166.47,110252.53,51.47156499
2025-11-01 20:00:00,1762027200000,110252.53,110471.62,110237.62,110364.99,49.25047121
2025-11-01 21:00:00,1762030800000,110365.0,110397.41,109805.02,109814.79,82.91723855
2025-11-01 22:00:00,1762034400000,109814.89,110058.39,109814.88,110051.03,53.72901335
2025-11-01 23:00:00,1762038000000,110051.03,110100.0,109902.0,110052.25,44.36347068
2025-11-02 00:00:00,1762041600000,110052.25,110082.38,109846.0,109921.99,55.51165059
2025-11-02 01:00:00,1762045200000,109921.99,110061.6,109870.0,109928.49,49.94188044
2025-11-02 02:00:00,1762048800000,109928.49,110222.11,109834.04,109972.26,60.33657093
2025-11-02 03:00:00,1762052400000,109972.79,110043.44,109914.87,110007.99,49.79607382
2025-11-02 04:00:00,1762056000000,110007.99,110732.65,109983.63,110631.96,176.61085227
2025-11-02 05:00:00,1762059600000,110631.96,110670.65,110243.11,110453.98,266.99339596
2025-11-02 06:00:00,1762063200000,110453.95,110686.03,110249.59,110631.3,130.59807358
2025-11-02 07:00:00,1762066800000,110629.12,110997.51,110398.21,110871.92,152.11869981
2025-11-02 08:00:00,1762070400000,110868.13,110977.38,110671.9,110802.78,158.8834902
2025-11-02 09:00:00,1762074000000,110801.99,110999.0,110491.16,110682.09,163.63231086
2025-11-02 10:00:00,1762077600000,110682.09,110835.98,110302.51,110467.93,147.51549419
2025-11-02 11:00:00,1762081200000,110467.87,111187.66,110451.72,111150.96,136.17059489
2025-11-02 12:00:00,1762084800000,111150.97,111221.99,110651.8,110713.58,175.40619811
2025-11-02 13:00:00,1762088400000,110712.01,110744.01,110148.75,110562.0,157.93495395
2025-11-02 14:00:00,1762092000000,110540.32,110661.24,110180.0,110409.91,182.64676658
2025-11-02 15:00:00,1762095600000,110407.45,110556.0,110061.01,110095.99,215.87823434
2025-11-02 16:00:00,1762099200000,110095.99,110131.93,108800.0,110106.01,420.82019707
2025-11-02 17:00:00,1762102800000,110106.01,110263.57,110010.0,110188.65,203.10290363
2025-11-02 18:00:00,1762106400000,110189.45,110338.12,110157.11,110338.02,181.66712498
2025-11-02 19:00:00,1762110000000,110336.14,110336.15,109943.29,110178.02,174.74858789
2025-11-02 20:00:00,1762113600000,110178.02,110215.5,109859.16,110085.82,76.49273113
2025-11-02 21:00:00,1762117200000,110085.82,110129.56,109953.34,109978.95,56.82979539
2025-11-02 22:00:00,1762120800000,109978.95,110007.07,109424.93,109902.0,106.18890304
2025-11-02 23:00:00,1762124400000,109906.81,110729.4,109900.13,110536.01,277.75274154
2025-11-03 00:00:00,1762128000000,110533.83,110749.0,109744.24,109744.25,222.19532775
2025-11-03 01:00:00,1762131600000,109744.25,109912.37,109351.51,109658.88,284.58035049
2025-11-03 02:00:00,1762135200000,109664.58,109770.8,108646.31,109043.93,359.82039829
2025-11-03 03:00:00,1762138800000,109034.02,109157.39,107900.0,107934.01,411.98043696
2025-11-03 04:00:00,1762142400000,107934.01,108007.59,107463.02,107890.62,341.35547394
2025-11-03 05:00:00,1762146000000,107890.61,108030.91,107385.82,107592.21,178.29494527
2025-11-03 06:00:00,1762149600000,107588.61,107704.65,107000.0,107476.0,185.07953585
2025-11-03 07:00:00,1762153200000,107475.99,107810.77,107254.41,107444.01,298.07609985
2025-11-03 08:00:00,1762156800000,107444.01,107697.68,106946.84,107563.9,203.18697842
2025-11-03 09:00:00,1762160400000,107563.89,107894.33,107055.3,107181.96,193.79921397
2025-11-03 10:00:00,1762164000000,107181.96,107602.99,106726.69,106951.68,314.80053414
2025-11-03 11:00:00,1762167600000,106951.68,107906.46,106944.01,107779.99,250.71420019
2025-11-03 12:00:00,1762171200000,107780.45,108317.24,107688.99,107744.82,348.80379123
2025-11-03 13:00:00,1762174800000,107744.82,108051.83,107549.9,107890.02,233.74394299
2025-11-03 14:00:00,1762178400000,107890.02,108314.82,107346.5,108040.04,365.17434823
2025-11-03 15:00:00,1762182000000,108040.05,108137.67,105469.57,105727.95,1058.34906439
2025-11-03 16:00:00,1762185600000,105729.28,106771.97,105271.67,106658.0,937.27499458
2025-11-03 17:00:00,1762189200000,106654.63,107728.73,106496.13,107447.29,450.8344849
2025-11-03 18:00:00,1762192800000,107447.29,107567.64,106753.5,106935.17,348.91462249
2025-11-03 19:00:00,1762196400000,106935.17,107370.82,106400.42,107053.5,412.44656536
2025-11-03 20:00:00,1762200000000,107057.88,107146.34,106258.06,106632.31,356.69880243
2025-11-03 21:00:00,1762203600000,106628.89,107064.41,106042.71,106872.3,335.61140746
2025-11-03 22:00:00,1762207200000,106872.29,106872.29,105793.99,106464.58,353.40517382
2025-11-03 23:00:00,1762210800000,106464.57,106734.74,106000.0,106557.98,212.16614472
2025-11-04 00:00:00,1762214400000,106557.98,106778.88,105820.36,106436.0,358.69361515
2025-11-04 01:00:00,1762218000000,106441.99,107268.63,106243.2,107008.98,284.99737722
2025-11-04 02:00:00,1762221600000,107004.28,107200.0,106433.29,106447.89,246.28016938
2025-11-04 03:00:00,1762225200000,106447.9,107206.14,106179.84,107120.04,192.20367818
2025-11-04 04:00:00,1762228800000,107120.04,107269.85,106675.21,106711.97,150.29104312
2025-11-04 05:00:00,1762232400000,106711.97,106711.97,104150.0,104176.89,863.38809542
2025-11-04 06:00:00,1762236000000,104175.37,105197.23,104139.52,104707.37,444.12820582
2025-11-04 07:00:00,1762239600000,104716.95,104953.55,104268.95,104444.27,314.1172637
2025-11-04 08:00:00,1762243200000,104444.27,104584.33,103712.4,104002.04,409.83769292
2025-11-04 09:00:00,1762246800000,104002.04,104083.14,103571.14,103809.6,403.33245304
2025-11-04 10:00:00,1762250400000,103798.01,104066.2,103535.15,103765.99,426.82947437
2025-11-04 11:00:00,1762254000000,103764.52,104666.77,103719.21,104549.78,350.67529003
2025-11-04 12:00:00,1762257600000,104548.01,104601.62,103777.01,103915.99,413.55777218
2025-11-04 13:00:00,1762261200000,103915.99,104215.57,103525.0,103871.23,524.31029415
2025-11-04 14:00:00,1762264800000,103871.22,104647.67,102852.6,104457.6,1361.622214
2025-11-04 15:00:00,1762268400000,104460.01,104803.32,103135.96,103150.0,748.30959283
2025-11-04 16:00:00,1762272000000,103149.99,103465.94,102100.0,102195.72,1162.65043756
2025-11-04 17:00:00,1762275600000,102186.31,102193.92,100590.42,101039.0,1973.22290404
2025-11-04 18:00:00,1762279200000,101039.0,101460.5,99908.0,101294.09,1953.34881732
2025-11-04 19:00:00,1762282800000,101299.99,101675.09,100326.96,100464.88,679.87515062
2025-11-04 20:00:00,1762286400000,100464.89,101061.51,99500.0,100680.87,1336.12919059
2025-11-04 21:00:00,1762290000000,100689.99,100778.0,98892.97,100258.61,1278.81636489
2025-11-04 22:00:00,1762293600000,100258.28,101849.11,100027.8,101279.99,720.8273293
2025-11-04 23:00:00,1762297200000,101282.0,101714.63,100877.62,101468.15,455.37767214
2025-11-05 00:00:00,1762300800000,101468.16,101739.49,100327.92,100542.65,555.04547455
2025-11-05 01:00:00,1762304400000,100542.65,100999.42,98950.0,100742.39,990.60980694
2025-11-05 02:00:00,1762308000000,100742.4,101921.12,100742.39,101665.62,733.92005762
2025-11-05 03:00:00,1762311600000,101671.51,102270.63,101454.02,102126.0,419.05848983
2025-11-05 04:00:00,1762315200000,102126.0,102230.13,101505.24,101984.0,336.84373114
2025-11-05 05:00:00,1762318800000,101983.99,102343.95,101586.74,101810.14,262.47465948
2025-11-05 06:00:00,1762322400000,101810.14,102135.92,101480.0,102109.99,207.9375392
2025-11-05 07:00:00,1762326000000,102109.99,102142.08,101593.99,101988.04,185.3502821
2025-11-05 08:00:00,1762329600000,101983.75,101990.01,101157.77,101686.79,294.69183902
2025-11-05 09:00:00,1762333200000,101686.78,102195.82,101584.59,101978.01,187.26728805
2025-11-05 10:00:00,1762336800000,101971.4,101985.96,101265.0,101379.54,203.68360635
2025-11-05 11:00:00,1762340400000,101380.96,102108.3,101362.33,102062.0,169.23815798
2025-11-05 12:00:00,1762344000000,102067.2,102764.92,101910.44,102651.85,332.1334805
2025-11-05 13:00:00,1762347600000,102651.84,103241.9,102272.68,102967.41,402.8275381
2025-11-05 14:00:00,1762351200000,102967.43,103455.99,102144.56,103190.37,640.75013086
2025-11-05 15:00:00,1762354800000,103193.59,103783.99,102797.82,103706.65,858.7061753
2025-11-05 16:00:00,1762358400000,103706.65,104029.77,103052.26,103904.0,798.01890647
2025-11-05 17:00:00,1762362000000,103904.01,104023.29,103356.38,103895.41,650.68992345
2025-11-05 18:00:00,1762365600000,103895.4,104441.85,103750.4,104358.13,465.66351065
2025-11-05 19:00:00,1762369200000,104358.13,104550.0,103953.4,103996.0,593.54376558
2025-11-05 20:00:00,1762372800000,103996.01,104537.69,103622.8,103841.98,681.71889946
2025-11-05 21:00:00,1762376400000,103820.96,103822.07,103513.2,103656.04,437.34553064
2025-11-05 22:00:00,1762380000000,103656.04,103790.46,103255.5,103693.18,224.18812775
2025-11-05 23:00:00,1762383600000,103693.18,104094.32,103643.67,103869.0,213.13883937
2025-11-06 00:00:00,1762387200000,103866.67,103884.0,103303.51,103669.27,224.07248865
2025-11-06 01:00:00,1762390800000,103669.26,103669.27,102700.0,103344.51,293.18849252
2025-11-06 02:00:00,1762394400000,103344.51,103550.0,102839.8,103294.03,240.2977961
2025-11-06 03:00:00,1762398000000,103294.03,103928.63,103294.03,103632.01,227.0914353
2025-11-06 04:00:00,1762401600000,103632.02,104191.19,103542.82,104030.03,198.12643902
2025-11-06 05:00:00,1762405200000,104030.03,104030.03,103071.81,103125.04,179.82736797
2025-11-06 06:00:00,1762408800000,103132.1,103582.19,102996.4,103292.21,141.78466708
2025-11-06 07:00:00,1762412400000,103292.21,103559.0,102898.36,103170.4,203.92927331
2025-11-06 08:00:00,1762416000000,103164.6,103428.91,102945.07,103180.11,221.55478343
2025-11-06 09:00:00,1762419600000,103180.1,103249.77,102793.3,102793.3,225.52308445
2025-11-06 10:00:00,1762423200000,102793.31,103261.46,102618.07,103096.77,229.96799579
2025-11-06 11:00:00,1762426800000,103096.77,103276.0,102702.67,103198.7,205.12373986
2025-11-06 12:00:00,1762430400000,103198.71,103295.29,102333.01,102512.83,655.38432717
2025-11-06 13:00:00,1762434000000,102512.84,103577.6,102512.84,103271.98,257.31892729
2025-11-06 14:00:00,1762437600000,103271.98,103532.0,101977.3,102077.02,752.19855996
2025-11-06 15:00:00,1762441200000,102077.1,102875.22,101562.52,101961.75,873.04380375
2025-11-06 16:00:00,1762444800000,101964.69,102339.06,100235.02,100795.18,1020.44449944
2025-11-06 17:00:00,1762448400000,100804.38,101887.78,100697.88,101739.96,682.93589991
2025-11-06 18:00:00,1762452000000,101739.96,102286.88,100855.29,101665.54,654.07073997
2025-11-06 19:00:00,1762455600000,101665.54,101971.11,101148.01,101325.58,452.16160932
2025-11-06 20:00:00,1762459200000,101325.58,101591.46,100594.31,100860.0,758.17860104
2025-11-06 21:00:00,1762462800000,100857.04,101175.37,100482.01,101059.02,333.02957984
2025-11-06 22:00:00,1762466400000,101059.01,101438.67,100952.52,101355.5,192.43686891
2025-11-06 23:00:00,1762470000000,101355.51,101484.96,101064.81,101290.5,266.8781312
2025-11-07 00:00:00,1762473600000,101290.5,101592.0,100685.51,101415.52,305.52838842
2025-11-07 01:00:00,1762477200000,101415.52,101828.21,100837.16,101486.55,327.3835668
2025-11-07 02:00:00,1762480800000,101484.32,101870.47,101185.82,101848.08,228.97821927
2025-11-07 03:00:00,1762484400000,101848.07,102339.07,101811.0,101855.57,326.66559299
2025-11-07 04:00:00,1762488000000,101855.57,102010.9,101515.0,101962.03,168.43078285
2025-11-07 05:00:00,1762491600000,101962.03,102472.27,101957.6,102397.07,206.74348555
2025-11-07 06:00:00,1762495200000,102397.06,102462.96,101738.93,101766.0,152.19560719
2025-11-07 07:00:00,1762498800000,101765.99,101970.0,101565.28,101959.83,239.41673344
2025-11-07 08:00:00,1762502400000,101959.83,102000.0,101367.13,101439.85,166.64280248
2025-11-07 09:00:00,1762506000000,101439.84,101454.21,100732.37,100953.91,274.25638587
2025-11-07 10:00:00,1762509600000,100953.91,101201.09,100510.41,100712.31,164.41752319
2025-11-07 11:00:00,1762513200000,100712.32,100736.99,99740.99,100350.26,565.04708026
2025-11-07 12:00:00,1762516800000,100350.25,100565.71,99170.0,99560.93,491.03766455
2025-11-07 13:00:00,1762520400000,99560.92,100513.99,99367.45,100277.71,493.5063874
2025-11-07 14:00:00,1762524000000,100272.91,100828.0,99428.0,100748.01,1034.25500102
2025-11-07 15:00:00,1762527600000,100739.94,101190.23,100260.0,100722.66,811.74918896
2025-11-07 16:00:00,1762531200000,100722.66,101554.26,100423.4,101092.92,655.64752266
2025-11-07 17:00:00,1762534800000,101092.91,102648.39,100856.13,102324.91,678.82181855
2025-11-07 18:00:00,1762538400000,102324.91,102813.93,102218.81,102544.49,549.56162196
2025-11-07 19:00:00,1762542000000,102544.48,103351.02,102384.48,103349.98,549.89790492
2025-11-07 20:00:00,1762545600000,103349.98,103859.6,102893.71,103749.09,732.08914004
2025-11-07 21:00:00,1762549200000,103750.0,103848.01,103289.16,103848.0,320.82817592
2025-11-07 22:00:00,1762552800000,103848.01,104041.99,103548.77,103584.81,304.46593283
2025-11-07 23:00:00,1762556400000,103584.81,103735.59,103268.0,103284.27,234.14121327
2025-11-08 00:00:00,1762560000000,103281.79,103350.0,102479.65,102638.02,320.53979337
2025-11-08 01:00:00,1762563600000,102638.02,103205.8,102583.72,102930.1,257.39080161
2025-11-08 02:00:00,1762567200000,102930.09,103298.99,102707.17,102798.15,217.45160181
2025-11-08 03:00:00,1762570800000,102798.15,103247.72,102516.1,102526.24,225.23069131
2025-11-08 04:00:00,1762574400000,102526.24,102780.0,102343.45,102500.21,179.84380934
2025-11-08 05:00:00,1762578000000,102500.22,102686.0,102218.05,102247.59,111.65422687
2025-11-08 06:00:00,1762581600000,102247.6,102476.79,102030.59,102179.0,131.79349831
2025-11-08 07:00:00,1762585200000,102179.01,102356.0,101856.3,102295.78,165.94048433
2025-11-08 08:00:00,1762588800000,102295.78,102628.6,102103.23,102381.19,170.31153526
2025-11-08 09:00:00,1762592400000,102381.19,102569.99,102172.0,102342.0,87.22447264
2025-11-08 10:00:00,1762596000000,102340.81,102530.01,102247.73,102429.3,89.30679346
2025-11-08 11:00:00,1762599600000,102429.3,102592.91,101680.0,101811.83,187.63655712
2025-11-08 12:00:00,1762603200000,101814.59,102063.59,101692.21,102018.8,127.40136187
2025-11-08 13:00:00,1762606800000,102018.81,102155.98,101670.9,101754.78,233.77466257
2025-11-08 14:00:00,1762610400000,101768.0,102048.6,101422.74,101800.34,263.04518096
2025-11-08 15:00:00,1762614000000,101800.34,101941.72,101466.0,101684.54,205.53512735
2025-11-08 16:00:00,1762617600000,101684.54,101943.37,101500.0,101824.0,206.40456536
2025-11-08 17:00:00,1762621200000,101824.01,101985.31,101551.67,101969.08,268.92294289
2025-11-08 18:00:00,1762624800000,101977.64,102196.23,101807.2,102108.9,215.30770607
2025-11-08 19:00:00,1762628400000,102108.0,102161.42,101485.2,101950.03,243.38585092
2025-11-08 20:00:00,1762632000000,101953.44,102147.63,101920.22,102040.97,117.68617003
2025-11-08 21:00:00,1762635600000,102040.97,102357.1,101990.0,102248.01,123.95543974
2025-11-08 22:00:00,1762639200000,102248.04,102398.65,102141.96,102345.41,130.68345444
2025-11-08 23:00:00,1762642800000,102345.4,102465.49,102249.2,102285.57,84.79333443
2025-11-09 00:00:00,1762646400000,102285.58,102315.15,101582.11,101760.73,197.16369587
2025-11-09 01:00:00,1762650000000,101760.73,102085.65,101653.31,102012.64,251.68619304
2025-11-09 02:00:00,1762653600000,102012.55,102012.56,101558.06,101613.88,150.75624699
2025-11-09 03:00:00,1762657200000,101616.0,101797.5,101372.58,101642.0,162.15035065
2025-11-09 04:00:00,1762660800000,101642.0,102113.45,101610.88,101698.02,168.9286159
2025-11-09 05:00:00,1762664400000,101698.04,102006.02,101656.04,101911.98,164.56778445
2025-11-09 06:00:00,1762668000000,101901.57,101948.36,101674.82,101728.63,164.65378061
2025-11-09 07:00:00,1762671600000,101728.63,101964.73,101655.19,101919.36,160.15750661
2025-11-09 08:00:00,1762675200000,101919.36,102054.99,101797.5,101961.03,154.44040123
2025-11-09 09:00:00,1762678800000,101966.42,102117.64,101605.0,101635.16,210.0306753
2025-11-09 10:00:00,1762682400000,101635.16,101905.12,101482.16,101864.02,193.85532394
2025-11-09 11:00:00,1762686000000,101864.02,102308.73,101864.02,102232.01,125.91038332
2025-11-09 12:00:00,1762689600000,102223.04,102412.38,102031.86,102069.25,210.09277766
2025-11-09 13:00:00,1762693200000,102068.94,102988.5,102052.24,102892.06,280.35949561
2025-11-09 14:00:00,1762696800000,102892.05,104033.37,102744.93,103025.06,450.98785852
2025-11-09 15:00:00,1762700400000,103025.05,104200.0,102959.58,103735.45,287.04245461
2025-11-09 16:00:00,1762704000000,103735.45,103892.48,103308.89,103826.64,248.84285265
2025-11-09 17:00:00,1762707600000,103826.39,103952.19,103285.01,103621.52,193.23228891
2025-11-09 18:00:00,1762711200000,103621.52,104566.0,103486.68,104493.89,325.37136912
2025-11-09 19:00:00,1762714800000,104493.89,104800.0,104132.06,104795.0,332.41359753
2025-11-09 20:00:00,1762718400000,104795.0,105037.39,104386.0,104610.02,260.0550405
2025-11-09 21:00:00,1762722000000,104610.02,104836.29,104280.09,104514.61,184.56253399
2025-11-09 22:00:00,1762725600000,104514.63,104800.0,104053.38,104715.95,255.12987892
2025-11-09 23:00:00,1762729200000,104717.38,105471.04,104497.85,104694.95,413.0302404
2025-11-10 00:00:00,1762732800000,104694.23,106540.0,104240.76,106272.59,747.39668665
2025-11-10 01:00:00,1762736400000,106274.36,106653.0,105693.46,105693.49,561.34637672
2025-11-10 02:00:00,1762740000000,105693.49,106040.0,105549.97,105976.97,234.28117816
2025-11-10 03:00:00,1762743600000,105976.97,106272.04,105815.88,106010.61,291.92606398
2025-11-10 04:00:00,1762747200000,106016.03,106293.06,105828.33,106144.93,225.63098939
2025-11-10 05:00:00,1762750800000,106144.93,106460.0,105980.16,106079.64,244.86010611
2025-11-10 06:00:00,1762754400000,106079.64,106297.46,105938.67,106200.79,107.11252986
2025-11-10 07:00:00,1762758000000,106200.79,106521.02,106136.86,106435.98,157.81922734
2025-11-10 08:00:00,1762761600000,106435.98,106546.03,105883.49,105947.29,253.25781254
2025-11-10 09:00:00,1762765200000,105947.28,106599.0,105825.0,106432.1,240.39747186
2025-11-10 10:00:00,1762768800000,106432.1,106453.76,105936.78,105976.34,91.48220337
2025-11-10 11:00:00,1762772400000,105976.33,106309.27,105924.72,106159.58,70.33209137
2025-11-10 12:00:00,1762776000000,106159.57,106207.79,105858.0,105922.59,614.51473538
2025-11-10 13:00:00,1762779600000,105922.59,106575.05,105900.0,106519.99,305.55859868
2025-11-10 14:00:00,1762783200000,106519.99,106519.99,104627.49,104863.7,786.1606622
2025-11-10 15:00:00,1762786800000,104852.06,105600.53,104634.83,105051.63,563.85862543
2025-11-10 16:00:00,1762790400000,105050.65,105349.94,104753.97,105196.17,409.72433312
2025-11-10 17:00:00,1762794000000,105193.69,105956.91,105138.39,105924.01,314.8808609
2025-11-10 18:00:00,1762797600000,105924.01,106048.0,105434.0,105440.76,226.4028483
2025-11-10 19:00:00,1762801200000,105440.76,106023.8,105362.3,105797.98,336.46526824
2025-11-10 20:00:00,1762804800000,105797.98,106261.91,105775.7,105985.94,313.18987801
2025-11-10 21:00:00,1762808400000,105979.45,105998.92,105222.66,105598.25,312.23333326
2025-11-10 22:00:00,1762812000000,105598.23,106105.46,105336.0,106027.56,145.6485463
2025-11-10 23:00:00,1762815600000,106027.56,106244.72,105847.17,105979.38,182.5811091
2025-11-11 00:00:00,1762819200000,105979.38,106119.29,105464.34,106109.28,175.41006175
2025-11-11 01:00:00,1762822800000,106109.28,107482.0,105989.72,106067.29,580.14673262
2025-11-11 02:00:00,1762826400000,106070.49,107104.73,105558.55,106614.19,415.97726769
2025-11-11 03:00:00,1762830000000,106614.01,107069.06,106329.61,106429.99,262.805042
2025-11-11 04:00:00,1762833600000,106429.99,106523.64,105674.67,105717.51,220.93405911
2025-11-11 05:00:00,1762837200000,105721.66,105731.0,105125.53,105222.01,208.27138699
2025-11-11 06:00:00,1762840800000,105222.02,105318.28,104851.01,105227.95,256.19742727
2025-11-11 07:00:00,1762844400000,105222.87,105305.25,104709.92,104757.65,134.88458161
2025-11-11 08:00:00,1762848000000,104763.2,105244.03,104734.84,105129.44,110.87935148
2025-11-11 09:00:00,1762851600000,105137.82,105468.04,104892.44,104957.11,123.95324532
2025-11-11 10:00:00,1762855200000,104957.1,105224.0,104883.02,105160.6,95.77197193
2025-11-11 11:00:00,1762858800000,105160.61,105493.5,105114.23,105298.47,96.80807506
2025-11-11 12:00:00,1762862400000,105300.37,105504.83,104377.31,104535.98,342.72569907
2025-11-11 13:00:00,1762866000000,104534.01,104704.87,104202.03,104388.32,351.78968074
2025-11-11 14:00:00,1762869600000,104388.33,104654.6,103800.0,104550.59,307.29511827
2025-11-11 15:00:00,1762873200000,104550.59,104550.59,103164.01,103447.76,386.2122328
2025-11-11 16:00:00,1762876800000,103447.76,103718.66,103186.78,103390.25,266.31864969
2025-11-11 17:00:00,1762880400000,103388.71,103613.81,102805.28,103305.91,709.73572341
2025-11-11 18:00:00,1762884000000,103305.9,103538.66,103031.11,103375.08,247.46935715
2025-11-11 19:00:00,1762887600000,103370.03,103433.65,102814.86,103105.7,254.86031294
2025-11-11 20:00:00,1762891200000,103105.69,103211.44,102624.11,102771.54,280.08129276
2025-11-11 21:00:00,1762894800000,102771.54,103058.58,102422.43,102591.82,385.23462994
2025-11-11 22:00:00,1762898400000,102591.83,103107.29,102457.3,102958.78,166.19122483
2025-11-11 23:00:00,1762902000000,102958.78,103191.19,102751.27,103009.35,194.84067959
2025-11-12 00:00:00,1762905600000,103017.21,103315.24,102774.91,102832.02,180.68378298
2025-11-12 01:00:00,1762909200000,102810.37,103342.74,102638.97,103212.25,224.24640555
2025-11-12 02:00:00,1762912800000,103212.24,103371.85,102889.64,103114.05,212.14482013
2025-11-12 03:00:00,1762916400000,103114.06,103410.89,103054.2,103282.62,171.74491147
2025-11-12 04:00:00,1762920000000,103282.63,103426.3,102985.57,103216.03,103.95663724
2025-11-12 05:00:00,1762923600000,103216.01,103450.18,103200.43,103373.06,92.71146523
2025-11-12 06:00:00,1762927200000,103373.06,103649.97,103331.33,103348.0,123.86350246
2025-11-12 07:00:00,1762930800000,103342.16,103534.15,103050.01,103102.51,100.51885476
2025-11-12 08:00:00,1762934400000,103102.51,104220.13,103102.51,104132.02,194.70343804
2025-11-12 09:00:00,1762938000000,104132.02,105071.22,104132.02,104507.32,273.32422663
2025-11-12 10:00:00,1762941600000,104507.32,105029.73,104497.44,104877.95,123.79422893
2025-11-12 11:00:00,1762945200000,104878.04,105203.22,104723.6,105015.6,106.8427911
2025-11-12 12:00:00,1762948800000,105015.6,105316.64,104805.15,104986.41,182.94413144
2025-11-12 13:00:00,1762952400000,104982.9,105173.56,104604.21,105037.5,165.81467558
2025-11-12 14:00:00,1762956000000,105034.34,105034.34,103606.26,103980.77,405.11159381
2025-11-12 15:00:00,1762959600000,103980.76,104300.99,101955.83,102165.3,697.77393615
2025-11-12 16:00:00,1762963200000,102160.62,102270.23,101315.45,101420.0,625.55387582
2025-11-12 17:00:00,1762966800000,101420.0,102143.66,101375.61,101729.23,405.54578952
2025-11-12 18:00:00,1762970400000,101729.23,101937.41,101389.0,101525.04,355.70353802
2025-11-12 19:00:00,1762974000000,101525.03,101548.83,100803.2,101270.01,366.93279003
2025-11-12 20:00:00,1762977600000,101270.01,101832.0,101118.77,101519.99,317.63096136
2025-11-12 21:00:00,1762981200000,101523.2,101910.73,101485.78,101898.4,254.56228459
2025-11-12 22:00:00,1762984800000,101898.41,101980.0,101418.22,101954.74,154.09962119
2025-11-12 23:00:00,1762988400000,101956.09,101992.99,101452.49,101639.01,212.87773809
2025-11-13 00:00:00,1762992000000,101636.03,102030.0,101444.44,101857.28,217.28954525
2025-11-13 01:00:00,1762995600000,101857.27,102603.12,101834.08,101988.0,325.64056304
2025-11-13 02:00:00,1762999200000,101987.99,102334.55,101950.0,102048.87,160.07569245
2025-11-13 03:00:00,1763002800000,102050.03,102544.0,100901.0,102106.16,357.80890742
2025-11-13 04:00:00,1763006400000,102106.17,102398.0,101629.21,102089.29,282.01627754
2025-11-13 05:00:00,1763010000000,102089.29,103368.45,101739.33,103116.03,292.93422813
2025-11-13 06:00:00,1763013600000,103119.28,103670.99,102865.72,103576.92,410.6983622
2025-11-13 07:00:00,1763017200000,103573.38,104050.0,103296.62,103449.93,304.0159566
2025-11-13 08:00:00,1763020800000,103449.72,103784.3,103256.76,103637.93,160.56482382
2025-11-13 09:00:00,1763024400000,103637.92,103712.01,102516.94,102803.84,214.52234447
2025-11-13 10:00:00,1763028000000,102808.48,103260.36,102752.81,102966.16,129.62205354
2025-11-13 11:00:00,1763031600000,102966.16,103127.33,102661.25,102906.53,131.45642678
2025-11-13 12:00:00,1763035200000,102906.53,103257.38,102704.58,103115.16,160.95066529
2025-11-13 13:00:00,1763038800000,103115.16,103135.87,102108.25,102299.77,266.54303493
2025-11-13 14:00:00,1763042400000,102299.76,103466.69,101705.76,102850.98,602.67406463
2025-11-13 15:00:00,1763046000000,102850.97,102924.96,101150.65,101352.0,542.17032665
2025-11-13 16:00:00,1763049600000,101351.99,101512.0,100499.0,100589.59,682.48120143
2025-11-13 17:00:00,1763053200000,100590.82,100773.11,99555.0,99594.96,1124.77060956
2025-11-13 18:00:00,1763056800000,99598.7,99850.0,98050.0,98529.2,1734.20304581
2025-11-13 19:00:00,1763060400000,98529.2,99193.99,98272.88,98629.96,1057.07176656
2025-11-13 20:00:00,1763064000000,98632.84,98933.99,97870.0,98090.0,1583.13254737
2025-11-13 21:00:00,1763067600000,98085.9,98842.76,97907.72,98738.14,678.64300743
2025-11-13 22:00:00,1763071200000,98741.98,99887.45,98572.9,99795.65,682.69522316
2025-11-13 23:00:00,1763074800000,99795.65,100447.0,99504.0,99614.54,608.68676053
2025-11-14 00:00:00,1763078400000,99610.49,99736.32,98662.73,98929.36,686.97110574
2025-11-14 01:00:00,1763082000000,98929.7,99520.0,98658.02,99212.68,631.70612799
2025-11-14 02:00:00,1763085600000,99212.19,99836.1,99193.69,99574.94,348.84300774
2025-11-14 03:00:00,1763089200000,99574.94,99615.3,98760.49,99095.36,298.38222721
2025-11-14 04:00:00,1763092800000,99095.39,99133.94,96682.0,97780.08,989.12005369
2025-11-14 05:00:00,1763096400000,97782.45,97999.15,96988.75,97479.32,624.61176241
2025-11-14 06:00:00,1763100000000,97479.32,97550.0,95900.94,97516.0,787.22165253
2025-11-14 07:00:00,1763103600000,97504.64,97695.54,96726.6,97093.95,444.31860313
2025-11-14 08:00:00,1763107200000,97093.94,97385.32,96720.01,97313.86,412.22328824
2025-11-14 09:00:00,1763110800000,97319.09,97487.85,96612.49,96799.58,296.65252558
2025-11-14 10:00:00,1763114400000,96799.57,97245.11,96601.0,96700.5,238.46251426
2025-11-14 11:00:00,1763118000000,96697.75,96901.08,95666.0,96124.0,554.78946264
2025-11-14 12:00:00,1763121600000,96124.0,96124.48,94480.0,95282.4,1439.99720736
2025-11-14 13:00:00,1763125200000,95282.4,95630.13,94455.98,95147.49,1384.90710816
2025-11-14 14:00:00,1763128800000,95147.49,96728.0,94853.36,96464.01,2051.8482786
2025-11-14 15:00:00,1763132400000,96462.41,97234.53,95778.3,96730.95,1016.55272758
2025-11-14 16:00:00,1763136000000,96730.95,97345.33,96193.72,96954.45,997.85745089
2025-11-14 17:00:00,1763139600000,96954.45,97078.14,95489.94,95784.51,968.31396159
2025-11-14 18:00:00,1763143200000,95780.0,96273.62,94890.0,95011.98,854.9157877
2025-11-14 19:00:00,1763146800000,95000.01,95847.89,94700.39,95707.73,953.11794244
2025-11-14 20:00:00,1763150400000,95707.76,95865.3,94000.0,94287.01,1767.52472524
2025-11-14 21:00:00,1763154000000,94294.95,95066.27,94120.0,94961.99,955.66832575
2025-11-14 22:00:00,1763157600000,94961.99,95399.99,94603.81,95096.01,352.5974226
2025-11-14 23:00:00,1763161200000,95096.0,95096.0,93951.32,94503.96,588.79716846
2025-11-15 00:00:00,1763164800000,94501.08,95334.0,94222.2,95070.0,569.599349
2025-11-15 01:00:00,1763168400000,95069.58,95705.99,94660.36,95600.0,290.928641
2025-11-15 02:00:00,1763172000000,95574.46,96433.19,95310.47,96386.03,314.3288278
2025-11-15 03:00:00,1763175600000,96385.61,96747.02,96059.06,96347.93,293.47682636
2025-11-15 04:00:00,1763179200000,96349.53,96456.26,95860.96,96048.01,194.21166189
2025-11-15 05:00:00,1763182800000,96048.0,96376.58,95911.12,96287.24,169.85613566
2025-11-15 06:00:00,1763186400000,96287.25,96525.36,95904.0,96051.99,151.43035401
2025-11-15 07:00:00,1763190000000,96051.99,96312.95,95895.76,96267.55,134.14061643
2025-11-15 08:00:00,1763193600000,96267.54,96290.88,95530.0,95831.25,213.541381
2025-11-15 09:00:00,1763197200000,95830.51,96069.74,95595.61,95743.5,86.35860063
2025-11-15 10:00:00,1763200800000,95734.82,95998.53,95612.5,95879.23,126.45241325
2025-11-15 11:00:00,1763204400000,95879.23,95912.83,95500.0,95626.39,189.39183181
2025-11-15 12:00:00,1763208000000,95627.99,95811.41,95503.74,95751.33,152.71698652
2025-11-15 13:00:00,1763211600000,95751.33,96313.35,95653.05,96313.35,240.86140895
2025-11-15 14:00:00,1763215200000,96316.99,96434.25,95946.53,96190.56,361.72256421
2025-11-15 15:00:00,1763218800000,96190.56,96370.0,96048.82,96200.0,156.22239207
2025-11-15 16:00:00,1763222400000,96200.0,96281.99,95659.53,96091.1,230.68829276
2025-11-15 17:00:00,1763226000000,96090.02,96325.99,95773.95,96166.76,238.1854134
2025-11-15 18:00:00,1763229600000,96185.2,96282.0,95891.41,95990.85,160.60284352
2025-11-15 19:00:00,1763233200000,95990.01,96090.96,95856.6,95946.03,99.86458082
2025-11-15 20:00:00,1763236800000,95946.04,95960.56,95058.73,95211.35,275.01605682
2025-11-15 21:00:00,1763240400000,95211.36,95615.71,95058.73,95225.09,237.76755253
2025-11-15 22:00:00,1763244000000,95225.2,95598.02,95164.96,95556.69,151.05690929
2025-11-15 23:00:00,1763247600000,95560.36,95623.06,95413.86,95544.94,118.59867581
2025-11-16 00:00:00,1763251200000,95544.94,95650.0,95144.38,95303.36,134.95310693
2025-11-16 01:00:00,1763254800000,95304.0,95452.51,94770.0,95207.08,316.40848858
2025-11-16 02:00:00,1763258400000,95207.08,95909.56,95038.0,95904.87,244.20299154
2025-11-16 03:00:00,1763262000000,95905.4,95916.0,95529.75,95749.72,114.50315037
2025-11-16 04:00:00,1763265600000,95749.73,95858.8,95554.94,95755.46,120.35904746
2025-11-16 05:00:00,1763269200000,95755.46,96124.11,95743.83,95812.03,126.97734452
2025-11-16 06:00:00,1763272800000,95812.03,95974.05,95686.05,95733.55,62.12326693
2025-11-16 07:00:00,1763276400000,95733.25,96030.0,95665.21,96018.1,129.95450999
2025-11-16 08:00:00,1763280000000,96018.09,96141.99,95780.08,96039.99,76.31281233
2025-11-16 09:00:00,1763283600000,96040.0,96559.61,95856.02,96558.0,126.13389319
2025-11-16 10:00:00,1763287200000,96551.15,96551.15,96296.57,96366.63,98.9954554
2025-11-16 11:00:00,1763290800000,96366.63,96378.6,95439.81,95569.49,187.51670283
2025-11-16 12:00:00,1763294400000,95569.5,95839.19,95380.01,95681.14,186.01807809
2025-11-16 13:00:00,1763298000000,95671.71,95786.98,95050.0,95368.93,169.32193881
2025-11-16 14:00:00,1763301600000,95362.13,95610.0,95247.61,95468.77,135.15501448
2025-11-16 15:00:00,1763305200000,95468.77,95499.97,94301.49,94513.71,281.12172848
2025-11-16 16:00:00,1763308800000,94516.79,94885.08,93994.42,94151.99,642.05621567
2025-11-16 17:00:00,1763312400000,94151.41,94461.99,93687.01,94299.99,1076.82546308
2025-11-16 18:00:00,1763316000000,94298.01,95504.58,93733.81,93988.01,681.49005935
2025-11-16 19:00:00,1763319600000,93988.0,94540.0,93890.41,93976.0,302.41218473
2025-11-16 20:00:00,1763323200000,93975.98,94682.07,93906.0,94036.42,220.60044092
2025-11-16 21:00:00,1763326800000,94035.96,94147.04,93318.49,93435.99,559.99716649
2025-11-16 22:00:00,1763330400000,93435.99,94432.0,92943.83,94108.67,749.05926842
2025-11-16 23:00:00,1763334000000,94108.67,94470.83,92955.02,94183.97,418.63917348
2025-11-17 00:00:00,1763337600000,94182.03,95322.0,93663.32,95243.47,569.46276662
2025-11-17 01:00:00,1763341200000,95243.47,95455.1,94660.35,94704.75,463.17714667
2025-11-17 02:00:00,1763344800000,94704.75,95346.25,94642.96,94904.62,328.30634033
2025-11-17 03:00:00,1763348400000,94904.61,95486.0,94895.26,95434.02,264.32355599
2025-11-17 04:00:00,1763352000000,95434.02,95516.36,94808.03,95040.9,243.2232051
2025-11-17 05:00:00,1763355600000,95040.89,95201.6,94837.78,95057.99,173.75442326
2025-11-17 06:00:00,1763359200000,95058.0,95263.55,94822.46,95204.01,139.44145937
2025-11-17 07:00:00,1763362800000,95204.12,95800.04,95119.73,95569.51,205.01377694
2025-11-17 08:00:00,1763366400000,95569.51,95945.47,95453.34,95550.0,264.31897331
2025-11-17 09:00:00,1763370000000,95550.0,95790.59,95234.79,95576.48,180.23574175
2025-11-17 10:00:00,1763373600000,95576.56,95812.5,95455.0,95577.22,222.5483574
2025-11-17 11:00:00,1763377200000,95577.24,95856.29,95276.6,95490.45,339.51553573
2025-11-17 12:00:00,1763380800000,95490.44,95500.09,95187.7,95244.29,243.05338484
2025-11-17 13:00:00,1763384400000,95244.28,95306.47,93472.09,93869.34,604.77015361
2025-11-17 14:00:00,1763388000000,93866.01,95950.0,93675.06,94679.36,932.29259504
2025-11-17 15:00:00,1763391600000,94680.0,94930.44,93699.84,93866.91,873.49372436
2025-11-17 16:00:00,1763395200000,93872.01,94330.78,92948.47,94217.5,891.39209229
2025-11-17 17:00:00,1763398800000,94217.5,94317.79,92567.89,92672.19,745.06047981
2025-11-17 18:00:00,1763402400000,92672.2,93126.31,92296.01,92435.53,1039.11426167
2025-11-17 19:00:00,1763406000000,92435.53,92558.16,91397.09,91554.77,1483.7975955
2025-11-17 20:00:00,1763409600000,91554.8,92114.0,91158.35,91787.28,1528.08842333
2025-11-17 21:00:00,1763413200000,91804.6,92143.04,91377.81,91836.46,657.25222791
2025-11-17 22:00:00,1763416800000,91836.47,92294.98,91686.14,92139.99,485.46120347
2025-11-17 23:00:00,1763420400000,92140.0,92173.48,91674.0,92100.6,442.8589137
2025-11-18 00:00:00,1763424000000,92100.6,92247.94,91087.79,92055.99,640.88686238
2025-11-18 01:00:00,1763427600000,92061.96,92100.0,91502.37,91594.56,451.35078001
2025-11-18 02:00:00,1763431200000,91592.67,91637.99,90545.01,90750.04,974.52125672
2025-11-18 03:00:00,1763434800000,90750.04,90817.99,89575.01,90735.92,1641.48590622
2025-11-18 04:00:00,1763438400000,90732.0,90756.0,89183.48,89972.0,959.67705328
2025-11-18 05:00:00,1763442000000,89978.34,90376.9,89598.06,90106.89,593.73916359
2025-11-18 06:00:00,1763445600000,90109.74,90118.5,89247.87,89537.8,524.56910152
2025-11-18 07:00:00,1763449200000,89537.8,90439.93,89241.05,90391.98,523.90150495
2025-11-18 08:00:00,1763452800000,90391.98,91342.5,90391.97,91121.6,630.26408152
2025-11-18 09:00:00,1763456400000,91119.41,91395.51,90784.97,91296.55,346.5645742
2025-11-18 10:00:00,1763460000000,91291.96,91507.61,91141.56,91472.86,233.65018253
2025-11-18 11:00:00,1763463600000,91472.86,91509.73,91133.39,91413.99,233.2761347
2025-11-18 12:00:00,1763467200000,91415.59,91774.83,90994.13,91416.01,446.57554179
2025-11-18 13:00:00,1763470800000,91411.51,91561.29,90805.01,91385.14,400.91741799
2025-11-18 14:00:00,1763474400000,91375.27,92359.93,91108.0,91255.01,982.28163275
2025-11-18 15:00:00,1763478000000,91251.99,92950.0,90914.56,92827.96,1541.41100925
2025-11-18 16:00:00,1763481600000,92827.95,93775.0,92499.45,93444.01,1234.89714977
2025-11-18 17:00:00,1763485200000,93442.01,93600.0,92765.29,93202.93,839.82948006
2025-11-18 18:00:00,1763488800000,93202.93,93700.0,93095.18,93274.83,570.14421302
2025-11-18 19:00:00,1763492400000,93274.84,93561.99,92912.35,93123.99,724.99333027
2025-11-18 20:00:00,1763496000000,93123.99,93254.11,92606.0,92748.97,699.41132746
2025-11-18 21:00:00,1763499600000,92744.01,92995.44,92396.01,92442.18,373.36302456
2025-11-18 22:00:00,1763503200000,92442.18,93372.25,92438.1,93112.95,345.19792368
2025-11-18 23:00:00,1763506800000,93112.95,93126.61,92671.13,92914.46,269.55857638
2025-11-19 00:00:00,1763510400000,92914.45,92948.0,91914.79,92354.58,507.08272798
2025-11-19 01:00:00,1763514000000,92354.58,92590.95,91852.83,92379.41,531.77724024
2025-11-19 02:00:00,1763517600000,92379.41,92810.27,92210.04,92497.54,373.11272488
2025-11-19 03:00:00,1763521200000,92497.54,92568.96,91588.79,91805.53,478.40891085
2025-11-19 04:00:00,1763524800000,91802.62,91916.7,91083.17,91083.17,522.94152497
2025-11-19 05:00:00,1763528400000,91085.1,91192.0,89955.55,90384.87,687.8341902
2025-11-19 06:00:00,1763532000000,90388.99,91039.24,90209.04,90914.01,479.06814096
2025-11-19 07:00:00,1763535600000,90914.01,91955.47,90879.81,91807.64,438.99070357
2025-11-19 08:00:00,1763539200000,91804.14,91900.23,91251.76,91416.0,337.94271025
2025-11-19 09:00:00,1763542800000,91415.35,91470.46,91016.94,91470.46,369.59728286
2025-11-19 10:00:00,1763546400000,91465.41,91645.33,91160.83,91234.0,215.81114145
2025-11-19 11:00:00,1763550000000,91234.0,91708.87,91233.99,91342.79,189.58417793
2025-11-19 12:00:00,1763553600000,91339.36,91804.0,91134.66,91712.0,310.71430368
2025-11-19 13:00:00,1763557200000,91712.55,91838.32,91175.09,91337.31,483.43458767
2025-11-19 14:00:00,1763560800000,91339.46,91814.63,90982.03,91666.02,949.02586781
2025-11-19 15:00:00,1763564400000,91666.02,92358.27,89793.0,89876.91,1393.61042195
2025-11-19 16:00:00,1763568000000,89870.62,90165.02,89377.68,89833.03,1189.54245909
2025-11-19 17:00:00,1763571600000,89828.09,90067.0,88800.0,89422.1,1309.24038473
2025-11-19 18:00:00,1763575200000,89422.1,89636.58,88650.28,89140.0,1054.73272505
2025-11-19 19:00:00,1763578800000,89136.43,89275.86,88520.0,88783.08,786.7921129
2025-11-19 20:00:00,1763582400000,88783.07,89587.25,88483.12,89413.61,801.75684061
2025-11-19 21:00:00,1763586000000,89417.65,90750.17,89341.91,90503.89,1077.18977392
2025-11-19 22:00:00,1763589600000,90503.88,90550.05,90000.0,90384.83,444.50081797
2025-11-19 23:00:00,1763593200000,90384.83,91516.29,90362.79,91461.6,709.54143176
2025-11-20 00:00:00,1763596800000,91465.04,92222.52,91098.01,91802.0,464.3832401
2025-11-20 01:00:00,1763600400000,91802.01,92624.99,91734.89,92522.66,525.33854165
2025-11-20 02:00:00,1763604000000,92513.53,92728.85,92225.35,92503.17,442.38645932
2025-11-20 03:00:00,1763607600000,92503.18,92642.46,92272.2,92358.0,363.7180748
2025-11-20 04:00:00,1763611200000,92355.98,92893.6,92048.0,92878.94,448.24740305
2025-11-20 05:00:00,1763614800000,92878.94,93080.91,92480.33,92535.28,329.73666541
2025-11-20 06:00:00,1763618400000,92535.28,92775.36,91601.9,91892.05,273.34120207
2025-11-20 07:00:00,1763622000000,91892.05,92346.98,91714.74,92224.46,284.43728786
2025-11-20 08:00:00,1763625600000,92224.46,92315.53,91949.98,92040.0,172.8042722
2025-11-20 09:00:00,1763629200000,92040.0,92053.43,91356.88,91810.0,294.19091072
2025-11-20 10:00:00,1763632800000,91810.0,91964.0,91506.0,91710.01,197.13048854
2025-11-20 11:00:00,1763636400000,91710.01,91939.9,91381.96,91834.69,231.49367966
2025-11-20 12:00:00,1763640000000,91834.69,91907.1,91574.46,91747.62,198.66928009
2025-11-20 13:00:00,1763643600000,91738.38,92462.85,91392.0,91436.94,547.82236439
2025-11-20 14:00:00,1763647200000,91436.94,91583.0,90372.0,91002.45,1082.78822089
2025-11-20 15:00:00,1763650800000,91006.44,91078.0,89701.0,89746.57,1102.1428777
2025-11-20 16:00:00,1763654400000,89746.73,89804.0,87386.79,87776.0,2584.17347733
2025-11-20 17:00:00,1763658000000,87772.5,88060.77,86300.0,87136.57,2543.7851243
2025-11-20 18:00:00,1763661600000,87136.56,87674.43,86218.0,86376.7,1280.57599101
2025-11-20 19:00:00,1763665200000,86376.69,87044.0,85980.7,86796.05,1351.70269536
2025-11-20 20:00:00,1763668800000,86796.03,86997.42,86195.95,86333.83,1211.98003851
2025-11-20 21:00:00,1763672400000,86335.37,87570.64,86294.05,87184.0,1627.3773381
2025-11-20 22:00:00,1763676000000,87179.41,88152.18,87100.0,87969.55,660.66172834
2025-11-20 23:00:00,1763679600000,87969.47,88064.76,86457.17,86536.88,638.91398734
2025-11-21 00:00:00,1763683200000,86531.87,87395.93,86484.45,87177.4,694.10115861
2025-11-21 01:00:00,1763686800000,87177.4,87360.0,86720.9,86941.51,516.88856375
2025-11-21 02:00:00,1763690400000,86942.08,86967.59,85266.03,85346.8,1138.04830067
2025-11-21 03:00:00,1763694000000,85337.29,86029.97,85320.44,85718.02,877.24856666
2025-11-21 04:00:00,1763697600000,85718.02,86016.35,85292.3,85944.83,603.0197806
2025-11-21 05:00:00,1763701200000,85944.82,86250.0,85718.09,86084.86,457.17620536
2025-11-21 06:00:00,1763704800000,86084.85,86151.0,85424.53,85465.98,574.55300504
2025-11-21 07:00:00,1763708400000,85465.99,85652.05,81385.97,83914.25,2504.49253141
2025-11-21 08:00:00,1763712000000,83914.25,84589.3,83478.03,83532.0,1027.69496223
2025-11-21 09:00:00,1763715600000,83528.49,83877.31,82003.32,82104.02,1306.0039277
2025-11-21 10:00:00,1763719200000,82093.93,82808.35,81548.32,82592.04,1725.45373778
2025-11-21 11:00:00,1763722800000,82592.04,83245.74,82089.0,82204.53,866.18625697
2025-11-21 12:00:00,1763726400000,82204.0,83500.0,80524.65,83176.01,2576.5793216
2025-11-21 13:00:00,1763730000000,83179.83,84340.0,83004.88,84005.71,1522.75981066
2025-11-21 14:00:00,1763733600000,84016.01,85449.99,83451.54,84756.3,1965.11888667
2025-11-21 15:00:00,1763737200000,84759.61,85015.99,82650.85,82846.0,2594.78842256
2025-11-21 16:00:00,1763740800000,82842.0,84836.09,82233.99,84825.24,2386.44797853
2025-11-21 17:00:00,1763744400000,84826.0,85490.57,84491.14,84806.13,1643.82972825
2025-11-21 18:00:00,1763748000000,84806.13,85005.0,83224.0,84506.03,1780.112324
2025-11-21 19:00:00,1763751600000,84506.03,84962.65,84006.95,84135.7,1099.41363832
2025-11-21 20:00:00,1763755200000,84135.69,84600.0,83373.93,84487.2,1318.88115716
2025-11-21 21:00:00,1763758800000,84492.0,85357.75,84290.02,85121.99,852.44651615
2025-11-21 22:00:00,1763762400000,85121.99,85344.98,84196.01,84210.0,672.70069908
2025-11-21 23:00:00,1763766000000,84210.0,85286.99,84045.96,85068.88,507.61498454
2025-11-22 00:00:00,1763769600000,85068.85,85547.11,84500.0,84672.0,673.04964705
2025-11-22 01:00:00,1763773200000,84671.99,85142.0,84524.01,85104.0,479.79369432
2025-11-22 02:00:00,1763776800000,85105.11,85141.34,84218.41,84463.99,573.58283029
2025-11-22 03:00:00,1763780400000,84463.99,84538.85,84141.12,84379.26,380.62053308
2025-11-22 04:00:00,1763784000000,84380.07,84484.5,83744.48,84177.67,341.43721389
2025-11-22 05:00:00,1763787600000,84177.67,84252.88,83802.27,84215.96,257.1272568
2025-11-22 06:00:00,1763791200000,84215.96,84732.02,84013.39,84574.43,229.7378231
2025-11-22 07:00:00,1763794800000,84574.43,84602.27,84337.81,84522.2,173.73725944
2025-11-22 08:00:00,1763798400000,84522.2,84524.01,83861.3,83959.02,224.95405945
2025-11-22 09:00:00,1763802000000,83960.54,84285.17,83790.3,83870.01,302.69964457
2025-11-22 10:00:00,1763805600000,83871.2,84159.46,83441.91,83636.57,338.10249689
2025-11-22 11:00:00,1763809200000,83640.23,84280.65,83531.93,84033.62,258.58721202
2025-11-22 12:00:00,1763812800000,84033.6,84100.0,83569.45,83829.85,296.85731011
2025-11-22 13:00:00,1763816400000,83829.48,84080.0,83596.63,83890.01,211.77705248
2025-11-22 14:00:00,1763820000000,83890.01,84699.95,83882.02,84436.03,287.71754212
2025-11-22 15:00:00,1763823600000,84436.03,84511.68,83956.94,84228.15,299.09572065
2025-11-22 16:00:00,1763827200000,84228.15,84850.0,84159.61,84644.43,268.13011584
2025-11-22 17:00:00,1763830800000,84646.66,84676.36,84359.98,84493.56,273.08622468
2025-11-22 18:00:00,1763834400000,84492.17,84631.56,84422.0,84607.79,190.52131372
2025-11-22 19:00:00,1763838000000,84607.78,84772.41,84450.26,84552.4,230.42007172
2025-11-22 20:00:00,1763841600000,84552.41,84764.14,84181.96,84416.62,269.88444917
2025-11-22 21:00:00,1763845200000,84416.62,84461.99,84185.76,84358.15,236.44223049
2025-11-22 22:00:00,1763848800000,84358.15,85208.0,84217.87,85012.54,290.17221718
2025-11-22 23:00:00,1763852400000,85012.53,85134.57,84608.67,84684.0,242.98793201
2025-11-23 00:00:00,1763856000000,84683.99,85247.38,84614.11,84915.25,434.62878037
2025-11-23 01:00:00,1763859600000,84915.25,86095.78,84894.48,85827.88,820.50891612
2025-11-23 02:00:00,1763863200000,85827.88,86295.98,85627.97,85944.14,579.29779773
2025-11-23 03:00:00,1763866800000,85940.27,86264.7,85748.3,86264.01,292.25147443
2025-11-23 04:00:00,1763870400000,86262.72,86814.82,86098.04,86496.04,601.13746099
2025-11-23 05:00:00,1763874000000,86499.03,86570.08,85947.31,86305.23,305.83538067
2025-11-23 06:00:00,1763877600000,86305.23,86473.29,85812.88,85812.88,240.94205479
2025-11-23 07:00:00,1763881200000,85812.9,85870.49,85353.12,85724.07,237.55788001
2025-11-23 08:00:00,1763884800000,85721.45,86142.34,85717.08,86088.05,232.07013485
2025-11-23 09:00:00,1763888400000,86090.01,86425.08,86030.75,86369.99,165.0295162
2025-11-23 10:00:00,1763892000000,86360.02,86418.08,85996.98,86012.0,202.79806421
2025-11-23 11:00:00,1763895600000,86012.05,86382.8,85779.5,86293.12,164.3552386
2025-11-23 12:00:00,1763899200000,86292.69,86849.36,86229.93,86483.2,354.21327015
2025-11-23 13:00:00,1763902800000,86488.29,86894.31,86265.0,86892.33,292.0717845
2025-11-23 14:00:00,1763906400000,86892.32,87163.9,86440.89,86506.01,497.11823981
2025-11-23 15:00:00,1763910000000,86506.24,87200.0,86401.66,87046.01,299.26750966
2025-11-23 16:00:00,1763913600000,87046.02,87455.0,86627.98,86643.21,699.48164426
2025-11-23 17:00:00,1763917200000,86654.04,86923.69,86460.34,86711.17,428.10310247
2025-11-23 18:00:00,1763920800000,86710.53,87220.02,86680.01,86959.99,405.59858515
2025-11-23 19:00:00,1763924400000,86954.56,87649.05,86890.87,87290.42,523.59013049
2025-11-23 20:00:00,1763928000000,87290.41,87682.37,87203.99,87452.01,480.00681849
2025-11-23 21:00:00,1763931600000,87452.01,87984.53,87118.97,87970.01,438.39111835
2025-11-23 22:00:00,1763935200000,87970.01,88100.0,87524.02,87980.49,412.12168339
2025-11-23 23:00:00,1763938800000,87980.49,88072.51,86692.0,86808.28,679.68706688
2025-11-24 00:00:00,1763942400000,86808.28,87178.81,85906.83,86702.54,695.1509544
2025-11-24 01:00:00,1763946000000,86702.54,87047.06,86357.47,87031.24,464.86829645
2025-11-24 02:00:00,1763949600000,87031.23,88019.06,86986.0,87486.03,634.96348237
2025-11-24 03:00:00,1763953200000,87486.03,87762.14,87151.28,87408.0,325.65804024
2025-11-24 04:00:00,1763956800000,87408.0,87563.67,86401.0,86690.1,378.61054981
2025-11-24 05:00:00,1763960400000,86690.09,87797.64,86635.59,87421.06,399.19761013
2025-11-24 06:00:00,1763964000000,87421.06,87473.79,86776.57,86867.55,390.32465918
2025-11-24 07:00:00,1763967600000,86864.89,87351.27,86641.36,87009.32,315.2429201
2025-11-24 08:00:00,1763971200000,87009.32,87009.32,86670.0,86911.99,249.02477622
2025-11-24 09:00:00,1763974800000,86911.98,86911.98,85756.01,85895.05,573.21782732
2025-11-24 10:00:00,1763978400000,85895.05,86143.0,85633.38,85996.0,625.62142957
2025-11-24 11:00:00,1763982000000,85995.99,86378.05,85778.31,86210.03,521.66892813
2025-11-24 12:00:00,1763985600000,86210.02,86264.0,85828.89,85949.38,405.70113941
2025-11-24 13:00:00,1763989200000,85949.37,86522.46,85900.14,86096.0,427.27670623
2025-11-24 14:00:00,1763992800000,86095.99,86600.62,85213.17,86089.44,872.70711871
2025-11-24 15:00:00,1763996400000,86110.51,86699.6,85851.01,86564.16,924.18551945
2025-11-24 16:00:00,1764000000000,86564.16,87656.3,86563.73,87129.84,967.45152315
2025-11-24 17:00:00,1764003600000,87129.85,88444.0,86905.0,88340.75,1025.39317229
2025-11-24 18:00:00,1764007200000,88340.76,88700.0,88159.0,88689.9,1074.2159353
2025-11-24 19:00:00,1764010800000,88689.9,88836.0,88099.33,88308.42,746.20555377
2025-11-24 20:00:00,1764014400000,88308.42,89225.6,88308.42,89072.01,1321.75676168
2025-11-24 21:00:00,1764018000000,89071.42,89143.09,88694.01,88744.72,741.1872995
2025-11-24 22:00:00,1764021600000,88744.73,89077.99,88560.01,88605.46,441.26061044
2025-11-24 23:00:00,1764025200000,88605.47,88675.75,88211.01,88266.2,347.72388528
2025-11-25 00:00:00,1764028800000,88264.0,88264.0,87835.39,88080.14,517.63685947
2025-11-25 01:00:00,1764032400000,88080.14,88188.64,87687.24,87708.69,355.99885151
2025-11-25 02:00:00,1764036000000,87710.34,87944.89,87420.73,87886.61,319.74009691
2025-11-25 03:00:00,1764039600000,87886.6,88009.99,87513.74,87786.04,186.45930417
2025-11-25 04:00:00,1764043200000,87786.04,88486.82,87759.01,88311.44,240.77562005
2025-11-25 05:00:00,1764046800000,88311.45,88319.44,87903.12,88093.22,205.71001759
2025-11-25 06:00:00,1764050400000,88093.22,88133.37,87778.08,87981.14,210.03985212
2025-11-25 07:00:00,1764054000000,87981.14,88038.76,87314.56,87375.34,251.32150644
2025-11-25 08:00:00,1764057600000,87375.34,87590.5,86962.18,86984.76,288.70045758
2025-11-25 09:00:00,1764061200000,86984.76,87221.76,86654.96,87209.26,419.9719922
2025-11-25 10:00:00,1764064800000,87208.06,87400.0,86917.18,87382.27,236.89494809
2025-11-25 11:00:00,1764068400000,87382.25,87513.31,87262.99,87334.41,233.32727544
2025-11-25 12:00:00,1764072000000,87334.41,87748.08,87334.22,87478.15,238.3900868
2025-11-25 13:00:00,1764075600000,87478.17,87701.0,86833.2,87035.14,560.91332806
2025-11-25 14:00:00,1764079200000,87038.1,87270.89,86067.02,86691.45,949.24139006
2025-11-25 15:00:00,1764082800000,86691.44,87261.19,86155.4,86946.0,705.47885135
2025-11-25 16:00:00,1764086400000,86945.99,87266.05,86646.41,87068.02,608.6774967
2025-11-25 17:00:00,1764090000000,87068.01,88108.0,86987.86,87568.62,544.10060339
2025-11-25 18:00:00,1764093600000,87577.98,87790.51,87179.3,87183.75,417.02416977
2025-11-25 19:00:00,1764097200000,87183.75,87290.3,86129.0,86834.43,737.76673508
2025-11-25 20:00:00,1764100800000,86834.43,87434.0,86660.73,87343.65,1083.49540773
2025-11-25 21:00:00,1764104400000,87343.45,87417.3,86942.01,86995.04,378.36101701
2025-11-25 22:00:00,1764108000000,86995.03,87684.0,86546.56,87596.32,417.01723027
2025-11-25 23:00:00,1764111600000,87596.31,87855.98,87283.63,87325.01,376.01771805
2025-11-26 00:00:00,1764115200000,87325.0,87730.64,87304.93,87538.6,356.08728078
2025-11-26 01:00:00,1764118800000,87538.6,88188.0,87300.0,87884.03,429.26312531
2025-11-26 02:00:00,1764122400000,87884.03,88056.62,87618.0,87678.0,247.59282665
2025-11-26 03:00:00,1764126000000,87678.01,87868.55,87028.41,87084.48,335.06241932
2025-11-26 04:00:00,1764129600000,87084.47,87337.82,86851.92,87192.15,367.62455855
2025-11-26 05:00:00,1764133200000,87192.14,87712.65,87183.6,87484.3,340.77599702
2025-11-26 06:00:00,1764136800000,87484.3,87854.87,87410.64,87760.76,223.28239418
2025-11-26 07:00:00,1764140400000,87760.75,87938.83,87658.91,87903.99,163.29981522
2025-11-26 08:00:00,1764144000000,87904.0,87915.94,87370.05,87380.9,269.55963029
2025-11-26 09:00:00,1764147600000,87377.89,87409.55,86694.46,86791.05,380.13627352
2025-11-26 10:00:00,1764151200000,86791.05,87027.12,86631.01,86913.48,265.44075213
2025-11-26 11:00:00,1764154800000,86913.03,87090.66,86794.53,87077.36,141.3232099
2025-11-26 12:00:00,1764158400000,87077.35,87150.75,86266.95,86626.01,250.64402172
2025-11-26 13:00:00,1764162000000,86626.0,87105.36,86529.61,87097.98,308.30787813
2025-11-26 14:00:00,1764165600000,87097.99,87670.85,86778.31,86864.3,659.8882008
2025-11-26 15:00:00,1764169200000,86868.59,87331.99,86634.84,86945.14,509.29441456
2025-11-26 16:00:00,1764172800000,86945.14,87910.68,86928.82,87794.03,691.93280487
2025-11-26 17:00:00,1764176400000,87794.03,89954.99,87683.15,89816.01,1066.04236802
2025-11-26 18:00:00,1764180000000,89815.99,90399.74,89655.01,90128.02,1305.46451287
2025-11-26 19:00:00,1764183600000,90128.02,90185.0,89732.18,89948.0,607.59881209
2025-11-26 20:00:00,1764187200000,89948.01,90100.0,89476.35,89856.06,1042.02429852
2025-11-26 21:00:00,1764190800000,89856.06,90466.2,89798.0,90186.06,650.93046288
2025-11-26 22:00:00,1764194400000,90186.06,90628.53,90110.81,90370.0,377.37298258
2025-11-26 23:00:00,1764198000000,90368.8,90588.1,90296.05,90468.84,362.92167999
2025-11-27 00:00:00,1764201600000,90468.83,90575.2,90067.81,90469.78,657.8993117
2025-11-27 01:00:00,1764205200000,90469.78,91226.83,90381.7,91138.04,512.52113138
2025-11-27 02:00:00,1764208800000,91134.21,91880.0,90876.31,91376.9,1068.00483896
2025-11-27 03:00:00,1764212400000,91376.89,91593.56,91030.23,91072.91,454.1501209
2025-11-27 04:00:00,1764216000000,91072.91,91347.88,91043.9,91261.62,341.29362045
2025-11-27 05:00:00,1764219600000,91261.61,91538.42,90856.62,90949.31,430.36932959
2025-11-27 06:00:00,1764223200000,90949.31,91430.2,90949.31,91222.94,245.51666703
2025-11-27 07:00:00,1764226800000,91222.94,91493.13,91118.0,91396.51,193.76310648
2025-11-27 08:00:00,1764230400000,91396.51,91516.26,91203.65,91482.18,186.52582223
2025-11-27 09:00:00,1764234000000,91482.18,91925.4,91456.02,91552.05,295.79937197
2025-11-27 10:00:00,1764237600000,91551.6,91730.95,91300.0,91595.95,277.29549836
2025-11-27 11:00:00,1764241200000,91595.96,91607.01,91288.02,91364.45,184.54333349
2025-11-27 12:00:00,1764244800000,91364.44,91447.83,90927.18,90966.0,281.34115598
2025-11-27 13:00:00,1764248400000,90966.0,91062.23,90443.24,90836.62,377.78020168
2025-11-27 14:00:00,1764252000000,90836.62,90957.23,90561.54,90768.0,261.59354556
2025-11-27 15:00:00,1764255600000,90768.0,90975.0,90595.47,90947.07,355.63840135
2025-11-27 16:00:00,1764259200000,90940.77,91549.03,90836.04,91448.02,456.07465096
2025-11-27 17:00:00,1764262800000,91448.02,91628.79,91292.61,91462.07,334.79684701
2025-11-27 18:00:00,1764266400000,91462.07,91826.56,91325.3,91774.02,343.46542546
2025-11-27 19:00:00,1764270000000,91774.01,91774.01,91501.0,91521.61,287.04447643
2025-11-27 20:00:00,1764273600000,91521.6,91589.2,91389.73,91426.21,270.6760167
2025-11-27 21:00:00,1764277200000,91426.22,91583.5,91204.56,91420.43,152.82893289
2025-11-27 22:00:00,1764280800000,91420.39,91582.77,91061.1,91309.88,106.57837252
2025-11-27 23:00:00,1764284400000,91314.6,91550.0,91198.65,91316.7,126.23029016
2025-11-28 00:00:00,1764288000000,91316.7,91398.36,91052.78,91192.07,175.56379416
2025-11-28 01:00:00,1764291600000,91192.07,91192.09,90771.84,90771.87,292.42011561
2025-11-28 02:00:00,1764295200000,90771.87,91139.17,90600.01,91059.27,314.60345768
2025-11-28 03:00:00,1764298800000,91059.27,91287.32,90977.1,91187.99,166.66130022
2025-11-28 04:00:00,1764302400000,91187.99,91471.31,91098.32,91405.01,154.79584254
2025-11-28 05:00:00,1764306000000,91405.01,91699.81,91285.74,91598.74,233.75869011
2025-11-28 06:00:00,1764309600000,91598.74,91598.74,91142.82,91286.85,197.50116709
2025-11-28 07:00:00,1764313200000,91286.84,91550.54,90841.0,90887.4,249.54326873
2025-11-28 08:00:00,1764316800000,90887.4,91702.02,90885.55,91680.2,262.36332165
2025-11-28 09:00:00,1764320400000,91676.09,91832.28,91424.07,91596.03,232.40794319
2025-11-28 10:00:00,1764324000000,91596.02,91850.0,91467.88,91828.68,170.33637359
2025-11-28 11:00:00,1764327600000,91831.98,91999.0,91042.03,91420.04,271.02698409
2025-11-28 12:00:00,1764331200000,91420.0,91705.6,91353.94,91504.07,185.86492486
2025-11-28 13:00:00,1764334800000,91506.82,92625.0,91364.0,92367.85,514.81170058
2025-11-28 14:00:00,1764338400000,92367.85,93161.86,91802.1,92250.11,1300.86385223
2025-11-28 15:00:00,1764342000000,92250.1,92804.68,91996.5,92366.58,967.84447149
2025-11-28 16:00:00,1764345600000,92366.58,92392.6,90870.0,90936.73,677.87228723
2025-11-28 17:00:00,1764349200000,90940.43,91212.7,90220.5,90673.19,889.34263132
2025-11-28 18:00:00,1764352800000,90685.94,90976.0,90426.4,90846.1,669.93491226
2025-11-28 19:00:00,1764356400000,90840.88,91216.79,90833.51,91158.85,569.60084927
2025-11-28 20:00:00,1764360000000,91158.85,91247.18,90876.52,91222.03,458.95637757
2025-11-28 21:00:00,1764363600000,91222.03,91272.46,90901.1,90903.27,277.17642954
2025-11-28 22:00:00,1764367200000,90903.28,91172.97,90704.16,91126.6,232.9812584
2025-11-28 23:00:00,1764370800000,91126.6,91224.99,90895.35,90902.7,114.13866476
2025-11-29 00:00:00,1764374400000,90902.69,90988.0,90787.79,90901.99,113.93965763
2025-11-29 01:00:00,1764378000000,90901.99,91134.8,90810.23,90889.99,101.00630244
2025-11-29 02:00:00,1764381600000,90893.68,90968.99,90549.87,90810.91,198.66044967
2025-11-29 03:00:00,1764385200000,90810.92,90888.21,90671.5,90683.0,102.82700376
2025-11-29 04:00:00,1764388800000,90683.01,90926.73,90560.8,90913.19,71.77164603
2025-11-29 05:00:00,1764392400000,90913.2,90936.11,90734.9,90757.7,68.91979084
2025-11-29 06:00:00,1764396000000,90757.7,90842.16,90323.68,90573.14,212.59012588
2025-11-29 07:00:00,1764399600000,90573.13,90679.7,90376.31,90585.39,96.60731518
2025-11-29 08:00:00,1764403200000,90585.39,90753.5,90491.1,90645.14,153.72949865
2025-11-29 09:00:00,1764406800000,90655.09,90691.34,90509.86,90587.94,106.19273803
2025-11-29 10:00:00,1764410400000,90587.95,90681.81,90400.0,90581.31,102.72807282
2025-11-29 11:00:00,1764414000000,90581.3,90708.5,90482.91,90698.18,77.91686379
2025-11-29 12:00:00,1764417600000,90698.17,90845.65,90556.7,90640.56,93.47506668
2025-11-29 13:00:00,1764421200000,90640.56,90855.41,90618.21,90814.91,96.44709931
2025-11-29 14:00:00,1764424800000,90814.91,90814.91,90640.86,90650.38,92.69935288
2025-11-29 15:00:00,1764428400000,90650.38,91147.22,90650.37,91100.0,165.12599371
2025-11-29 16:00:00,1764432000000,91100.0,91199.99,90887.34,91029.58,155.97563288
2025-11-29 17:00:00,1764435600000,91029.6,91054.0,90449.28,90456.03,204.60236124
2025-11-29 18:00:00,1764439200000,90454.01,90761.43,90200.0,90723.02,260.01291717
2025-11-29 19:00:00,1764442800000,90723.02,90880.92,90621.4,90676.53,118.53920154
2025-11-29 20:00:00,1764446400000,90668.71,91071.58,90428.65,90986.94,180.13311104
2025-11-29 21:00:00,1764450000000,90986.95,91082.8,90831.79,91034.03,156.25779675
2025-11-29 22:00:00,1764453600000,91034.04,91034.04,90728.91,90773.73,135.03293508
2025-11-29 23:00:00,1764457200000,90773.73,90919.3,90713.69,90828.06,78.39350731
2025-11-30 00:00:00,1764460800000,90829.68,90966.32,90782.45,90914.65,69.2874983
2025-11-30 01:00:00,1764464400000,90914.65,91090.18,90886.0,90929.59,73.44745289
2025-11-30 02:00:00,1764468000000,90929.6,91056.9,90773.42,90812.93,83.3829364
2025-11-30 03:00:00,1764471600000,90814.99,90952.95,90480.01,90935.44,92.97574546
2025-11-30 04:00:00,1764475200000,90935.44,90997.1,90814.3,90876.5,48.52120314
2025-11-30 05:00:00,1764478800000,90873.22,90873.22,90690.06,90802.88,50.20664527
2025-11-30 06:00:00,1764482400000,90801.99,90962.04,90730.01,90910.57,32.97519853
2025-11-30 07:00:00,1764486000000,90910.57,91060.29,90872.86,90988.11,75.27705588
2025-11-30 08:00:00,1764489600000,90988.11,91443.18,90950.7,91194.96,173.54803544
2025-11-30 09:00:00,1764493200000,91199.5,91644.4,91143.01,91411.32,205.84054733
2025-11-30 10:00:00,1764496800000,91409.88,91472.01,91205.67,91241.1,71.8416731
2025-11-30 11:00:00,1764500400000,91241.11,91419.99,90983.71,91059.38,110.05678546
2025-11-30 12:00:00,1764504000000,91059.38,91556.59,91013.87,91485.87,134.17097954
2025-11-30 13:00:00,1764507600000,91484.96,91980.8,91410.01,91781.88,165.68365165
2025-11-30 14:00:00,1764511200000,91781.88,91801.99,91265.99,91499.72,246.00870074
2025-11-30 15:00:00,1764514800000,91499.7,91627.5,91321.08,91455.99,172.23357208
2025-11-30 16:00:00,1764518400000,91454.61,91886.12,91417.72,91844.11,131.4266661
2025-11-30 17:00:00,1764522000000,91844.1,91850.0,91298.95,91497.65,205.54513889
2025-11-30 18:00:00,1764525600000,91497.65,91497.65,91167.61,91464.01,161.48144526
2025-11-30 19:00:00,1764529200000,91464.02,91499.69,91290.0,91466.34,142.73064359
2025-11-30 20:00:00,1764532800000,91466.35,91625.54,91188.25,91319.34,155.9235763
2025-11-30 21:00:00,1764536400000,91319.33,91339.8,90909.65,91180.0,230.63839405
2025-11-30 22:00:00,1764540000000,91180.09,91349.05,91050.0,91224.83,125.47223178
2025-11-30 23:00:00,1764543600000,91224.82,91259.16,90353.96,90369.51,554.80979566
2025-12-01 00:00:00,1764547200000,90364.0,90433.7,86974.5,87002.03,1664.98829586
2025-12-01 01:00:00,1764550800000,87003.99,87772.34,86941.58,87178.31,747.63034958
2025-12-01 02:00:00,1764554400000,87178.31,87507.9,86470.13,86726.9,917.12382466
2025-12-01 03:00:00,1764558000000,86726.91,86817.22,86161.32,86349.27,668.92487025
2025-12-01 04:00:00,1764561600000,86349.26,86350.09,85690.0,85797.99,540.68458999
2025-12-01 05:00:00,1764565200000,85797.99,86011.18,85595.76,85998.86,414.29302211
2025-12-01 06:00:00,1764568800000,85998.85,86352.44,85973.06,86232.65,383.76635499
2025-12-01 07:00:00,1764572400000,86232.25,86561.39,86047.3,86539.21,303.93189747
2025-12-01 08:00:00,1764576000000,86534.6,86892.41,86382.91,86857.98,276.16371957
2025-12-01 09:00:00,1764579600000,86857.98,86929.19,86513.41,86697.01,284.46999179
2025-12-01 10:00:00,1764583200000,86691.61,86810.4,86536.04,86632.21,184.584325
2025-12-01 11:00:00,1764586800000,86632.76,86689.64,86114.0,86119.98,289.63302112
2025-12-01 12:00:00,1764590400000,86121.98,86205.6,84722.69,85407.03,790.79441941
2025-12-01 13:00:00,1764594000000,85402.74,86129.79,85326.01,85970.5,639.6136682
2025-12-01 14:00:00,1764597600000,85970.23,86666.67,85856.54,86047.49,954.43296228
2025-12-01 15:00:00,1764601200000,86047.5,86121.14,83800.0,84668.05,1655.96076309
2025-12-01 16:00:00,1764604800000,84668.05,85436.41,84026.0,84549.85,1173.87098122
2025-12-01 17:00:00,1764608400000,84553.69,85261.04,84444.01,84942.55,750.07086782
2025-12-01 18:00:00,1764612000000,84946.39,85546.56,84706.01,85188.98,811.75189458
2025-12-01 19:00:00,1764615600000,85188.98,85289.79,84590.82,85022.14,569.58752692
2025-12-01 20:00:00,1764619200000,85021.56,85849.97,84996.54,85511.18,988.09665687
2025-12-01 21:00:00,1764622800000,85515.29,86497.95,85492.0,86440.01,821.66751876
2025-12-01 22:00:00,1764626400000,86440.0,86877.82,86299.16,86590.35,428.93035795
2025-12-01 23:00:00,1764630000000,86590.36,86848.0,86248.01,86282.36,403.39003828
2025-12-02 00:00:00,1764633600000,86282.35,86673.8,86181.38,86514.01,387.27850163
2025-12-02 01:00:00,1764637200000,86514.0,87360.0,86385.63,86449.52,518.05552191
2025-12-02 02:00:00,1764640800000,86449.52,86851.75,86263.71,86540.33,431.19928823
2025-12-02 03:00:00,1764644400000,86540.32,87084.84,86204.29,86978.43,418.62972225
2025-12-02 04:00:00,1764648000000,86977.8,87290.99,86901.04,86974.9,293.74971669
2025-12-02 05:00:00,1764651600000,86974.9,87123.76,86819.93,87010.0,195.65478551
2025-12-02 06:00:00,1764655200000,87009.99,87179.57,86857.0,87087.02,184.6996636
2025-12-02 07:00:00,1764658800000,87087.02,87118.74,86886.81,87013.33,142.58201114
2025-12-02 08:00:00,1764662400000,87013.32,87057.81,86350.0,86470.32,330.13956147
2025-12-02 09:00:00,1764666000000,86470.88,86994.12,86447.34,86762.92,219.9125202
2025-12-02 10:00:00,1764669600000,86762.91,87594.23,86750.87,87272.0,324.43613058
2025-12-02 11:00:00,1764673200000,87271.59,87604.85,86993.73,87375.2,345.61989986
2025-12-02 12:00:00,1764676800000,87375.21,87558.87,87201.24,87272.0,395.2841081
2025-12-02 13:00:00,1764680400000,87270.03,87884.9,87042.0,87733.17,617.39112981
2025-12-02 14:00:00,1764684000000,87733.16,89287.4,87601.81,89286.94,1143.6861281
2025-12-02 15:00:00,1764687600000,89286.94,91199.99,89274.04,90854.04,1454.53742668
2025-12-02 16:00:00,1764691200000,90854.04,91299.99,90214.75,90769.31,1220.67298336
2025-12-02 17:00:00,1764694800000,90769.31,92029.07,90747.58,91481.98,1043.09362704
2025-12-02 18:00:00,1764698400000,91481.98,92254.77,91388.85,91973.01,818.36837149
2025-12-02 19:00:00,1764702000000,91973.01,92342.0,91880.01,91920.76,524.44355159
2025-12-02 20:00:00,1764705600000,91920.76,91967.46,90740.49,91070.79,1164.07404395
2025-12-02 21:00:00,1764709200000,91063.29,91673.27,90990.0,91600.19,470.69126071
2025-12-02 22:00:00,1764712800000,91597.23,92027.91,91536.15,92000.45,299.04628604
2025-12-02 23:00:00,1764716400000,92007.99,92027.99,91270.23,91308.05,219.61075754
2025-12-03 00:00:00,1764720000000,91308.05,91783.47,91024.47,91684.58,244.40433769
2025-12-03 01:00:00,1764723600000,91684.59,92499.0,91482.26,92268.9,378.95500644
2025-12-03 02:00:00,1764727200000,92268.89,93060.0,92174.71,92824.0,541.33508418
2025-12-03 03:00:00,1764730800000,92828.11,93100.0,92600.0,92644.18,278.1546562
2025-12-03 04:00:00,1764734400000,92644.18,93485.3,92633.0,93376.01,520.66790828
2025-12-03 05:00:00,1764738000000,93361.63,93685.19,93130.2,93658.47,466.43293486
2025-12-03 06:00:00,1764741600000,93658.48,93978.53,93140.16,93464.03,414.08538437
2025-12-03 07:00:00,1764745200000,93460.03,93492.9,92885.93,93026.22,269.1767679
2025-12-03 08:00:00,1764748800000,93026.04,93211.69,92690.55,92789.54,184.19570395
2025-12-03 09:00:00,1764752400000,92789.54,93251.35,92725.29,93198.08,180.53118992
2025-12-03 10:00:00,1764756000000,93200.01,93412.48,92880.04,92961.36,205.21700935
2025-12-03 11:00:00,1764759600000,92961.37,93086.9,92687.54,93022.75,174.13256864
2025-12-03 12:00:00,1764763200000,93022.74,93130.49,92702.46,92958.01,283.60976466
2025-12-03 13:00:00,1764766800000,92958.01,93292.79,92900.0,93157.05,371.57697103
2025-12-03 14:00:00,1764770400000,93157.05,93716.63,91702.36,92400.0,1299.06416555
2025-12-03 15:00:00,1764774000000,92394.84,93015.89,91928.84,92393.47,588.48231502
2025-12-03 16:00:00,1764777600000,92393.47,92766.36,91795.12,92258.04,352.67672471
2025-12-03 17:00:00,1764781200000,92258.85,93072.01,92209.91,92981.71,400.99917272
2025-12-03 18:00:00,1764784800000,92981.71,93536.87,92375.0,92628.18,547.90609535
2025-12-03 19:00:00,1764788400000,92630.5,93121.99,92544.32,93045.99,343.89242979
2025-12-03 20:00:00,1764792000000,93048.42,93414.94,92830.49,92991.75,461.0563756
2025-12-03 21:00:00,1764795600000,92991.74,93806.99,92868.01,93716.04,403.30125108
2025-12-03 22:00:00,1764799200000,93717.38,94181.41,93318.93,93798.43,381.02437635
2025-12-03 23:00:00,1764802800000,93802.0,94116.0,93400.99,93453.84,451.10397317
2025-12-04 00:00:00,1764806400000,93452.02,93505.38,92686.58,93075.91,485.20328555
2025-12-04 01:00:00,1764810000000,93075.46,93772.68,92994.05,93210.0,272.67927069
2025-12-04 02:00:00,1764813600000,93210.0,94074.41,93141.01,93950.03,271.93363954
2025-12-04 03:00:00,1764817200000,93950.03,94087.05,93400.03,93552.18,172.5620726
2025-12-04 04:00:00,1764820800000,93552.18,93600.29,93232.5,93377.02,163.89992247
2025-12-04 05:00:00,1764824400000,93377.01,93393.41,92764.49,92987.78,186.73203403
2025-12-04 06:00:00,1764828000000,92987.79,93393.38,92853.11,93158.03,144.95626531
2025-12-04 07:00:00,1764831600000,93158.03,93436.49,92902.0,93406.33,142.11136477
2025-12-04 08:00:00,1764835200000,93406.33,93620.21,93055.78,93278.36,73.63619117
2025-12-04 09:00:00,1764838800000,93278.37,93641.58,93232.99,93470.02,122.48093813
2025-12-04 10:00:00,1764842400000,93470.02,93587.09,93172.48,93278.5,118.91658499
2025-12-04 11:00:00,1764846000000,93281.36,93330.74,92746.87,92952.84,135.64340648
2025-12-04 12:00:00,1764849600000,92952.84,93212.41,92786.21,93004.0,117.49744133
2025-12-04 13:00:00,1764853200000,93000.4,93074.86,92430.05,92525.48,332.86653988
2025-12-04 14:00:00,1764856800000,92525.48,92868.22,91800.0,91903.99,373.42441849
2025-12-04 15:00:00,1764860400000,91903.99,93291.02,91889.97,92992.0,437.75384746
2025-12-04 16:00:00,1764864000000,92991.99,93222.18,92290.82,92459.17,438.05122548
2025-12-04 17:00:00,1764867600000,92459.16,92574.0,91771.0,92453.43,430.3190483
2025-12-04 18:00:00,1764871200000,92449.36,92600.72,91979.12,92162.08,305.50315093
2025-12-04 19:00:00,1764874800000,92163.96,92209.43,90904.73,92003.65,641.03411619
2025-12-04 20:00:00,1764878400000,91993.78,92576.0,91701.01,92523.07,347.33060052
2025-12-04 21:00:00,1764882000000,92517.87,92748.52,92100.57,92176.35,254.22716264
2025-12-04 22:00:00,1764885600000,92182.72,92522.05,92164.68,92355.64,118.61248598
2025-12-04 23:00:00,1764889200000,92355.87,92496.62,92078.54,92093.54,110.83206004
2025-12-05 00:00:00,1764892800000,92093.7,92500.0,92080.16,92318.01,151.20299299
2025-12-05 01:00:00,1764896400000,92318.01,92637.5,92246.69,92383.04,125.11058612
2025-12-05 02:00:00,1764900000000,92383.04,92716.42,92270.67,92534.44,180.17934092
2025-12-05 03:00:00,1764903600000,92534.43,92695.68,91983.92,92168.16,173.15022908
2025-12-05 04:00:00,1764907200000,92168.26,92419.99,91827.0,92046.89,213.62759293
2025-12-05 05:00:00,1764910800000,92046.9,92232.0,91893.92,91962.46,137.62814912
2025-12-05 06:00:00,1764914400000,91963.99,92314.58,91925.19,92308.45,93.24935731
2025-12-05 07:00:00,1764918000000,92306.77,92533.29,92210.45,92287.6,257.98651762
2025-12-05 08:00:00,1764921600000,92285.99,92286.0,91929.46,92117.94,119.3492204
2025-12-05 09:00:00,1764925200000,92117.95,92138.88,91000.0,91154.02,282.93411034
2025-12-05 10:00:00,1764928800000,91149.99,91530.02,91109.57,91304.03,166.85652564
2025-12-05 11:00:00,1764932400000,91312.64,91592.48,91150.0,91371.57,77.26779729
2025-12-05 12:00:00,1764936000000,91371.57,91456.03,91100.0,91266.28,98.63203184
2025-12-05 13:00:00,1764939600000,91261.09,91390.61,90242.64,90491.88,496.1216629
2025-12-05 14:00:00,1764943200000,90491.92,90784.0,89927.0,90309.13,838.26012864
2025-12-05 15:00:00,1764946800000,90309.13,91488.2,88303.41,90478.42,1285.23581721
2025-12-05 16:00:00,1764950400000,90468.89,90524.14,88099.05,88840.0,1166.56765686
2025-12-05 17:00:00,1764954000000,88839.99,89553.26,88639.23,89360.12,582.87873575
2025-12-05 18:00:00,1764957600000,89358.14,89850.0,88923.0,88971.52,503.91149986
2025-12-05 19:00:00,1764961200000,88974.41,89844.4,88828.47,89660.05,352.94089286
2025-12-05 20:00:00,1764964800000,89661.31,89782.0,89210.63,89321.7,348.28109668
2025-12-05 21:00:00,1764968400000,89334.92,89520.25,89104.95,89206.85,219.64700773
2025-12-05 22:00:00,1764972000000,89209.41,89400.0,88928.77,89260.61,261.51135428
2025-12-05 23:00:00,1764975600000,89263.97,89400.0,88956.05,89345.29,178.41153158
2025-12-06 00:00:00,1764979200000,89345.29,89477.98,89047.51,89428.2,172.79697694
2025-12-06 01:00:00,1764982800000,89428.2,89500.0,89212.85,89336.8,136.75239599
2025-12-06 02:00:00,1764986400000,89341.04,89428.13,89179.92,89400.41,119.73059881
2025-12-06 03:00:00,1764990000000,89400.4,89829.99,89400.4,89699.99,123.92820647
2025-12-06 04:00:00,1764993600000,89701.44,89732.83,89490.83,89670.38,109.68189491
2025-12-06 05:00:00,1764997200000,89670.38,89752.31,89536.94,89617.76,83.80864455
2025-12-06 06:00:00,1765000800000,89617.75,89782.0,89534.27,89710.06,89.81065643
2025-12-06 07:00:00,1765004400000,89710.07,89740.0,89477.97,89602.89,120.36606842
2025-12-06 08:00:00,1765008000000,89612.4,89665.43,89174.7,89301.94,158.06461206
2025-12-06 09:00:00,1765011600000,89301.94,89690.2,89270.61,89593.81,100.82550628
2025-12-06 10:00:00,1765015200000,89595.43,89710.69,89472.48,89524.44,47.65083096
2025-12-06 11:00:00,1765018800000,89524.44,89743.44,89504.6,89646.44,70.96558702
2025-12-06 12:00:00,1765022400000,89646.44,89680.24,89579.2,89597.08,68.8936283
2025-12-06 13:00:00,1765026000000,89597.08,89800.0,89590.01,89682.85,105.50295034
2025-12-06 14:00:00,1765029600000,89682.84,90296.32,89661.3,90020.34,251.54801007
2025-12-06 15:00:00,1765033200000,90020.35,90060.79,89506.0,89778.85,201.35752502
2025-12-06 16:00:00,1765036800000,89778.85,90010.4,89659.98,89737.37,142.25923164
2025-12-06 17:00:00,1765040400000,89737.37,89862.94,89623.66,89734.07,113.55908171
2025-12-06 18:00:00,1765044000000,89745.32,89817.07,89548.82,89675.01,78.00992641
2025-12-06 19:00:00,1765047600000,89675.01,89783.82,89256.07,89427.99,210.96907398
2025-12-06 20:00:00,1765051200000,89431.98,89591.19,89330.0,89565.85,104.41766411
2025-12-06 21:00:00,1765054800000,89565.82,89648.57,89406.72,89438.38,102.24497818
2025-12-06 22:00:00,1765058400000,89438.81,89553.04,89256.0,89307.28,127.47163672
2025-12-06 23:00:00,1765062000000,89307.64,89364.0,88932.0,89267.97,176.55291681
2025-12-07 00:00:00,1765065600000,89262.8,89582.72,89161.27,89412.7,99.30261887
2025-12-07 01:00:00,1765069200000,89412.7,89601.8,89295.32,89306.06,105.37838427
2025-12-07 02:00:00,1765072800000,89306.06,89708.33,89306.05,89633.6,62.07657026
2025-12-07 03:00:00,1765076400000,89631.04,89786.97,89557.21,89746.99,63.28725504
2025-12-07 04:00:00,1765080000000,89746.98,89811.68,89500.0,89555.13,84.08390532
2025-12-07 05:00:00,1765083600000,89555.12,89582.6,89430.99,89521.94,55.82747325
2025-12-07 06:00:00,1765087200000,89521.93,89726.17,89497.6,89718.08,41.65071353
2025-12-07 07:00:00,1765090800000,89718.83,89752.15,89213.84,89385.25,78.86177359
2025-12-07 08:00:00,1765094400000,89386.47,89546.06,89200.0,89322.39,91.94512296
2025-12-07 09:00:00,1765098000000,89324.84,89419.05,89028.03,89119.57,87.97454522
2025-12-07 10:00:00,1765101600000,89119.56,89413.3,89113.11,89252.14,78.39261226
2025-12-07 11:00:00,1765105200000,89252.14,89298.29,89155.75,89165.9,43.95939057
2025-12-07 12:00:00,1765108800000,89165.9,89601.26,89127.3,89490.03,53.39599061
2025-12-07 13:00:00,1765112400000,89490.04,89536.0,88621.07,89056.97,166.49642516
2025-12-07 14:00:00,1765116000000,89060.87,89124.8,87733.18,88239.13,383.75528201
2025-12-07 15:00:00,1765119600000,88234.4,89736.54,88178.0,89552.0,329.0971466
2025-12-07 16:00:00,1765123200000,89556.13,89900.0,89123.38,89889.95,159.01208747
2025-12-07 17:00:00,1765126800000,89897.97,91292.0,89625.99,90961.84,497.98019924
2025-12-07 18:00:00,1765130400000,90961.84,91779.99,90961.84,91378.37,311.90954139
2025-12-07 19:00:00,1765134000000,91378.37,91570.89,91227.84,91435.57,167.38710679
2025-12-07 20:00:00,1765137600000,91435.57,91534.51,91304.86,91446.28,121.86277381
2025-12-07 21:00:00,1765141200000,91454.22,91457.6,89847.0,90230.01,353.39067543
2025-12-07 22:00:00,1765144800000,90230.01,90270.0,88964.34,89608.16,364.8457981
2025-12-07 23:00:00,1765148400000,89609.19,90490.08,89510.0,90402.29,268.70357966
2025-12-08 00:00:00,1765152000000,90402.3,90600.0,89865.0,90360.81,260.05445473
2025-12-08 01:00:00,1765155600000,90360.01,91730.38,90310.0,90921.13,349.68906954
2025-12-08 02:00:00,1765159200000,90921.96,91458.15,90816.0,91373.24,220.09356774
2025-12-08 03:00:00,1765162800000,91373.24,91439.69,90987.14,91085.51,140.42083475
2025-12-08 04:00:00,1765166400000,91084.22,91496.75,91032.8,91298.02,111.61041032
2025-12-08 05:00:00,1765170000000,91298.02,91451.99,91037.04,91333.64,102.07798348
2025-12-08 06:00:00,1765173600000,91333.64,91660.0,91244.81,91469.99,159.73637411
2025-12-08 07:00:00,1765177200000,91469.64,91893.15,91358.0,91571.36,211.05312283
2025-12-08 08:00:00,1765180800000,91571.27,91956.0,91482.26,91842.29,117.04559259
2025-12-08 09:00:00,1765184400000,91842.96,92291.96,91799.31,91920.96,224.94523983
2025-12-08 10:00:00,1765188000000,91921.75,92233.52,91825.89,92136.99,135.32438923
2025-12-08 11:00:00,1765191600000,92136.99,92201.17,91863.03,91980.87,111.48107422
2025-12-08 12:00:00,1765195200000,91980.86,92018.55,91675.71,91776.12,169.73451612
2025-12-08 13:00:00,1765198800000,91776.02,92146.09,91337.32,91464.37,200.40257352
2025-12-08 14:00:00,1765202400000,91457.99,91783.82,90758.03,90843.04,580.08423316
2025-12-08 15:00:00,1765206000000,90853.99,91000.8,89599.0,89972.0,728.84838981
2025-12-08 16:00:00,1765209600000,89966.01,90493.99,89678.23,89982.34,510.839126
2025-12-08 17:00:00,1765213200000,89982.33,90364.59,89700.94,90263.74,471.74528386
2025-12-08 18:00:00,1765216800000,90263.73,90533.23,89725.21,89926.61,414.20870717
2025-12-08 19:00:00,1765220400000,89926.01,90399.99,89861.56,90130.76,197.27937013
2025-12-08 20:00:00,1765224000000,90130.77,90939.09,90130.77,90813.85,523.20655974
2025-12-08 21:00:00,1765227600000,90813.84,91404.94,90681.15,91319.0,298.95740353
2025-12-08 22:00:00,1765231200000,91319.0,91391.69,90732.49,90839.76,162.09529009
2025-12-08 23:00:00,1765234800000,90839.76,91033.54,90394.49,90653.86,261.05418381
2025-12-09 00:00:00,1765238400000,90653.86,90871.24,90361.53,90402.19,163.54819595
2025-12-09 01:00:00,1765242000000,90402.19,90604.97,89979.61,90076.1,232.51705843
2025-12-09 02:00:00,1765245600000,90076.11,90390.79,89987.66,90081.99,181.02623079
2025-12-09 03:00:00,1765249200000,90085.52,90473.31,89816.6,90421.79,443.03583628
2025-12-09 04:00:00,1765252800000,90428.56,90531.34,89736.02,89929.88,235.31623042
2025-12-09 05:00:00,1765256400000,89928.65,90221.53,89537.55,89911.61,306.32018916
2025-12-09 06:00:00,1765260000000,89913.57,90240.0,89778.0,90170.01,139.62557655
2025-12-09 07:00:00,1765263600000,90175.95,90540.11,90082.6,90498.96,104.65645206
2025-12-09 08:00:00,1765267200000,90502.92,90620.17,90369.4,90499.95,108.78962852
2025-12-09 09:00:00,1765270800000,90499.99,90511.2,90134.23,90144.02,88.86954383
2025-12-09 10:00:00,1765274400000,90144.02,90352.94,89913.5,90300.75,88.37637586
2025-12-09 11:00:00,1765278000000,90300.75,90418.47,90142.93,90397.72,71.42040884
2025-12-09 12:00:00,1765281600000,90396.14,90698.56,90326.0,90587.92,108.55485123
2025-12-09 13:00:00,1765285200000,90587.91,90849.08,90162.55,90435.48,229.52074984
2025-12-09 14:00:00,1765288800000,90435.49,90634.76,90007.13,90363.79,304.20256849
2025-12-09 15:00:00,1765292400000,90364.0,92888.88,90281.8,92722.04,1072.3825877
2025-12-09 16:00:00,1765296000000,92709.99,94499.0,92688.13,94204.69,1712.60649452
2025-12-09 17:00:00,1765299600000,94204.7,94640.66,93547.19,93935.61,1505.16023072
2025-12-09 18:00:00,1765303200000,93940.38,94206.33,93674.0,93949.98,772.42937266
2025-12-09 19:00:00,1765306800000,93946.02,94250.0,93673.26,93821.52,463.0447742
2025-12-09 20:00:00,1765310400000,93821.98,93867.69,92775.02,93136.46,535.34886729
2025-12-09 21:00:00,1765314000000,93133.76,93260.0,92318.0,92357.99,377.31778864
